<?xml version="1.0" encoding="UTF-8"?>

<fontFamilies>

	<fontFamily name="DejaVu Sans">
		<normal>net/sf/jasperreports/fonts/dejavu/DejaVuSans.ttf</normal>
		<bold>net/sf/jasperreports/fonts/dejavu/DejaVuSans-Bold.ttf</bold>
		<italic>net/sf/jasperreports/fonts/dejavu/DejaVuSans-Oblique.ttf</italic>
		<boldItalic>net/sf/jasperreports/fonts/dejavu/DejaVuSans-BoldOblique.ttf</boldItalic>
		<pdfEncoding>Identity-H</pdfEncoding>
		<pdfEmbedded>true</pdfEmbedded>
		<exportFonts>
			<export key="net.sf.jasperreports.html">'DejaVu Sans', Arial, Helvetica, sans-serif</export>
		</exportFonts>
		<!--
		<locales>
			<locale>en_US</locale>
			<locale>de_DE</locale>
		</locales>
		-->
	</fontFamily>

	<fontFamily name="DejaVu Serif">
		<normal>net/sf/jasperreports/fonts/dejavu/DejaVuSerif.ttf</normal>
		<bold>net/sf/jasperreports/fonts/dejavu/DejaVuSerif-Bold.ttf</bold>
		<italic>net/sf/jasperreports/fonts/dejavu/DejaVuSerif-Italic.ttf</italic>
		<boldItalic>net/sf/jasperreports/fonts/dejavu/DejaVuSerif-BoldItalic.ttf</boldItalic>
		<pdfEncoding>Identity-H</pdfEncoding>
		<pdfEmbedded>true</pdfEmbedded>
		<exportFonts>
			<export key="net.sf.jasperreports.html">'DejaVu Serif', 'Times New Roman', Times, serif</export>
		</exportFonts>
	</fontFamily>

	<fontFamily name="DejaVu Sans Mono">
		<normal>net/sf/jasperreports/fonts/dejavu/DejaVuSansMono.ttf</normal>
		<bold>net/sf/jasperreports/fonts/dejavu/DejaVuSansMono-Bold.ttf</bold>
		<italic>net/sf/jasperreports/fonts/dejavu/DejaVuSansMono-Oblique.ttf</italic>
		<boldItalic>net/sf/jasperreports/fonts/dejavu/DejaVuSansMono-BoldOblique.ttf</boldItalic>
		<pdfEncoding>Identity-H</pdfEncoding>
		<pdfEmbedded>true</pdfEmbedded>
		<exportFonts>
			<export key="net.sf.jasperreports.html">'DejaVu Sans Mono', 'Courier New', Courier, monospace</export>
		</exportFonts>
	</fontFamily>

	<!--
		Mapping Java logical fonts, for the sake of HTML export only.
	-->
	
	<fontFamily name="SansSerif">
		<exportFonts>
			<export key="net.sf.jasperreports.html">'DejaVu Sans', Arial, Helvetica, sans-serif</export>
		</exportFonts>
	</fontFamily>
	<fontFamily name="Serif">
		<exportFonts>
			<export key="net.sf.jasperreports.html">'DejaVu Serif', 'Times New Roman', Times, serif</export>
		</exportFonts>
	</fontFamily>
	<fontFamily name="Monospaced">
		<exportFonts>
			<export key="net.sf.jasperreports.html">'DejaVu Sans Mono', 'Courier New', Courier, monospace</export>
		</exportFonts>
	</fontFamily>

</fontFamilies>
