<?xml version="1.0" encoding="UTF-8"?><mdb archivo="">	<tablas>		<tabla nombre="Concepto">			<campos>			    <campo nombre="Codigo" tipo="4" longitud="1" posicion="0"/> <!-- Hay conceptos repetidos por lo que solo cogemos aquellos que tengan codigo hex 41 (dec 65)-->				<campo nombre="COD_Concepto" tipo="4" longitud="2" posicion="2"/> <!-- Lectura invertida-->				<campo nombre="Descripcion" tipo="10" longitud="30" posicion="5"/>				<campo nombre="DescripcionRed" tipo="10" longitud="8"/>				<campo nombre="CuentaContableDebe" tipo="10" longitud="12"/>				<campo nombre="CuentaContableHaber" tipo="10" longitud="12"/>				<campo nombre="DebeHaber" tipo="10" longitud="1"/><!-- D, Debe. H, Haber-->				<campo nombre="HojaSalarioCasillas" tipo="4" longitud="1"/>				<campo nombre="HojaSalarioOficial95" tipo="4" longitud="2"/>				<campo nombre="TipoImporte" tipo="10" longitud="1"/> <!-- S=No monetario. N= monetario-->				<campo nombre="Convenio" tipo="10" longitud="1"/>				<campo nombre="PagaMensual" tipo="10" longitud="1"/>				<campo nombre="AftoAtrConvenio" tipo="10" longitud="1"/>				<campo nombre="PagaAnticipos" tipo="10" longitud="1"/>				<campo nombre="CobroVacaciones" tipo="10" longitud="1"/>				<campo nombre="SoloVacaciones" tipo="10" longitud="1"/>				<campo nombre="Especial" tipo="10" longitud="1"/><!-- Check invertido: S=No, N= Si-->				<campo nombre="CotizasinCobro" tipo="10" longitud="1"/>				<campo nombre="ProrrateoITEnfermedad" tipo="10" longitud="1"/>				<campo nombre="ProrrAbsenInjustif" tipo="10" longitud="1"/>				<campo nombre="ProrrateoTiempoParcial" tipo="10" longitud="1"/>				<campo nombre="ProrrateoDesempleoParcial" tipo="10" longitud="1"/>				<campo nombre="AftoCompITEnfermedad" tipo="10" longitud="1"/>				<campo nombre="AfectoComplementoBruto" tipo="10" longitud="1"/>				<campo nombre="AfectoComplementoLiquido" tipo="10" longitud="1"/>				<campo nombre="TributaIRPF" tipo="10" longitud="1"/>				<campo nombre="CptoEspecies" tipo="10" longitud="1"/>				<campo nombre="CptoIncentivos" tipo="10" longitud="1"/>				<campo nombre="PercepNotoriamenteIrregular" tipo="10" longitud="1"/>				<campo nombre="EmitirImporteUnidadesHS" tipo="10" longitud="1"/>				<campo nombre="ProrrateoITAccidentes" tipo="10" longitud="1"/>				<campo nombre="ProrrateoMatRiesgoEmbarazo" tipo="10" longitud="1"/>				<campo nombre="AftoCompITAccidente" tipo="10" longitud="1"/>				<campo nombre="AftoCompMatRiesgoEmbarazo" tipo="10" longitud="1"/>				<campo nombre="CptoEspeciesTrabajador" tipo="10" longitud="1"/><!--S=Trabajador, N= Empresa-->				<campo nombre="ProrrateoAltaBaja" tipo="10" longitud="1"/><!-- Check invertido: S=No, N= Si  OJO!!! no existe (null) en algunas entradas-->			</campos>		</tabla>		<tabla nombre="tabladeconceptos"> <!-- registro con distribucion distinta a conceptos en archivo NOMCOI0X.DAT. Pertenece a los botones "reservado", "IRPF", "Exentos" e "Inembargables" en las propiedades de la tabla de concepto -->			<campos>			  <campo nombre="Codigo" tipo="4" longitud="1" posicion="0"/> <!-- Hay conceptos repetidos por lo que solo cogemos aquellos que tengan codigo hex 41 (dec 65)-->				<campo nombre="COD_Concepto" tipo="4" longitud="2" posicion="2"/> <!-- Lectura invertida-->				<campo nombre="Descripcion" tipo="10" longitud="30" posicion="4"/>				<campo nombre="AntiguedadAutomatica" tipo="4" longitud="2"/>				<campo nombre="ACuentaConvenio1" tipo="4" longitud="2"/>				<campo nombre="ACuentaConvenio2" tipo="4" longitud="2"/>				<campo nombre="ACuentaConvenio3" tipo="4" longitud="2"/>				<campo nombre="ACuentaConvenio4" tipo="4" longitud="2"/>				<campo nombre="PartePropPagaExtra1" tipo="4" longitud="2"/>				<campo nombre="PartePropPagaExtra2" tipo="4" longitud="2"/>				<campo nombre="PartePropPagaExtra3" tipo="4" longitud="2"/>				<campo nombre="PartePropPagaExtra4" tipo="4" longitud="2"/>				<campo nombre="PartePropPagaExtra5" tipo="4" longitud="2"/>				<campo nombre="PartePropPagaExtra6" tipo="4" longitud="2"/>				<campo nombre="PartePropPagaExtra7" tipo="4" longitud="2"/>				<campo nombre="PartePropPagaExtra8" tipo="4" longitud="2"/>				<campo nombre="PartePropPagaExtra9" tipo="4" longitud="2"/>				<campo nombre="PartePropPagaExtra10" tipo="4" longitud="2"/>				<campo nombre="PartePropPagaExtra11" tipo="4" longitud="2"/>				<campo nombre="PartePropPagaExtra12" tipo="4" longitud="2"/>				<campo nombre="PartePropVacaciones" tipo="4" longitud="2"/>				<campo nombre="Indemnizacion" tipo="4" longitud="2"/>				<campo nombre="IndemnizacionEspecial" tipo="4" longitud="2"/>				<campo nombre="RestoHoras1" tipo="4" longitud="2"/>				<campo nombre="RestoHoras2" tipo="4" longitud="2"/>				<campo nombre="RestoHoras3" tipo="4" longitud="2"/>				<campo nombre="RestoHoras4" tipo="4" longitud="2"/>				<campo nombre="RestoHoras5" tipo="4" longitud="2"/>				<campo nombre="FuerzaMayor1" tipo="4" longitud="2"/>				<campo nombre="FuerzaMayor2" tipo="4" longitud="2"/>				<campo nombre="FuerzaMayor3" tipo="4" longitud="2"/>				<campo nombre="FuerzaMayor4" tipo="4" longitud="2"/>				<campo nombre="FuerzaMayor5" tipo="4" longitud="2"/>				<campo nombre="EnfermedadCgEmp" tipo="4" longitud="2"/>				<campo nombre="CargoSS" tipo="4" longitud="2"/>				<campo nombre="Accidente" tipo="4" longitud="2"/>				<campo nombre="DesempleoParcial" tipo="4" longitud="2"/>				<campo nombre="PagaExtraBeneficioMensual" tipo="4" longitud="2"/>				<campo nombre="CotizaATodoLiquido" tipo="4" longitud="2"/>				<campo nombre="TributaSoloIRPFLiquido" tipo="4" longitud="2"/>				<campo nombre="NoCotizaLiquido" tipo="4" longitud="2"/>				<campo nombre="CotizaATodoBruto" tipo="4" longitud="2"/>				<campo nombre="TributaSoloIRPFBruto" tipo="4" longitud="2"/>				<campo nombre="NoCotizaBruto" tipo="4" longitud="2"/>				<campo nombre="AccidenteEnfermedad" tipo="4" longitud="2"/>				<campo nombre="ACuentaConvenio" tipo="4" longitud="2"/>				<campo nombre="ConceptosEspecie" tipo="4" longitud="2"/>				<campo nombre="AbsenNoJustificado" tipo="4" longitud="2"/>				<campo nombre="PagaAnticipos" tipo="4" longitud="2"/>				<campo nombre="NominasNegativas" tipo="4" longitud="2" posicion="128"/>				<!-- Faltan las 3 de especies ingreso a cuenta, no las encuentro en el DAT-->				<campo nombre="HorasComplementarias1" tipo="4" longitud="2"/>				<campo nombre="HorasComplementarias2" tipo="4" longitud="2"/>				<campo nombre="HorasComplementarias3" tipo="4" longitud="2"/>				<campo nombre="HorasComplementarias4" tipo="4" longitud="2"/>				<campo nombre="HorasComplementarias5" tipo="4" longitud="2"/>				<campo nombre="HorasComplementarias6" tipo="4" longitud="2"/>				<campo nombre="HorasComplementarias7" tipo="4" longitud="2"/>				<campo nombre="HorasComplementarias8" tipo="4" longitud="2"/>				<campo nombre="HorasComplementarias9" tipo="4" longitud="2"/>				<campo nombre="HorasComplementarias10" tipo="4" longitud="2"/>				<campo nombre="PPConceptoACargoEmpresa" tipo="4" longitud="2"/>				<campo nombre="PPConceptoACargoTrabajador" tipo="4" longitud="2"/>				<campo nombre="AMConceptoACargoEmpresa" tipo="4" longitud="2"/>				<campo nombre="AMConceptoACargoTrabajador" tipo="4" longitud="2"/>				<campo nombre="SeguridadSocialAutonomos" tipo="4" longitud="2"/>				<campo nombre="CotizacionColegiosHuerfanos" tipo="4" longitud="2"/>				<campo nombre="PernoctaEnEspana1" tipo="4" longitud="2"/>				<campo nombre="PernoctaEnEspana2" tipo="4" longitud="2"/>				<campo nombre="PernoctaEnEspana3" tipo="4" longitud="2"/>				<campo nombre="PernoctaEnEstranjero1" tipo="4" longitud="2"/>				<campo nombre="PernoctaEnEstranjero2" tipo="4" longitud="2"/>				<campo nombre="PernoctaEnEstranjero3" tipo="4" longitud="2"/>				<campo nombre="NoPernoctaEnEspana1" tipo="4" longitud="2"/>				<campo nombre="NoPernoctaEnEspana2" tipo="4" longitud="2"/>				<campo nombre="NoPernoctaEnEspana3" tipo="4" longitud="2"/>				<campo nombre="NoPernoctaEnEstranjero1" tipo="4" longitud="2"/>				<campo nombre="NoPernoctaEnEstranjero2" tipo="4" longitud="2"/>				<campo nombre="NoPernoctaEnEstranjero3" tipo="4" longitud="2"/>				<campo nombre="GastosDeLocomocion1" tipo="4" longitud="2"/>				<campo nombre="GastosDeLocomocion2" tipo="4" longitud="2"/>				<campo nombre="GastosDeLocomocion3" tipo="4" longitud="2"/>				<campo nombre="PlusTransporte1" tipo="4" longitud="2"/>				<campo nombre="PlusTransporte2" tipo="4" longitud="2"/>				<campo nombre="PlusTransporte3" tipo="4" longitud="2"/>				<campo nombre="PlusTransporte4" tipo="4" longitud="2"/>				<campo nombre="PlusTransporte5" tipo="4" longitud="2"/>				<campo nombre="QuebMoneda1" tipo="4" longitud="2"/>				<campo nombre="QuebMoneda2" tipo="4" longitud="2"/>				<campo nombre="QuebMoneda3" tipo="4" longitud="2"/>				<campo nombre="QuebMoneda4" tipo="4" longitud="2"/>				<campo nombre="QuebMoneda5" tipo="4" longitud="2"/>				<campo nombre="Especies1" tipo="4" longitud="2"/>				<campo nombre="Especies2" tipo="4" longitud="2"/>				<campo nombre="Especies3" tipo="4" longitud="2"/>				<campo nombre="Especies4" tipo="4" longitud="2"/>				<campo nombre="Especies5" tipo="4" longitud="2"/>				<campo nombre="Inembargables1" tipo="4" longitud="2"/>				<campo nombre="Inembargables2" tipo="4" longitud="2"/>				<campo nombre="Inembargables3" tipo="4" longitud="2"/>				<campo nombre="Inembargables4" tipo="4" longitud="2"/>				<campo nombre="Inembargables5" tipo="4" longitud="2"/>				<campo nombre="Inembargables6" tipo="4" longitud="2"/>				<campo nombre="Inembargables7" tipo="4" longitud="2"/>				<campo nombre="Inembargables8" tipo="4" longitud="2"/>				<campo nombre="Inembargables9" tipo="4" longitud="2"/>				<campo nombre="Inembargables10" tipo="4" longitud="2"/>				<campo nombre="Inembargables11" tipo="4" longitud="2"/>				<campo nombre="Inembargables12" tipo="4" longitud="2"/>				<campo nombre="Inembargables13" tipo="4" longitud="2"/>				<campo nombre="Inembargables14" tipo="4" longitud="2"/>				<campo nombre="Inembargables15" tipo="4" longitud="2"/>				<campo nombre="Inembargables16" tipo="4" longitud="2"/>				<campo nombre="Inembargables17" tipo="4" longitud="2"/>				<campo nombre="Inembargables18" tipo="4" longitud="2"/>				<campo nombre="Inembargables19" tipo="4" longitud="2"/>				<campo nombre="Inembargables20" tipo="4" longitud="2"/>				<campo nombre="EPSV1" tipo="4" longitud="2"/>				<campo nombre="EPSV2" tipo="4" longitud="2"/>				<campo nombre="PlusTransporte6" tipo="4" longitud="2"/>				<campo nombre="PlusTransporte7" tipo="4" longitud="2"/>				<campo nombre="PlusTransporte8" tipo="4" longitud="2"/>				<campo nombre="PlusTransporte9" tipo="4" longitud="2"/>				<campo nombre="PlusTransporte10" tipo="4" longitud="2"/>				<campo nombre="PlusTransporte11" tipo="4" longitud="2"/>				<campo nombre="PlusTransporte12" tipo="4" longitud="2"/>				<campo nombre="PlusTransporte13" tipo="4" longitud="2"/>				<campo nombre="PlusTransporte14" tipo="4" longitud="2"/>				<campo nombre="PlusTransporte15" tipo="4" longitud="2"/>			</campos>		</tabla>	</tablas></mdb>