<?xml version="1.0" encoding="iso-8859-1"?>
<informe>
<config>
	<attr id="INIT" />
	<paper value="DIN-A4" />
	<cpi12 />
	<lpi6 />
</config>

<body>
<block id="1">
<pageheader>
<var id="19" /><tab pos="36" /><attr id="BOLD">RESUMEN FACTURAS <var id="20" /></attr><tab pos="91" />P�g: <sysvar id="pagenumber" format="##"/><br/>
__________________________________________________________________________________________________<br /><br/>
<tab pos="8" /><attr id="BOLD">Empresa     :   </attr><var id="16"/><br/>
<tab pos="8" /><attr id="BOLD">Actividad   :   </attr><var id="18"/><br/>
<tab pos="8" /><attr id="BOLD">Periodo     :   </attr><var id="17"/><br/>
__________________________________________________________________________________________________<br/><br/>
</pageheader>
<detail>
<cond id="2">
<br/>
<br/>
<tab pos="10" /><attr id="BOLD">Concepto de <var id="1"/></attr><tab pos="46" />Tipo<tab pos="53" />Base<tab pos="68" />Cuota<br/>
<tab pos="10" />-----------------------------------<tab pos="46" />------<tab pos="53" />--------------<tab pos="68" />--------------<br/>
</cond>
<block id="3">
<detail>
<tab pos="10" /><var id="2" width="35"/><tab pos="46" /><var id="3"/><tab pos="53" /><var id="4"/><tab pos="68" /><var id="5"/><br/>
</detail>
</block>
<cond id="4">
<tab pos="53" />==============<tab pos="68" />==============<br/>
<tab pos="53" /><attr id="BOLD"><var id="10"/><tab pos="68" /><var id="11"/></attr><br/><br/><br/>
</cond>
<cond id="5">
<page/>
</cond>
</detail>
</block>
</body>
<excel>
<block id="1">
<blockheader>
&lt;resumenex&gt;
    &lt;empresa&gt;<var id="16"/>&lt;/empresa&gt;
    &lt;periodo&gt;<var id="17"/>&lt;/periodo&gt;
    &lt;actividad&gt;<var id="18"/>&lt;/actividad&gt;
    &lt;fechaimpresion&gt;<var id="19"/>&lt;/fechaimpresion&gt;
    &lt;titulo&gt;RESUMEN FACTURAS <var id="20" />&lt;/titulo&gt;    
    &lt;lineas&gt;
</blockheader>
<detail>
<cond id="2">
	&lt;tipoconcepto&gt;<var id="1"/>&lt;/tipoconcepto&gt;<br/>
</cond>
<block id="3">
	<detail>
	&lt;linea concepto="<var id="2"/>" tipo="<var id="3"/>" base="<var id="4"/>" cuota="<var id="5"/>" /&gt;<br/>
	</detail>
<detail>
</detail>
</block>
<cond id="4">
	&lt;lineatotal  tran="<var id="21"/>" baset="<var id="10"/>" cuotat="<var id="11"/>" /&gt;<br/>
</cond>
<cond id="5">
  &lt;/lineas&gt;
	&lt;/resumenex&gt;
	&lt;resumenex&gt;
    &lt;empresa&gt;<var id="16"/>&lt;/empresa&gt;
    &lt;periodo&gt;<var id="17"/>&lt;/periodo&gt;
    &lt;actividad&gt;<var id="18"/>&lt;/actividad&gt;
    &lt;fechaimpresion&gt;<var id="19"/>&lt;/fechaimpresion&gt;
    &lt;titulo&gt;RESUMEN FACTURAS <var id="20" />&lt;/titulo&gt;    
    &lt;lineas&gt;
</cond>
</detail>
<blockfooter>
&lt;/lineas&gt;
&lt;/resumenex&gt;
</blockfooter>
</block>
</excel>

</informe>
