<?xml version="1.0" encoding="UTF-8"?>
<mdb archivo="">
	<tablas>
		<tabla nombre="Convenio">
			<campos>
				<campo nombre="Tipo" tipo="4" longitud="3" posicion="1"/> <!-- si es 0 es el convenio, otro caso es categoria. es entero Invertido-->
				<campo nombre="Descripcion" tipo="10" longitud="30" posicion="4"/>
				<campo nombre="AntiguedadClasProf" tipo="10" longitud="1"/>
				<campo nombre="DescuentoIT" tipo="4" longitud="3"/>
				<campo nombre="TipoPagaExtra1" tipo="10" longitud="1"/> <!--N normal, M mensual, A años anteriores, D diciembre-->
				<campo nombre="FechaCobroExtra1" tipo="4" longitud="2"/> <!-- formato MMDD-->
				<campo nombre="AnoAnteriorIniDevengo1" tipo="10" longitud="1"/> <!-- año anterior inicio devengo???(S,N)-->
				<campo nombre="InicioDevengoExtra1" tipo="4" longitud="2"/> <!-- formato MMDD-->
				<campo nombre="AnoAnteriorFinDevengo1" tipo="10" longitud="1"/> <!-- año anterior fin devengo???(S,N)-->
				<campo nombre="FinDevengoExtra1" tipo="4" longitud="2"/> <!-- formato MMDD-->
				<campo nombre="DiasNmensualesExtra1" tipo="5" longitud="2"/> 
				<campo nombre="DiasLmensualesExtra1" tipo="5" longitud="2"/> 
				<campo nombre="DiasNdiariosExtra1" tipo="5" longitud="2"/> 
				<campo nombre="DiasLdiariosExtra1" tipo="5" longitud="2"/> 
				<campo nombre="PorConceptosAfectosExtra1" tipo="5" longitud="3"/> <!-- Solo Prorrateadas mensuales.No se cuantos decimales. 4?¿, LO CALCULA AUTOMATICAMENTE, ES ESE 8.33333 para las pagas prrorateadas mensuales.-->
				<campo nombre="IncluirHojaSalarioExtra1" tipo="10" longitud="1"/>
				<campo nombre="DesgloseConceptosExtra1" tipo="10" longitud="1"/>
				<campo nombre="AfectaComplementoLiqBrutExtra1" tipo="10" longitud="1"/>
				<campo nombre="DescontarEnfermedadExtra1" tipo="10" longitud="1"/>
				<campo nombre="DescontarAccidenteExtra1" tipo="10" longitud="1"/>
				<campo nombre="DescontarMaternidadExtra1" tipo="10" longitud="1"/>
				<campo nombre="DesAbsentismoInjustExtra1" tipo="10" longitud="1"/>
				<campo nombre="DescDesempleoParcialExtra1" tipo="10" longitud="1"/>
				<campo nombre="AfectaAtrasosConvExtra1" tipo="10" longitud="1"/>
				<campo nombre="ProrrataMesSituacionAltaBajaExtra1" tipo="10" longitud="1"/>
				<campo nombre="TipoPagaExtra2" tipo="10" longitud="1"/> 
				<campo nombre="FechaCobroExtra2" tipo="4" longitud="2"/> <!-- formato MMDD-->
				<campo nombre="AnoAnteriorIniDevengo2" tipo="10" longitud="1"/> <!-- año actual inicio devengo???(S,N)-->
				<campo nombre="InicioDevengoExtra2" tipo="4" longitud="2"/> <!-- formato MMDD-->
				<campo nombre="AnoAnteriorFinDevengo2" tipo="10" longitud="1"/> <!-- año actual fin devengo???(s,n)-->
				<campo nombre="FinDevengoExtra2" tipo="4" longitud="2"/> <!-- formato MMDD-->
				<campo nombre="DiasNmensualesExtra2" tipo="5" longitud="2"/> 
				<campo nombre="DiasLmensualesExtra2" tipo="5" longitud="2"/> 
				<campo nombre="DiasNdiariosExtra2" tipo="5" longitud="2"/> 
				<campo nombre="DiasLdiariosExtra2" tipo="5" longitud="2"/> 
				<campo nombre="PorConceptosAfectosExtra2" tipo="5" longitud="3"/> <!-- No se cuantos decimales-->
				<campo nombre="IncluirHojaSalarioExtra2" tipo="10" longitud="1"/>
				<campo nombre="DesgloseConceptosExtra2" tipo="10" longitud="1"/>
				<campo nombre="AfectaComplementoLiqBrutExtra2" tipo="10" longitud="1"/>
				<campo nombre="DescontarEnfermedadExtra2" tipo="10" longitud="1"/>
				<campo nombre="DescontarAccidenteExtra2" tipo="10" longitud="1"/>
				<campo nombre="DescontarMaternidadExtra2" tipo="10" longitud="1"/>
				<campo nombre="DesAbsentismoInjustExtra2" tipo="10" longitud="1"/>
				<campo nombre="DescDesempleoParcialExtra2" tipo="10" longitud="1"/>
				<campo nombre="AfectaAtrasosConvExtra2" tipo="10" longitud="1"/>
				<campo nombre="ProrrataMesSituacionAltaBajaExtra2" tipo="10" longitud="1"/>
				<campo nombre="TipoPagaExtra3" tipo="10" longitud="1"/> 
				<campo nombre="FechaCobroExtra3" tipo="4" longitud="2"/> <!-- formato MMDD-->
				<campo nombre="AnoAnteriorIniDevengo3" tipo="10" longitud="1"/> <!-- año actual inicio devengo???(S,N)-->
				<campo nombre="InicioDevengoExtra3" tipo="4" longitud="2"/> <!-- formato MMDD-->
				<campo nombre="AnoAnteriorFinDevengo3" tipo="10" longitud="1"/> <!-- año actual fin devengo???(s,n)-->
				<campo nombre="FinDevengoExtra3" tipo="4" longitud="2"/> <!-- formato MMDD-->
				<campo nombre="DiasNmensualesExtra3" tipo="5" longitud="2"/> 
				<campo nombre="DiasLmensualesExtra3" tipo="5" longitud="2"/> 
				<campo nombre="DiasNdiariosExtra3" tipo="5" longitud="2"/> 
				<campo nombre="DiasLdiariosExtra3" tipo="5" longitud="2"/> 
				<campo nombre="PorConceptosAfectosExtra3" tipo="5" longitud="3"/> <!-- No se cuantos decimales-->
				<campo nombre="IncluirHojaSalarioExtra3" tipo="10" longitud="1"/>
				<campo nombre="DesgloseConceptosExtra3" tipo="10" longitud="1"/>
				<campo nombre="AfectaComplementoLiqBrutExtra3" tipo="10" longitud="1"/>
				<campo nombre="DescontarEnfermedadExtra3" tipo="10" longitud="1"/>
				<campo nombre="DescontarAccidenteExtra3" tipo="10" longitud="1"/>
				<campo nombre="DescontarMaternidadExtra3" tipo="10" longitud="1"/>
				<campo nombre="DesAbsentismoInjustExtra3" tipo="10" longitud="1"/>
				<campo nombre="DescDesempleoParcialExtra3" tipo="10" longitud="1"/>
				<campo nombre="AfectaAtrasosConvExtra3" tipo="10" longitud="1"/>
				<campo nombre="ProrrataMesSituacionAltaBajaExtra3" tipo="10" longitud="1"/>		
				<campo nombre="TipoPagaExtra4" tipo="10" longitud="1"/> 
				<campo nombre="FechaCobroExtra4" tipo="4" longitud="2"/> <!-- formato MMDD-->
				<campo nombre="AnoAnteriorIniDevengo4" tipo="10" longitud="1"/> <!-- año actual inicio devengo???(S,N)-->
				<campo nombre="InicioDevengoExtra4" tipo="4" longitud="2"/> <!-- formato MMDD-->
				<campo nombre="AnoAnteriorFinDevengo4" tipo="10" longitud="1"/> <!-- año actual fin devengo???(s,n)-->
				<campo nombre="FinDevengoExtra4" tipo="4" longitud="2"/> <!-- formato MMDD-->
				<campo nombre="DiasNmensualesExtra4" tipo="5" longitud="2"/> 
				<campo nombre="DiasLmensualesExtra4" tipo="5" longitud="2"/> 
				<campo nombre="DiasNdiariosExtra4" tipo="5" longitud="2"/> 
				<campo nombre="DiasLdiariosExtra4" tipo="5" longitud="2"/> 
				<campo nombre="PorConceptosAfectosExtra4" tipo="5" longitud="3"/> <!-- No se cuantos decimales-->
				<campo nombre="IncluirHojaSalarioExtra4" tipo="10" longitud="1"/>
				<campo nombre="DesgloseConceptosExtra4" tipo="10" longitud="1"/>
				<campo nombre="AfectaComplementoLiqBrutExtra4" tipo="10" longitud="1"/>
				<campo nombre="DescontarEnfermedadExtra4" tipo="10" longitud="1"/>
				<campo nombre="DescontarAccidenteExtra4" tipo="10" longitud="1"/>
				<campo nombre="DescontarMaternidadExtra4" tipo="10" longitud="1"/>
				<campo nombre="DesAbsentismoInjustExtra4" tipo="10" longitud="1"/>
				<campo nombre="DescDesempleoParcialExtra4" tipo="10" longitud="1"/>
				<campo nombre="AfectaAtrasosConvExtra4" tipo="10" longitud="1"/>
				<campo nombre="ProrrataMesSituacionAltaBajaExtra4" tipo="10" longitud="1"/>			
				<campo nombre="TipoPagaExtra5" tipo="10" longitud="1"/> 
				<campo nombre="FechaCobroExtra5" tipo="4" longitud="2"/> <!-- formato MMDD-->
				<campo nombre="AnoAnteriorIniDevengo5" tipo="10" longitud="1"/> <!-- año actual inicio devengo???(S,N)-->
				<campo nombre="InicioDevengoExtra5" tipo="4" longitud="2"/> <!-- formato MMDD-->
				<campo nombre="AnoAnteriorFinDevengo5" tipo="10" longitud="1"/> <!-- año actual fin devengo???(s,n)-->
				<campo nombre="FinDevengoExtra5" tipo="4" longitud="2"/> <!-- formato MMDD-->
				<campo nombre="DiasNmensualesExtra5" tipo="5" longitud="2"/> 
				<campo nombre="DiasLmensualesExtra5" tipo="5" longitud="2"/> 
				<campo nombre="DiasNdiariosExtra5" tipo="5" longitud="2"/> 
				<campo nombre="DiasLdiariosExtra5" tipo="5" longitud="2"/> 
				<campo nombre="PorConceptosAfectosExtra5" tipo="5" longitud="3"/> <!-- No se cuantos decimales-->
				<campo nombre="IncluirHojaSalarioExtra5" tipo="10" longitud="1"/>
				<campo nombre="DesgloseConceptosExtra5" tipo="10" longitud="1"/>
				<campo nombre="AfectaComplementoLiqBrutExtra5" tipo="10" longitud="1"/>
				<campo nombre="DescontarEnfermedadExtra5" tipo="10" longitud="1"/>
				<campo nombre="DescontarAccidenteExtra5" tipo="10" longitud="1"/>
				<campo nombre="DescontarMaternidadExtra5" tipo="10" longitud="1"/>
				<campo nombre="DesAbsentismoInjustExtra5" tipo="10" longitud="1"/>
				<campo nombre="DescDesempleoParcialExtra5" tipo="10" longitud="1"/>
				<campo nombre="AfectaAtrasosConvExtra5" tipo="10" longitud="1"/>
				<campo nombre="ProrrataMesSituacionAltaBajaExtra5" tipo="10" longitud="1"/>		
				<campo nombre="TipoPagaExtra6" tipo="10" longitud="1"/> 
				<campo nombre="FechaCobroExtra6" tipo="4" longitud="2"/> <!-- formato MMDD-->
				<campo nombre="AnoAnteriorIniDevengo6" tipo="10" longitud="1"/> <!-- año actual inicio devengo???(S,N)-->
				<campo nombre="InicioDevengoExtra6" tipo="4" longitud="2"/> <!-- formato MMDD-->
				<campo nombre="AnoAnteriorFinDevengo6" tipo="10" longitud="1"/> <!-- año actual fin devengo???(s,n)-->
				<campo nombre="FinDevengoExtra6" tipo="4" longitud="2"/> <!-- formato MMDD-->
				<campo nombre="DiasNmensualesExtra6" tipo="5" longitud="2"/> 
				<campo nombre="DiasLmensualesExtra6" tipo="5" longitud="2"/> 
				<campo nombre="DiasNdiariosExtra6" tipo="5" longitud="2"/> 
				<campo nombre="DiasLdiariosExtra6" tipo="5" longitud="2"/> 
				<campo nombre="PorConceptosAfectosExtra6" tipo="5" longitud="3"/> <!-- No se cuantos decimales-->
				<campo nombre="IncluirHojaSalarioExtra6" tipo="10" longitud="1"/>
				<campo nombre="DesgloseConceptosExtra6" tipo="10" longitud="1"/>
				<campo nombre="AfectaComplementoLiqBrutExtra6" tipo="10" longitud="1"/>
				<campo nombre="DescontarEnfermedadExtra6" tipo="10" longitud="1"/>
				<campo nombre="DescontarAccidenteExtra6" tipo="10" longitud="1"/>
				<campo nombre="DescontarMaternidadExtra6" tipo="10" longitud="1"/>
				<campo nombre="DesAbsentismoInjustExtra6" tipo="10" longitud="1"/>
				<campo nombre="DescDesempleoParcialExtra6" tipo="10" longitud="1"/>
				<campo nombre="AfectaAtrasosConvExtra6" tipo="10" longitud="1"/>
				<campo nombre="ProrrataMesSituacionAltaBajaExtra6" tipo="10" longitud="1"/>			
				<campo nombre="TipoPagaExtra7" tipo="10" longitud="1"/> 
				<campo nombre="FechaCobroExtra7" tipo="4" longitud="2"/> <!-- formato MMDD-->
				<campo nombre="AnoAnteriorIniDevengo7" tipo="10" longitud="1"/> <!-- año actual inicio devengo???(S,N)-->
				<campo nombre="InicioDevengoExtra7" tipo="4" longitud="2"/> <!-- formato MMDD-->
				<campo nombre="AnoAnteriorFinDevengo7" tipo="10" longitud="1"/> <!-- año actual fin devengo???(s,n)-->
				<campo nombre="FinDevengoExtra7" tipo="4" longitud="2"/> <!-- formato MMDD-->
				<campo nombre="DiasNmensualesExtra7" tipo="5" longitud="2"/> 
				<campo nombre="DiasLmensualesExtra7" tipo="5" longitud="2"/> 
				<campo nombre="DiasNdiariosExtra7" tipo="5" longitud="2"/> 
				<campo nombre="DiasLdiariosExtra7" tipo="5" longitud="2"/> 
				<campo nombre="PorConceptosAfectosExtra7" tipo="5" longitud="3"/> <!-- No se cuantos decimales-->
				<campo nombre="IncluirHojaSalarioExtra7" tipo="10" longitud="1"/>
				<campo nombre="DesgloseConceptosExtra7" tipo="10" longitud="1"/>
				<campo nombre="AfectaComplementoLiqBrutExtra7" tipo="10" longitud="1"/>
				<campo nombre="DescontarEnfermedadExtra7" tipo="10" longitud="1"/>
				<campo nombre="DescontarAccidenteExtra7" tipo="10" longitud="1"/>
				<campo nombre="DescontarMaternidadExtra7" tipo="10" longitud="1"/>
				<campo nombre="DesAbsentismoInjustExtra7" tipo="10" longitud="1"/>
				<campo nombre="DescDesempleoParcialExtra7" tipo="10" longitud="1"/>
				<campo nombre="AfectaAtrasosConvExtra7" tipo="10" longitud="1"/>
				<campo nombre="ProrrataMesSituacionAltaBajaExtra7" tipo="10" longitud="1"/>
				<campo nombre="TipoPagaExtra8" tipo="10" longitud="1"/> 
				<campo nombre="FechaCobroExtra8" tipo="4" longitud="2"/> <!-- formato MMDD-->
				<campo nombre="AnoAnteriorIniDevengo8" tipo="10" longitud="1"/> <!-- año actual inicio devengo???(S,N)-->
				<campo nombre="InicioDevengoExtra8" tipo="4" longitud="2"/> <!-- formato MMDD-->
				<campo nombre="AnoAnteriorFinDevengo8" tipo="10" longitud="1"/> <!-- año actual fin devengo???(s,n)-->
				<campo nombre="FinDevengoExtra8" tipo="4" longitud="2"/> <!-- formato MMDD-->
				<campo nombre="DiasNmensualesExtra8" tipo="5" longitud="2"/> 
				<campo nombre="DiasLmensualesExtra8" tipo="5" longitud="2"/> 
				<campo nombre="DiasNdiariosExtra8" tipo="5" longitud="2"/> 
				<campo nombre="DiasLdiariosExtra8" tipo="5" longitud="2"/> 
				<campo nombre="PorConceptosAfectosExtra8" tipo="5" longitud="3"/> <!-- No se cuantos decimales-->
				<campo nombre="IncluirHojaSalarioExtra8" tipo="10" longitud="1"/>
				<campo nombre="DesgloseConceptosExtra8" tipo="10" longitud="1"/>
				<campo nombre="AfectaComplementoLiqBrutExtra8" tipo="10" longitud="1"/>
				<campo nombre="DescontarEnfermedadExtra8" tipo="10" longitud="1"/>
				<campo nombre="DescontarAccidenteExtra8" tipo="10" longitud="1"/>
				<campo nombre="DescontarMaternidadExtra8" tipo="10" longitud="1"/>
				<campo nombre="DesAbsentismoInjustExtra8" tipo="10" longitud="1"/>
				<campo nombre="DescDesempleoParcialExtra8" tipo="10" longitud="1"/>
				<campo nombre="AfectaAtrasosConvExtra8" tipo="10" longitud="1"/>
				<campo nombre="ProrrataMesSituacionAltaBajaExtra8" tipo="10" longitud="1"/>
				<campo nombre="TipoPagaExtra9" tipo="10" longitud="1"/> 
				<campo nombre="FechaCobroExtra9" tipo="4" longitud="2"/> <!-- formato MMDD-->
				<campo nombre="AnoAnteriorIniDevengo9" tipo="10" longitud="1"/> <!-- año actual inicio devengo???(S,N)-->
				<campo nombre="InicioDevengoExtra9" tipo="4" longitud="2"/> <!-- formato MMDD-->
				<campo nombre="AnoAnteriorFinDevengo9" tipo="10" longitud="1"/> <!-- año actual fin devengo???(s,n)-->
				<campo nombre="FinDevengoExtra9" tipo="4" longitud="2"/> <!-- formato MMDD-->
				<campo nombre="DiasNmensualesExtra9" tipo="5" longitud="2"/> 
				<campo nombre="DiasLmensualesExtra9" tipo="5" longitud="2"/> 
				<campo nombre="DiasNdiariosExtra9" tipo="5" longitud="2"/> 
				<campo nombre="DiasLdiariosExtra9" tipo="5" longitud="2"/> 
				<campo nombre="PorConceptosAfectosExtra9" tipo="5" longitud="3"/> <!-- No se cuantos decimales-->
				<campo nombre="IncluirHojaSalarioExtra9" tipo="10" longitud="1"/>
				<campo nombre="DesgloseConceptosExtra9" tipo="10" longitud="1"/>
				<campo nombre="AfectaComplementoLiqBrutExtra9" tipo="10" longitud="1"/>
				<campo nombre="DescontarEnfermedadExtra9" tipo="10" longitud="1"/>
				<campo nombre="DescontarAccidenteExtra9" tipo="10" longitud="1"/>
				<campo nombre="DescontarMaternidadExtra9" tipo="10" longitud="1"/>
				<campo nombre="DesAbsentismoInjustExtra9" tipo="10" longitud="1"/>
				<campo nombre="DescDesempleoParcialExtra9" tipo="10" longitud="1"/>
				<campo nombre="AfectaAtrasosConvExtra9" tipo="10" longitud="1"/>
				<campo nombre="ProrrataMesSituacionAltaBajaExtra9" tipo="10" longitud="1"/>
				<campo nombre="TipoPagaExtra10" tipo="10" longitud="1"/> 
				<campo nombre="FechaCobroExtra10" tipo="4" longitud="2"/> <!-- formato MMDD-->
				<campo nombre="AnoAnteriorIniDevengo10" tipo="10" longitud="1"/> <!-- año actual inicio devengo???(S,N)-->
				<campo nombre="InicioDevengoExtra10" tipo="4" longitud="2"/> <!-- formato MMDD-->
				<campo nombre="AnoAnteriorFinDevengo10" tipo="10" longitud="1"/> <!-- año actual fin devengo???(s,n)-->
				<campo nombre="FinDevengoExtra10" tipo="4" longitud="2"/> <!-- formato MMDD-->
				<campo nombre="DiasNmensualesExtra10" tipo="5" longitud="2"/> 
				<campo nombre="DiasLmensualesExtra10" tipo="5" longitud="2"/> 
				<campo nombre="DiasNdiariosExtra10" tipo="5" longitud="2"/> 
				<campo nombre="DiasLdiariosExtra10" tipo="5" longitud="2"/> 
				<campo nombre="PorConceptosAfectosExtra10" tipo="5" longitud="3"/> <!-- No se cuantos decimales-->
				<campo nombre="IncluirHojaSalarioExtra10" tipo="10" longitud="1"/>
				<campo nombre="DesgloseConceptosExtra10" tipo="10" longitud="1"/>
				<campo nombre="AfectaComplementoLiqBrutExtra10" tipo="10" longitud="1"/>
				<campo nombre="DescontarEnfermedadExtra10" tipo="10" longitud="1"/>
				<campo nombre="DescontarAccidenteExtra10" tipo="10" longitud="1"/>
				<campo nombre="DescontarMaternidadExtra10" tipo="10" longitud="1"/>
				<campo nombre="DesAbsentismoInjustExtra10" tipo="10" longitud="1"/>
				<campo nombre="DescDesempleoParcialExtra10" tipo="10" longitud="1"/>
				<campo nombre="AfectaAtrasosConvExtra10" tipo="10" longitud="1"/>
				<campo nombre="ProrrataMesSituacionAltaBajaExtra10" tipo="10" longitud="1"/>	
				<campo nombre="TipoPagaExtra11" tipo="10" longitud="1"/> 
				<campo nombre="FechaCobroExtra11" tipo="4" longitud="2"/> <!-- formato MMDD-->
				<campo nombre="AnoAnteriorIniDevengo11" tipo="10" longitud="1"/> <!-- año actual inicio devengo???(S,N)-->
				<campo nombre="InicioDevengoExtra11" tipo="4" longitud="2"/> <!-- formato MMDD-->
				<campo nombre="SinDescifrarBExtra11" tipo="10" longitud="1"/> <!-- año actual fin devengo???(s,n)-->
				<campo nombre="FinDevengoExtra11" tipo="4" longitud="2"/> <!-- formato MMDD-->
				<campo nombre="DiasNmensualesExtra11" tipo="5" longitud="2"/> 
				<campo nombre="DiasLmensualesExtra11" tipo="5" longitud="2"/> 
				<campo nombre="DiasNdiariosExtra11" tipo="5" longitud="2"/> 
				<campo nombre="DiasLdiariosExtra11" tipo="5" longitud="2"/> 
				<campo nombre="PorConceptosAfectosExtra11" tipo="5" longitud="3"/> <!-- No se cuantos decimales-->
				<campo nombre="IncluirHojaSalarioExtra11" tipo="10" longitud="1"/>
				<campo nombre="DesgloseConceptosExtra11" tipo="10" longitud="1"/>
				<campo nombre="AfectaComplementoLiqBrutExtra11" tipo="10" longitud="1"/>
				<campo nombre="DescontarEnfermedadExtra11" tipo="10" longitud="1"/>
				<campo nombre="DescontarAccidenteExtra11" tipo="10" longitud="1"/>
				<campo nombre="DescontarMaternidadExtra11" tipo="10" longitud="1"/>
				<campo nombre="DesAbsentismoInjustExtra11" tipo="10" longitud="1"/>
				<campo nombre="DescDesempleoParcialExtra11" tipo="10" longitud="1"/>
				<campo nombre="AfectaAtrasosConvExtra11" tipo="10" longitud="1"/>
				<campo nombre="ProrrataMesSituacionAltaBajaExtra11" tipo="10" longitud="1"/>	
				<campo nombre="TipoPagaExtra12" tipo="10" longitud="1"/> 
				<campo nombre="FechaCobroExtra12" tipo="4" longitud="2"/> <!-- formato MMDD-->
				<campo nombre="SinDescifrarAExtra12" tipo="10" longitud="1"/> <!-- año actual inicio devengo???(S,N)-->
				<campo nombre="InicioDevengoExtra12" tipo="4" longitud="2"/> <!-- formato MMDD-->
				<campo nombre="AnoAnteriorFinDevengo12" tipo="10" longitud="1"/> <!-- año actual fin devengo???(s,n)-->
				<campo nombre="FinDevengoExtra12" tipo="4" longitud="2"/> <!-- formato MMDD-->
				<campo nombre="DiasNmensualesExtra12" tipo="5" longitud="2"/> 
				<campo nombre="DiasLmensualesExtra12" tipo="5" longitud="2"/> 
				<campo nombre="DiasNdiariosExtra12" tipo="5" longitud="2"/> 
				<campo nombre="DiasLdiariosExtra12" tipo="5" longitud="2"/> 
				<campo nombre="PorConceptosAfectosExtra12" tipo="5" longitud="3"/> <!-- No se cuantos decimales-->
				<campo nombre="IncluirHojaSalarioExtra12" tipo="10" longitud="1"/>
				<campo nombre="DesgloseConceptosExtra12" tipo="10" longitud="1"/>
				<campo nombre="AfectaComplementoLiqBrutExtra12" tipo="10" longitud="1"/>
				<campo nombre="DescontarEnfermedadExtra12" tipo="10" longitud="1"/>
				<campo nombre="DescontarAccidenteExtra12" tipo="10" longitud="1"/>
				<campo nombre="DescontarMaternidadExtra12" tipo="10" longitud="1"/>
				<campo nombre="DesAbsentismoInjustExtra12" tipo="10" longitud="1"/>
				<campo nombre="DescDesempleoParcialExtra12" tipo="10" longitud="1"/>
				<campo nombre="AfectaAtrasosConvExtra12" tipo="10" longitud="1"/>
				<campo nombre="ProrrataMesSituacionAltaBajaExtra12" tipo="10" longitud="1"/>
				<campo nombre="CodigoExtraConcepto1" tipo="4" longitud="2"/>	 <!--codigo del concepto en slot 1-->
				<campo nombre="PagaExtra1Concepto1" tipo="4" longitud="1"/>
				<campo nombre="PagaExtra2Concepto1" tipo="4" longitud="1"/>
				<campo nombre="PagaExtra3Concepto1" tipo="4" longitud="1"/>
				<campo nombre="PagaExtra4Concepto1" tipo="4" longitud="1"/>
				<campo nombre="PagaExtra5Concepto1" tipo="4" longitud="1"/>
				<campo nombre="PagaExtra6Concepto1" tipo="4" longitud="1"/>
				<campo nombre="PagaExtra7Concepto1" tipo="4" longitud="1"/>	
				<campo nombre="PagaExtra8Concepto1" tipo="4" longitud="1"/>
				<campo nombre="PagaExtra9Concepto1" tipo="4" longitud="1"/>
				<campo nombre="PagaExtra10Concepto1" tipo="4" longitud="1"/>
				<campo nombre="PagaExtra11Concepto1" tipo="4" longitud="1"/>
				<campo nombre="PagaExtra12Concepto1" tipo="4" longitud="1"/>
				<campo nombre="CodigoExtraConcepto2" tipo="4" longitud="2"/>	
				<campo nombre="PagaExtra1Concepto2" tipo="4" longitud="1"/>
				<campo nombre="PagaExtra2Concepto2" tipo="4" longitud="1"/>
				<campo nombre="PagaExtra3Concepto2" tipo="4" longitud="1"/>
				<campo nombre="PagaExtra4Concepto2" tipo="4" longitud="1"/>
				<campo nombre="PagaExtra5Concepto2" tipo="4" longitud="1"/>
				<campo nombre="PagaExtra6Concepto2" tipo="4" longitud="1"/>
				<campo nombre="PagaExtra7Concepto2" tipo="4" longitud="1"/>	
				<campo nombre="PagaExtra8Concepto2" tipo="4" longitud="1"/>
				<campo nombre="PagaExtra9Concepto2" tipo="4" longitud="1"/>
				<campo nombre="PagaExtra10Concepto2" tipo="4" longitud="1"/>
				<campo nombre="PagaExtra11Concepto2" tipo="4" longitud="1"/>
				<campo nombre="PagaExtra12Concepto2" tipo="4" longitud="1"/>	
				<campo nombre="CodigoExtraConcepto3" tipo="4" longitud="2"/>	
				<campo nombre="PagaExtra1Concepto3" tipo="4" longitud="1"/>
				<campo nombre="PagaExtra2Concepto3" tipo="4" longitud="1"/>
				<campo nombre="PagaExtra3Concepto3" tipo="4" longitud="1"/>
				<campo nombre="PagaExtra4Concepto3" tipo="4" longitud="1"/>
				<campo nombre="PagaExtra5Concepto3" tipo="4" longitud="1"/>
				<campo nombre="PagaExtra6Concepto3" tipo="4" longitud="1"/>
				<campo nombre="PagaExtra7Concepto3" tipo="4" longitud="1"/>	
				<campo nombre="PagaExtra8Concepto3" tipo="4" longitud="1"/>
				<campo nombre="PagaExtra9Concepto3" tipo="4" longitud="1"/>
				<campo nombre="PagaExtra10Concepto3" tipo="4" longitud="1"/>
				<campo nombre="PagaExtra11Concepto3" tipo="4" longitud="1"/>
				<campo nombre="PagaExtra12Concepto3" tipo="4" longitud="1"/>	
				<campo nombre="CodigoExtraConcepto4" tipo="4" longitud="2"/>	
				<campo nombre="PagaExtra1Concepto4" tipo="4" longitud="1"/>
				<campo nombre="PagaExtra2Concepto4" tipo="4" longitud="1"/>
				<campo nombre="PagaExtra3Concepto4" tipo="4" longitud="1"/>
				<campo nombre="PagaExtra4Concepto4" tipo="4" longitud="1"/>
				<campo nombre="PagaExtra5Concepto4" tipo="4" longitud="1"/>
				<campo nombre="PagaExtra6Concepto4" tipo="4" longitud="1"/>
				<campo nombre="PagaExtra7Concepto4" tipo="4" longitud="1"/>	
				<campo nombre="PagaExtra8Concepto4" tipo="4" longitud="1"/>
				<campo nombre="PagaExtra9Concepto4" tipo="4" longitud="1"/>
				<campo nombre="PagaExtra10Concepto4" tipo="4" longitud="1"/>
				<campo nombre="PagaExtra11Concepto4" tipo="4" longitud="1"/>
				<campo nombre="PagaExtra12Concepto4" tipo="4" longitud="1"/>		
				<campo nombre="CodigoExtraConcepto5" tipo="4" longitud="2"/>	
				<campo nombre="PagaExtra1Concepto5" tipo="4" longitud="1"/>
				<campo nombre="PagaExtra2Concepto5" tipo="4" longitud="1"/>
				<campo nombre="PagaExtra3Concepto5" tipo="4" longitud="1"/>
				<campo nombre="PagaExtra4Concepto5" tipo="4" longitud="1"/>
				<campo nombre="PagaExtra5Concepto5" tipo="4" longitud="1"/>
				<campo nombre="PagaExtra6Concepto5" tipo="4" longitud="1"/>
				<campo nombre="PagaExtra7Concepto5" tipo="4" longitud="1"/>	
				<campo nombre="PagaExtra8Concepto5" tipo="4" longitud="1"/>
				<campo nombre="PagaExtra9Concepto5" tipo="4" longitud="1"/>
				<campo nombre="PagaExtra10Concepto5" tipo="4" longitud="1"/>
				<campo nombre="PagaExtra11Concepto5" tipo="4" longitud="1"/>
				<campo nombre="PagaExtra12Concepto5" tipo="4" longitud="1"/>	
				<campo nombre="CodigoExtraConcepto6" tipo="4" longitud="2"/>	
				<campo nombre="PagaExtra1Concepto6" tipo="4" longitud="1"/>
				<campo nombre="PagaExtra2Concepto6" tipo="4" longitud="1"/>
				<campo nombre="PagaExtra3Concepto6" tipo="4" longitud="1"/>
				<campo nombre="PagaExtra4Concepto6" tipo="4" longitud="1"/>
				<campo nombre="PagaExtra5Concepto6" tipo="4" longitud="1"/>
				<campo nombre="PagaExtra6Concepto6" tipo="4" longitud="1"/>
				<campo nombre="PagaExtra7Concepto6" tipo="4" longitud="1"/>	
				<campo nombre="PagaExtra8Concepto6" tipo="4" longitud="1"/>
				<campo nombre="PagaExtra9Concepto6" tipo="4" longitud="1"/>
				<campo nombre="PagaExtra10Concepto6" tipo="4" longitud="1"/>
				<campo nombre="PagaExtra11Concepto6" tipo="4" longitud="1"/>
				<campo nombre="PagaExtra12Concepto6" tipo="4" longitud="1"/>	
				<campo nombre="CodigoExtraConcepto7" tipo="4" longitud="2"/>	
				<campo nombre="PagaExtra1Concepto7" tipo="4" longitud="1"/>
				<campo nombre="PagaExtra2Concepto7" tipo="4" longitud="1"/>
				<campo nombre="PagaExtra3Concepto7" tipo="4" longitud="1"/>
				<campo nombre="PagaExtra4Concepto7" tipo="4" longitud="1"/>
				<campo nombre="PagaExtra5Concepto7" tipo="4" longitud="1"/>
				<campo nombre="PagaExtra6Concepto7" tipo="4" longitud="1"/>
				<campo nombre="PagaExtra7Concepto7" tipo="4" longitud="1"/>	
				<campo nombre="PagaExtra8Concepto7" tipo="4" longitud="1"/>
				<campo nombre="PagaExtra9Concepto7" tipo="4" longitud="1"/>
				<campo nombre="PagaExtra10Concepto7" tipo="4" longitud="1"/>
				<campo nombre="PagaExtra11Concepto7" tipo="4" longitud="1"/>
				<campo nombre="PagaExtra12Concepto7" tipo="4" longitud="1"/>
				<campo nombre="CodigoExtraConcepto8" tipo="4" longitud="2"/>	
				<campo nombre="PagaExtra1Concepto8" tipo="4" longitud="1"/>
				<campo nombre="PagaExtra2Concepto8" tipo="4" longitud="1"/>
				<campo nombre="PagaExtra3Concepto8" tipo="4" longitud="1"/>
				<campo nombre="PagaExtra4Concepto8" tipo="4" longitud="1"/>
				<campo nombre="PagaExtra5Concepto8" tipo="4" longitud="1"/>
				<campo nombre="PagaExtra6Concepto8" tipo="4" longitud="1"/>
				<campo nombre="PagaExtra7Concepto8" tipo="4" longitud="1"/>	
				<campo nombre="PagaExtra8Concepto8" tipo="4" longitud="1"/>
				<campo nombre="PagaExtra9Concepto8" tipo="4" longitud="1"/>
				<campo nombre="PagaExtra10Concepto8" tipo="4" longitud="1"/>
				<campo nombre="PagaExtra11Concepto8" tipo="4" longitud="1"/>
				<campo nombre="PagaExtra12Concepto8" tipo="4" longitud="1"/>
				<campo nombre="CodigoExtraConcepto9" tipo="4" longitud="2"/>	
				<campo nombre="PagaExtra1Concepto9" tipo="4" longitud="1"/>
				<campo nombre="PagaExtra2Concepto9" tipo="4" longitud="1"/>
				<campo nombre="PagaExtra3Concepto9" tipo="4" longitud="1"/>
				<campo nombre="PagaExtra4Concepto9" tipo="4" longitud="1"/>
				<campo nombre="PagaExtra5Concepto9" tipo="4" longitud="1"/>
				<campo nombre="PagaExtra6Concepto9" tipo="4" longitud="1"/>
				<campo nombre="PagaExtra7Concepto9" tipo="4" longitud="1"/>	
				<campo nombre="PagaExtra8Concepto9" tipo="4" longitud="1"/>
				<campo nombre="PagaExtra9Concepto9" tipo="4" longitud="1"/>
				<campo nombre="PagaExtra10Concepto9" tipo="4" longitud="1"/>
				<campo nombre="PagaExtra11Concepto9" tipo="4" longitud="1"/>
				<campo nombre="PagaExtra12Concepto9" tipo="4" longitud="1"/>
				<campo nombre="CodigoExtraConcepto10" tipo="4" longitud="2"/>	
				<campo nombre="PagaExtra1Concepto10" tipo="4" longitud="1"/>
				<campo nombre="PagaExtra2Concepto10" tipo="4" longitud="1"/>
				<campo nombre="PagaExtra3Concepto10" tipo="4" longitud="1"/>
				<campo nombre="PagaExtra4Concepto10" tipo="4" longitud="1"/>
				<campo nombre="PagaExtra5Concepto10" tipo="4" longitud="1"/>
				<campo nombre="PagaExtra6Concepto10" tipo="4" longitud="1"/>
				<campo nombre="PagaExtra7Concepto10" tipo="4" longitud="1"/>	
				<campo nombre="PagaExtra8Concepto10" tipo="4" longitud="1"/>
				<campo nombre="PagaExtra9Concepto10" tipo="4" longitud="1"/>
				<campo nombre="PagaExtra10Concepto10" tipo="4" longitud="1"/>
				<campo nombre="PagaExtra11Concepto10" tipo="4" longitud="1"/>
				<campo nombre="PagaExtra12Concepto10" tipo="4" longitud="1"/>  
				<campo nombre="CodigoExtraConcepto11" tipo="4" longitud="2"/>	
				<campo nombre="PagaExtra1Concepto11" tipo="4" longitud="1"/>
				<campo nombre="PagaExtra2Concepto11" tipo="4" longitud="1"/>
				<campo nombre="PagaExtra3Concepto11" tipo="4" longitud="1"/>
				<campo nombre="PagaExtra4Concepto11" tipo="4" longitud="1"/>
				<campo nombre="PagaExtra5Concepto11" tipo="4" longitud="1"/>
				<campo nombre="PagaExtra6Concepto11" tipo="4" longitud="1"/>
				<campo nombre="PagaExtra7Concepto11" tipo="4" longitud="1"/>	
				<campo nombre="PagaExtra8Concepto11" tipo="4" longitud="1"/>
				<campo nombre="PagaExtra9Concepto11" tipo="4" longitud="1"/>
				<campo nombre="PagaExtra10Concepto11" tipo="4" longitud="1"/>
				<campo nombre="PagaExtra11Concepto11" tipo="4" longitud="1"/>
				<campo nombre="PagaExtra12Concepto11" tipo="4" longitud="1"/>
				<campo nombre="CodigoExtraConcepto12" tipo="4" longitud="2"/>	
				<campo nombre="PagaExtra1Concepto12" tipo="4" longitud="1"/>
				<campo nombre="PagaExtra2Concepto12" tipo="4" longitud="1"/>
				<campo nombre="PagaExtra3Concepto12" tipo="4" longitud="1"/>
				<campo nombre="PagaExtra4Concepto12" tipo="4" longitud="1"/>
				<campo nombre="PagaExtra5Concepto12" tipo="4" longitud="1"/>
				<campo nombre="PagaExtra6Concepto12" tipo="4" longitud="1"/>
				<campo nombre="PagaExtra7Concepto12" tipo="4" longitud="1"/>	
				<campo nombre="PagaExtra8Concepto12" tipo="4" longitud="1"/>
				<campo nombre="PagaExtra9Concepto12" tipo="4" longitud="1"/>
				<campo nombre="PagaExtra10Concepto12" tipo="4" longitud="1"/>
				<campo nombre="PagaExtra11Concepto12" tipo="4" longitud="1"/>
				<campo nombre="PagaExtra12Concepto12" tipo="4" longitud="1"/>
				<campo nombre="CodigoExtraConcepto13" tipo="4" longitud="2"/>	
				<campo nombre="PagaExtra1Concepto13" tipo="4" longitud="1"/>
				<campo nombre="PagaExtra2Concepto13" tipo="4" longitud="1"/>
				<campo nombre="PagaExtra3Concepto13" tipo="4" longitud="1"/>
				<campo nombre="PagaExtra4Concepto13" tipo="4" longitud="1"/>
				<campo nombre="PagaExtra5Concepto13" tipo="4" longitud="1"/>
				<campo nombre="PagaExtra6Concepto13" tipo="4" longitud="1"/>
				<campo nombre="PagaExtra7Concepto13" tipo="4" longitud="1"/>	
				<campo nombre="PagaExtra8Concepto13" tipo="4" longitud="1"/>
				<campo nombre="PagaExtra9Concepto13" tipo="4" longitud="1"/>
				<campo nombre="PagaExtra10Concepto13" tipo="4" longitud="1"/>
				<campo nombre="PagaExtra11Concepto13" tipo="4" longitud="1"/>
				<campo nombre="PagaExtra12Concepto13" tipo="4" longitud="1"/>
				<campo nombre="CodigoExtraConcepto14" tipo="4" longitud="2"/>	
				<campo nombre="PagaExtra1Concepto14" tipo="4" longitud="1"/>
				<campo nombre="PagaExtra2Concepto14" tipo="4" longitud="1"/>
				<campo nombre="PagaExtra3Concepto14" tipo="4" longitud="1"/>
				<campo nombre="PagaExtra4Concepto14" tipo="4" longitud="1"/>
				<campo nombre="PagaExtra5Concepto14" tipo="4" longitud="1"/>
				<campo nombre="PagaExtra6Concepto14" tipo="4" longitud="1"/>
				<campo nombre="PagaExtra7Concepto14" tipo="4" longitud="1"/>	
				<campo nombre="PagaExtra8Concepto14" tipo="4" longitud="1"/>
				<campo nombre="PagaExtra9Concepto14" tipo="4" longitud="1"/>
				<campo nombre="PagaExtra10Concepto14" tipo="4" longitud="1"/>
				<campo nombre="PagaExtra11Concepto14" tipo="4" longitud="1"/>
				<campo nombre="PagaExtra12Concepto14" tipo="4" longitud="1"/>
				<campo nombre="CodigoExtraConcepto15" tipo="4" longitud="2"/>	
				<campo nombre="PagaExtra1Concepto15" tipo="4" longitud="1"/>
				<campo nombre="PagaExtra2Concepto15" tipo="4" longitud="1"/>
				<campo nombre="PagaExtra3Concepto15" tipo="4" longitud="1"/>
				<campo nombre="PagaExtra4Concepto15" tipo="4" longitud="1"/>
				<campo nombre="PagaExtra5Concepto15" tipo="4" longitud="1"/>
				<campo nombre="PagaExtra6Concepto15" tipo="4" longitud="1"/>
				<campo nombre="PagaExtra7Concepto15" tipo="4" longitud="1"/>	
				<campo nombre="PagaExtra8Concepto15" tipo="4" longitud="1"/>
				<campo nombre="PagaExtra9Concepto15" tipo="4" longitud="1"/>
				<campo nombre="PagaExtra10Concepto15" tipo="4" longitud="1"/>
				<campo nombre="PagaExtra11Concepto15" tipo="4" longitud="1"/>
				<campo nombre="PagaExtra12Concepto15" tipo="4" longitud="1"/>
				<campo nombre="CodigoExtraConcepto16" tipo="4" longitud="2"/>	
				<campo nombre="PagaExtra1Concepto16" tipo="4" longitud="1"/>
				<campo nombre="PagaExtra2Concepto16" tipo="4" longitud="1"/>
				<campo nombre="PagaExtra3Concepto16" tipo="4" longitud="1"/>
				<campo nombre="PagaExtra4Concepto16" tipo="4" longitud="1"/>
				<campo nombre="PagaExtra5Concepto16" tipo="4" longitud="1"/>
				<campo nombre="PagaExtra6Concepto16" tipo="4" longitud="1"/>
				<campo nombre="PagaExtra7Concepto16" tipo="4" longitud="1"/>	
				<campo nombre="PagaExtra8Concepto16" tipo="4" longitud="1"/>
				<campo nombre="PagaExtra9Concepto16" tipo="4" longitud="1"/>
				<campo nombre="PagaExtra10Concepto16" tipo="4" longitud="1"/>
				<campo nombre="PagaExtra11Concepto16" tipo="4" longitud="1"/>
				<campo nombre="PagaExtra12Concepto16" tipo="4" longitud="1"/>
				<campo nombre="CodigoExtraConcepto17" tipo="4" longitud="2"/>	
				<campo nombre="PagaExtra1Concepto17" tipo="4" longitud="1"/>
				<campo nombre="PagaExtra2Concepto17" tipo="4" longitud="1"/>
				<campo nombre="PagaExtra3Concepto17" tipo="4" longitud="1"/>
				<campo nombre="PagaExtra4Concepto17" tipo="4" longitud="1"/>
				<campo nombre="PagaExtra5Concepto17" tipo="4" longitud="1"/>
				<campo nombre="PagaExtra6Concepto17" tipo="4" longitud="1"/>
				<campo nombre="PagaExtra7Concepto17" tipo="4" longitud="1"/>	
				<campo nombre="PagaExtra8Concepto17" tipo="4" longitud="1"/>
				<campo nombre="PagaExtra9Concepto17" tipo="4" longitud="1"/>
				<campo nombre="PagaExtra10Concepto17" tipo="4" longitud="1"/>
				<campo nombre="PagaExtra11Concepto17" tipo="4" longitud="1"/>
				<campo nombre="PagaExtra12Concepto17" tipo="4" longitud="1"/>
				<campo nombre="CodigoExtraConcepto18" tipo="4" longitud="2"/>	
				<campo nombre="PagaExtra1Concepto18" tipo="4" longitud="1"/>
				<campo nombre="PagaExtra2Concepto18" tipo="4" longitud="1"/>
				<campo nombre="PagaExtra3Concepto18" tipo="4" longitud="1"/>
				<campo nombre="PagaExtra4Concepto18" tipo="4" longitud="1"/>
				<campo nombre="PagaExtra5Concepto18" tipo="4" longitud="1"/>
				<campo nombre="PagaExtra6Concepto18" tipo="4" longitud="1"/>
				<campo nombre="PagaExtra7Concepto18" tipo="4" longitud="1"/>	
				<campo nombre="PagaExtra8Concepto18" tipo="4" longitud="1"/>
				<campo nombre="PagaExtra9Concepto18" tipo="4" longitud="1"/>
				<campo nombre="PagaExtra10Concepto18" tipo="4" longitud="1"/>
				<campo nombre="PagaExtra11Concepto18" tipo="4" longitud="1"/>
				<campo nombre="PagaExtra12Concepto18" tipo="4" longitud="1"/>
				<campo nombre="CodigoExtraConcepto19" tipo="4" longitud="2"/>	
				<campo nombre="PagaExtra1Concepto19" tipo="4" longitud="1"/>
				<campo nombre="PagaExtra2Concepto19" tipo="4" longitud="1"/>
				<campo nombre="PagaExtra3Concepto19" tipo="4" longitud="1"/>
				<campo nombre="PagaExtra4Concepto19" tipo="4" longitud="1"/>
				<campo nombre="PagaExtra5Concepto19" tipo="4" longitud="1"/>
				<campo nombre="PagaExtra6Concepto19" tipo="4" longitud="1"/>
				<campo nombre="PagaExtra7Concepto19" tipo="4" longitud="1"/>	
				<campo nombre="PagaExtra8Concepto19" tipo="4" longitud="1"/>
				<campo nombre="PagaExtra9Concepto19" tipo="4" longitud="1"/>
				<campo nombre="PagaExtra10Concepto19" tipo="4" longitud="1"/>
				<campo nombre="PagaExtra11Concepto19" tipo="4" longitud="1"/>
				<campo nombre="PagaExtra12Concepto19" tipo="4" longitud="1"/>
				<campo nombre="CodigoExtraConcepto20" tipo="4" longitud="2"/>	
				<campo nombre="PagaExtra1Concepto20" tipo="4" longitud="1"/>
				<campo nombre="PagaExtra2Concepto20" tipo="4" longitud="1"/>
				<campo nombre="PagaExtra3Concepto20" tipo="4" longitud="1"/>
				<campo nombre="PagaExtra4Concepto20" tipo="4" longitud="1"/>
				<campo nombre="PagaExtra5Concepto20" tipo="4" longitud="1"/>
				<campo nombre="PagaExtra6Concepto20" tipo="4" longitud="1"/>
				<campo nombre="PagaExtra7Concepto20" tipo="4" longitud="1"/>	
				<campo nombre="PagaExtra8Concepto20" tipo="4" longitud="1"/>
				<campo nombre="PagaExtra9Concepto20" tipo="4" longitud="1"/>
				<campo nombre="PagaExtra10Concepto20" tipo="4" longitud="1"/>
				<campo nombre="PagaExtra11Concepto20" tipo="4" longitud="1"/>
				<campo nombre="PagaExtra12Concepto20" tipo="4" longitud="1"/>
				<campo nombre="CodigoExtraConcepto21" tipo="4" longitud="2"/>
				<campo nombre="PagaExtra1Concepto21" tipo="4" longitud="1"/>
				<campo nombre="PagaExtra2Concepto21" tipo="4" longitud="1"/>
				<campo nombre="PagaExtra3Concepto21" tipo="4" longitud="1"/>
				<campo nombre="PagaExtra4Concepto21" tipo="4" longitud="1"/>
				<campo nombre="PagaExtra5Concepto21" tipo="4" longitud="1"/>
				<campo nombre="PagaExtra6Concepto21" tipo="4" longitud="1"/>
				<campo nombre="PagaExtra7Concepto21" tipo="4" longitud="1"/>	
				<campo nombre="PagaExtra8Concepto21" tipo="4" longitud="1"/>
				<campo nombre="PagaExtra9Concepto21" tipo="4" longitud="1"/>
				<campo nombre="PagaExtra10Concepto21" tipo="4" longitud="1"/>
				<campo nombre="PagaExtra11Concepto21" tipo="4" longitud="1"/>
				<campo nombre="PagaExtra12Concepto21" tipo="4" longitud="1"/>
				<campo nombre="CodigoExtraConcepto22" tipo="4" longitud="2"/>
				<campo nombre="PagaExtra1Concepto22" tipo="4" longitud="1"/>
				<campo nombre="PagaExtra2Concepto22" tipo="4" longitud="1"/>
				<campo nombre="PagaExtra3Concepto22" tipo="4" longitud="1"/>
				<campo nombre="PagaExtra4Concepto22" tipo="4" longitud="1"/>
				<campo nombre="PagaExtra5Concepto22" tipo="4" longitud="1"/>
				<campo nombre="PagaExtra6Concepto22" tipo="4" longitud="1"/>
				<campo nombre="PagaExtra7Concepto22" tipo="4" longitud="1"/>	
				<campo nombre="PagaExtra8Concepto22" tipo="4" longitud="1"/>
				<campo nombre="PagaExtra9Concepto22" tipo="4" longitud="1"/>
				<campo nombre="PagaExtra10Concepto22" tipo="4" longitud="1"/>
				<campo nombre="PagaExtra11Concepto22" tipo="4" longitud="1"/>
				<campo nombre="PagaExtra12Concepto22" tipo="4" longitud="1"/>
				<campo nombre="CodigoExtraConcepto23" tipo="4" longitud="2"/>
				<campo nombre="PagaExtra1Concepto23" tipo="4" longitud="1"/>
				<campo nombre="PagaExtra2Concepto23" tipo="4" longitud="1"/>
				<campo nombre="PagaExtra3Concepto23" tipo="4" longitud="1"/>
				<campo nombre="PagaExtra4Concepto23" tipo="4" longitud="1"/>
				<campo nombre="PagaExtra5Concepto23" tipo="4" longitud="1"/>
				<campo nombre="PagaExtra6Concepto23" tipo="4" longitud="1"/>
				<campo nombre="PagaExtra7Concepto23" tipo="4" longitud="1"/>	
				<campo nombre="PagaExtra8Concepto23" tipo="4" longitud="1"/>
				<campo nombre="PagaExtra9Concepto23" tipo="4" longitud="1"/>
				<campo nombre="PagaExtra10Concepto23" tipo="4" longitud="1"/>
				<campo nombre="PagaExtra11Concepto23" tipo="4" longitud="1"/>
				<campo nombre="PagaExtra12Concepto23" tipo="4" longitud="1"/>
				<campo nombre="CodigoExtraConcepto24" tipo="4" longitud="2"/>
				<campo nombre="PagaExtra1Concepto24" tipo="4" longitud="1"/>
				<campo nombre="PagaExtra2Concepto24" tipo="4" longitud="1"/>
				<campo nombre="PagaExtra3Concepto24" tipo="4" longitud="1"/>
				<campo nombre="PagaExtra4Concepto24" tipo="4" longitud="1"/>
				<campo nombre="PagaExtra5Concepto24" tipo="4" longitud="1"/>
				<campo nombre="PagaExtra6Concepto24" tipo="4" longitud="1"/>
				<campo nombre="PagaExtra7Concepto24" tipo="4" longitud="1"/>	
				<campo nombre="PagaExtra8Concepto24" tipo="4" longitud="1"/>
				<campo nombre="PagaExtra9Concepto24" tipo="4" longitud="1"/>
				<campo nombre="PagaExtra10Concepto24" tipo="4" longitud="1"/>
				<campo nombre="PagaExtra11Concepto24" tipo="4" longitud="1"/>
				<campo nombre="PagaExtra12Concepto24" tipo="4" longitud="1"/>
				<campo nombre="CodigoExtraConcepto25" tipo="4" longitud="2"/>
				<campo nombre="PagaExtra1Concepto25" tipo="4" longitud="1"/>
				<campo nombre="PagaExtra2Concepto25" tipo="4" longitud="1"/>
				<campo nombre="PagaExtra3Concepto25" tipo="4" longitud="1"/>
				<campo nombre="PagaExtra4Concepto25" tipo="4" longitud="1"/>
				<campo nombre="PagaExtra5Concepto25" tipo="4" longitud="1"/>
				<campo nombre="PagaExtra6Concepto25" tipo="4" longitud="1"/>
				<campo nombre="PagaExtra7Concepto25" tipo="4" longitud="1"/>	
				<campo nombre="PagaExtra8Concepto25" tipo="4" longitud="1"/>
				<campo nombre="PagaExtra9Concepto25" tipo="4" longitud="1"/>
				<campo nombre="PagaExtra10Concepto25" tipo="4" longitud="1"/>
				<campo nombre="PagaExtra11Concepto25" tipo="4" longitud="1"/>
				<campo nombre="PagaExtra12Concepto25" tipo="4" longitud="1"/>
				<campo nombre="CodigoExtraConcepto26" tipo="4" longitud="2"/>
				<campo nombre="PagaExtra1Concepto26" tipo="4" longitud="1"/>
				<campo nombre="PagaExtra2Concepto26" tipo="4" longitud="1"/>
				<campo nombre="PagaExtra3Concepto26" tipo="4" longitud="1"/>
				<campo nombre="PagaExtra4Concepto26" tipo="4" longitud="1"/>
				<campo nombre="PagaExtra5Concepto26" tipo="4" longitud="1"/>
				<campo nombre="PagaExtra6Concepto26" tipo="4" longitud="1"/>
				<campo nombre="PagaExtra7Concepto26" tipo="4" longitud="1"/>	
				<campo nombre="PagaExtra8Concepto26" tipo="4" longitud="1"/>
				<campo nombre="PagaExtra9Concepto26" tipo="4" longitud="1"/>
				<campo nombre="PagaExtra10Concepto26" tipo="4" longitud="1"/>
				<campo nombre="PagaExtra11Concepto26" tipo="4" longitud="1"/>
				<campo nombre="PagaExtra12Concepto26" tipo="4" longitud="1"/>
				<campo nombre="CodigoExtraConcepto27" tipo="4" longitud="2"/>
				<campo nombre="PagaExtra1Concepto27" tipo="4" longitud="1"/>
				<campo nombre="PagaExtra2Concepto27" tipo="4" longitud="1"/>
				<campo nombre="PagaExtra3Concepto27" tipo="4" longitud="1"/>
				<campo nombre="PagaExtra4Concepto27" tipo="4" longitud="1"/>
				<campo nombre="PagaExtra5Concepto27" tipo="4" longitud="1"/>
				<campo nombre="PagaExtra6Concepto27" tipo="4" longitud="1"/>
				<campo nombre="PagaExtra7Concepto27" tipo="4" longitud="1"/>	
				<campo nombre="PagaExtra8Concepto27" tipo="4" longitud="1"/>
				<campo nombre="PagaExtra9Concepto27" tipo="4" longitud="1"/>
				<campo nombre="PagaExtra10Concepto27" tipo="4" longitud="1"/>
				<campo nombre="PagaExtra11Concepto27" tipo="4" longitud="1"/>
				<campo nombre="PagaExtra12Concepto27" tipo="4" longitud="1"/>
				<campo nombre="CodigoExtraConcepto28" tipo="4" longitud="2"/>
				<campo nombre="PagaExtra1Concepto28" tipo="4" longitud="1"/>
				<campo nombre="PagaExtra2Concepto28" tipo="4" longitud="1"/>
				<campo nombre="PagaExtra3Concepto28" tipo="4" longitud="1"/>
				<campo nombre="PagaExtra4Concepto28" tipo="4" longitud="1"/>
				<campo nombre="PagaExtra5Concepto28" tipo="4" longitud="1"/>
				<campo nombre="PagaExtra6Concepto28" tipo="4" longitud="1"/>
				<campo nombre="PagaExtra7Concepto28" tipo="4" longitud="1"/>	
				<campo nombre="PagaExtra8Concepto28" tipo="4" longitud="1"/>
				<campo nombre="PagaExtra9Concepto28" tipo="4" longitud="1"/>
				<campo nombre="PagaExtra10Concepto28" tipo="4" longitud="1"/>
				<campo nombre="PagaExtra11Concepto28" tipo="4" longitud="1"/>
				<campo nombre="PagaExtra12Concepto28" tipo="4" longitud="1"/>
				<campo nombre="CodigoExtraConcepto29" tipo="4" longitud="2"/>
				<campo nombre="PagaExtra1Concepto29" tipo="4" longitud="1"/>
				<campo nombre="PagaExtra2Concepto29" tipo="4" longitud="1"/>
				<campo nombre="PagaExtra3Concepto29" tipo="4" longitud="1"/>
				<campo nombre="PagaExtra4Concepto29" tipo="4" longitud="1"/>
				<campo nombre="PagaExtra5Concepto29" tipo="4" longitud="1"/>
				<campo nombre="PagaExtra6Concepto29" tipo="4" longitud="1"/>
				<campo nombre="PagaExtra7Concepto29" tipo="4" longitud="1"/>	
				<campo nombre="PagaExtra8Concepto29" tipo="4" longitud="1"/>
				<campo nombre="PagaExtra9Concepto29" tipo="4" longitud="1"/>
				<campo nombre="PagaExtra10Concepto29" tipo="4" longitud="1"/>
				<campo nombre="PagaExtra11Concepto29" tipo="4" longitud="1"/>
				<campo nombre="PagaExtra12Concepto29" tipo="4" longitud="1"/>
				<campo nombre="CodigoExtraConcepto30" tipo="4" longitud="2"/>
				<campo nombre="PagaExtra1Concepto30" tipo="4" longitud="1"/>
				<campo nombre="PagaExtra2Concepto30" tipo="4" longitud="1"/>
				<campo nombre="PagaExtra3Concepto30" tipo="4" longitud="1"/>
				<campo nombre="PagaExtra4Concepto30" tipo="4" longitud="1"/>
				<campo nombre="PagaExtra5Concepto30" tipo="4" longitud="1"/>
				<campo nombre="PagaExtra6Concepto30" tipo="4" longitud="1"/>
				<campo nombre="PagaExtra7Concepto30" tipo="4" longitud="1"/>	
				<campo nombre="PagaExtra8Concepto30" tipo="4" longitud="1"/>
				<campo nombre="PagaExtra9Concepto30" tipo="4" longitud="1"/>
				<campo nombre="PagaExtra10Concepto30" tipo="4" longitud="1"/>
				<campo nombre="PagaExtra11Concepto30" tipo="4" longitud="1"/>
				<campo nombre="PagaExtra12Concepto30" tipo="4" longitud="1"/>
				
				<!-- Antiguedad a nivel de convenio, mirar antes que el check de antiguedad por clasificacion profesional no este marcado ya entonces las antiguedades son por categorias definidas en el convenio y este apartado se queda a cero-->
				<campo nombre="ConceptoAfectoAntiguedad1" tipo="4" longitud="2" posicion="818"/>
				<campo nombre="ConceptoAfectoAntiguedad2" tipo="4" longitud="2"/>
				<campo nombre="ConceptoAfectoAntiguedad3" tipo="4" longitud="2"/>
				<campo nombre="ConceptoAfectoAntiguedad4" tipo="4" longitud="2"/>
				<campo nombre="ConceptoAfectoAntiguedad5" tipo="4" longitud="2"/>
				<campo nombre="ConceptoAfectoAntiguedad6" tipo="4" longitud="2"/>
				<campo nombre="ConceptoAfectoAntiguedad7" tipo="4" longitud="2"/>
				<campo nombre="ConceptoAfectoAntiguedad8" tipo="4" longitud="2"/>
				<campo nombre="AntiguedadFormula" tipo="10" longitud="3" posicion="834"/>
				<campo nombre="AntiguedadAno1" tipo="4" longitud="1" posicion="837"/>
				<campo nombre="AntiguedadPorcentaje1" tipo="5" longitud="3"/>
				<campo nombre="AntiguedadImporte1" tipo="5" longitud="6"/>
				<campo nombre="AntiguedadAno2" tipo="4" longitud="1"/>
				<campo nombre="AntiguedadPorcentaje2" tipo="5" longitud="3"/>
				<campo nombre="AntiguedadImporte2" tipo="5" longitud="6"/>
				<campo nombre="AntiguedadAno3" tipo="4" longitud="1"/>
				<campo nombre="AntiguedadPorcentaje3" tipo="5" longitud="3"/>
				<campo nombre="AntiguedadImporte3" tipo="5" longitud="6"/>
				<campo nombre="AntiguedadAno4" tipo="4" longitud="1"/>
				<campo nombre="AntiguedadPorcentaje4" tipo="5" longitud="3"/>
				<campo nombre="AntiguedadImporte4" tipo="5" longitud="6"/>
				<campo nombre="AntiguedadAno5" tipo="4" longitud="1"/>
				<campo nombre="AntiguedadPorcentaje5" tipo="5" longitud="3"/>
				<campo nombre="AntiguedadImporte5" tipo="5" longitud="6"/>
				<campo nombre="AntiguedadAno6" tipo="4" longitud="1"/>
				<campo nombre="AntiguedadPorcentaje6" tipo="5" longitud="3"/>
				<campo nombre="AntiguedadImporte6" tipo="5" longitud="6"/>
				<campo nombre="AntiguedadAno7" tipo="4" longitud="1"/>
				<campo nombre="AntiguedadPorcentaje7" tipo="5" longitud="3"/>
				<campo nombre="AntiguedadImporte7" tipo="5" longitud="6"/>
				<campo nombre="AntiguedadAno8" tipo="4" longitud="1"/>
				<campo nombre="AntiguedadPorcentaje8" tipo="5" longitud="3"/>
				<campo nombre="AntiguedadImporte8" tipo="5" longitud="6"/>
				<campo nombre="AntiguedadAno9" tipo="4" longitud="1"/>
				<campo nombre="AntiguedadPorcentaje9" tipo="5" longitud="3"/>
				<campo nombre="AntiguedadImporte9" tipo="5" longitud="6"/>	
				<campo nombre="AntiguedadAno10" tipo="4" longitud="1"/>
				<campo nombre="AntiguedadPorcentaje10" tipo="5" longitud="3"/>
				<campo nombre="AntiguedadImporte10" tipo="5" longitud="6"/>
				<campo nombre="AntiguedadAno11" tipo="4" longitud="1"/>
				<campo nombre="AntiguedadPorcentaje11" tipo="5" longitud="3"/>
				<campo nombre="AntiguedadImporte11" tipo="5" longitud="6"/>
				<campo nombre="AntiguedadAno12" tipo="4" longitud="1"/>
				<campo nombre="AntiguedadPorcentaje12" tipo="5" longitud="3"/>
				<campo nombre="AntiguedadImporte12" tipo="5" longitud="6"/>
				<campo nombre="AntiguedadAno13" tipo="4" longitud="1"/>
				<campo nombre="AntiguedadPorcentaje13" tipo="5" longitud="3"/>
				<campo nombre="AntiguedadImporte13" tipo="5" longitud="6"/>
				<campo nombre="AntiguedadAno14" tipo="4" longitud="1"/>
				<campo nombre="AntiguedadPorcentaje14" tipo="5" longitud="3"/>
				<campo nombre="AntiguedadImporte14" tipo="5" longitud="6"/>
				<campo nombre="AntiguedadAno15" tipo="4" longitud="1"/>
				<campo nombre="AntiguedadPorcentaje15" tipo="5" longitud="3"/>
				<campo nombre="AntiguedadImporte15" tipo="5" longitud="6"/>
				<campo nombre="AntiguedadAno16" tipo="4" longitud="1"/>
				<campo nombre="AntiguedadPorcentaje16" tipo="5" longitud="3"/>
				<campo nombre="AntiguedadImporte16" tipo="5" longitud="6"/>
				<campo nombre="AntiguedadAno17" tipo="4" longitud="1"/>
				<campo nombre="AntiguedadPorcentaje17" tipo="5" longitud="3"/>
				<campo nombre="AntiguedadImporte17" tipo="5" longitud="6"/>
				<campo nombre="AntiguedadAno18" tipo="4" longitud="1"/>
				<campo nombre="AntiguedadPorcentaje18" tipo="5" longitud="3"/>
				<campo nombre="AntiguedadImporte18" tipo="5" longitud="6"/>
				<campo nombre="AntiguedadAno19" tipo="4" longitud="1"/>
				<campo nombre="AntiguedadPorcentaje19" tipo="5" longitud="3"/>
				<campo nombre="AntiguedadImporte19" tipo="5" longitud="6"/>
				<campo nombre="AntiguedadAno20" tipo="4" longitud="1"/>
				<campo nombre="AntiguedadPorcentaje20" tipo="5" longitud="3"/>
				<campo nombre="AntiguedadImporte20" tipo="5" longitud="6"/>
				<campo nombre="AntiguedadAno21" tipo="4" longitud="1"/>
				<campo nombre="AntiguedadPorcentaje21" tipo="5" longitud="3"/>
				<campo nombre="AntiguedadImporte21" tipo="5" longitud="6"/>
				<campo nombre="AntiguedadAno22" tipo="4" longitud="1"/>
				<campo nombre="AntiguedadPorcentaje22" tipo="5" longitud="3"/>
				<campo nombre="AntiguedadImporte22" tipo="5" longitud="6"/>
				<campo nombre="AntiguedadAno23" tipo="4" longitud="1"/>
				<campo nombre="AntiguedadPorcentaje23" tipo="5" longitud="3"/>
				<campo nombre="AntiguedadImporte23" tipo="5" longitud="6"/>
				<campo nombre="AntiguedadAno24" tipo="4" longitud="1"/>
				<campo nombre="AntiguedadPorcentaje24" tipo="5" longitud="3"/>
				<campo nombre="AntiguedadImporte24" tipo="5" longitud="6"/>
				<campo nombre="AntiguedadAno25" tipo="4" longitud="1"/>
				<campo nombre="AntiguedadPorcentaje25" tipo="5" longitud="3"/>
				<campo nombre="AntiguedadImporte25" tipo="5" longitud="6"/>
				<campo nombre="AntiguedadAno26" tipo="4" longitud="1"/>
				<campo nombre="AntiguedadPorcentaje26" tipo="5" longitud="3"/>
				<campo nombre="AntiguedadImporte26" tipo="5" longitud="6"/>
				<campo nombre="AntiguedadAno27" tipo="4" longitud="1"/>
				<campo nombre="AntiguedadPorcentaje27" tipo="5" longitud="3"/>
				<campo nombre="AntiguedadImporte27" tipo="5" longitud="6"/>
				<campo nombre="AntiguedadAno28" tipo="4" longitud="1"/>
				<campo nombre="AntiguedadPorcentaje28" tipo="5" longitud="3"/>
				<campo nombre="AntiguedadImporte28" tipo="5" longitud="6"/>
				<campo nombre="AntiguedadAno29" tipo="4" longitud="1"/>
				<campo nombre="AntiguedadPorcentaje29" tipo="5" longitud="3"/>
				<campo nombre="AntiguedadImporte29" tipo="5" longitud="6"/>
				<campo nombre="AntiguedadAno30" tipo="4" longitud="1"/>
				<campo nombre="AntiguedadPorcentaje30" tipo="5" longitud="3"/>
				<campo nombre="AntiguedadImporte30" tipo="5" longitud="6"/>
				
				
				
				<campo nombre="TablaConceptos" tipo="4" longitud="1" posicion="1137"/>
				<campo nombre="Tipo1BajaSinHospitalizacionEnf" tipo="10" longitud="1"/>
				<campo nombre="PrimeraBajaEnfSinHospDesde1" tipo="4" longitud="2"/>
				<campo nombre="PrimeraBajaEnfSinHospHasta1" tipo="4" longitud="2"/>
				<campo nombre="PrimeraBajaEnfSinHospPorcentaje1" tipo="4" longitud="2"/>				
				<campo nombre="PrimeraBajaEnfSinHospDesde2" tipo="4" longitud="2"/>
				<campo nombre="PrimeraBajaEnfSinHospHasta2" tipo="4" longitud="2"/>
				<campo nombre="PrimeraBajaEnfSinHospPorcentaje2" tipo="4" longitud="2"/>				
        <campo nombre="PrimeraBajaEnfSinHospDesde3" tipo="4" longitud="2"/>
				<campo nombre="PrimeraBajaEnfSinHospHasta3" tipo="4" longitud="2"/>
				<campo nombre="PrimeraBajaEnfSinHospPorcentaje3" tipo="4" longitud="2"/>				
				<campo nombre="PrimeraBajaEnfSinHospDesde4" tipo="4" longitud="2"/>
				<campo nombre="PrimeraBajaEnfSinHospHasta4" tipo="4" longitud="2"/>
				<campo nombre="PrimeraBajaEnfSinHospPorcentaje4" tipo="4" longitud="2"/>				
				<campo nombre="PrimeraBajaEnfSinHospDesde5" tipo="4" longitud="2"/>
				<campo nombre="PrimeraBajaEnfSinHospHasta5" tipo="4" longitud="2"/>
				<campo nombre="PrimeraBajaEnfSinHospPorcentaje5" tipo="4" longitud="2"/>
				
				<campo nombre="TCompl_AccidentePrimeraBajaSinHosp" tipo="10" longitud="1" posicion="1600"/>				
				<campo nombre="PrimeraBajaAccSinHospDesde1" tipo="4" longitud="2" posicion ="1169"/>
				<campo nombre="PrimeraBajaAccSinHospHasta1" tipo="4" longitud="2"/>
				<campo nombre="PrimeraBajaAccSinHospPorcentaje1" tipo="4" longitud="2"/>
				<campo nombre="PrimeraBajaAccSinHospDesde2" tipo="4" longitud="2"/>
				<campo nombre="PrimeraBajaAccSinHospHasta2" tipo="4" longitud="2"/>
				<campo nombre="PrimeraBajaAccSinHospPorcentaje2" tipo="4" longitud="2"/>
				<campo nombre="PrimeraBajaAccSinHospDesde3" tipo="4" longitud="2"/>
				<campo nombre="PrimeraBajaAccSinHospHasta3" tipo="4" longitud="2"/>
				<campo nombre="PrimeraBajaAccSinHospPorcentaje3" tipo="4" longitud="2"/>
				<campo nombre="PrimeraBajaAccSinHospDesde4" tipo="4" longitud="2"/>
				<campo nombre="PrimeraBajaAccSinHospHasta4" tipo="4" longitud="2"/>
				<campo nombre="PrimeraBajaAccSinHospPorcentaje4" tipo="4" longitud="2"/>
				<campo nombre="PrimeraBajaAccSinHospDesde5" tipo="4" longitud="2"/>
				<campo nombre="PrimeraBajaAccSinHospHasta5" tipo="4" longitud="2"/>
				<campo nombre="PrimeraBajaAccSinHospPorcentaje5" tipo="4" longitud="2"/>
				
				<campo nombre="TipoComplementoMaternidad" tipo="10" longitud="1" posicion="1229"/>
				<campo nombre="ComplementoMaternidadDesde1" tipo="4" longitud="2" posicion="1199"/>
				<campo nombre="ComplementoMaternidadHasta1" tipo="4" longitud="2"/>
				<campo nombre="ComplementoMaternidadPorcentaje1" tipo="4" longitud="2"/>
				<campo nombre="ComplementoMaternidadDesde2" tipo="4" longitud="2"/>
				<campo nombre="ComplementoMaternidadHasta2" tipo="4" longitud="2"/>
				<campo nombre="ComplementoMaternidadPorcentaje2" tipo="4" longitud="2"/>
				<campo nombre="ComplementoMaternidadDesde3" tipo="4" longitud="2"/>
				<campo nombre="ComplementoMaternidadHasta3" tipo="4" longitud="2"/>
				<campo nombre="ComplementoMaternidadPorcentaje3" tipo="4" longitud="2"/>
				<campo nombre="ComplementoMaternidadDesde4" tipo="4" longitud="2"/>
				<campo nombre="ComplementoMaternidadHasta4" tipo="4" longitud="2"/>
				<campo nombre="ComplementoMaternidadPorcentaje4" tipo="4" longitud="2"/>
				<campo nombre="ComplementoMaternidadDesde5" tipo="4" longitud="2"/>
				<campo nombre="ComplementoMaternidadHasta5" tipo="4" longitud="2"/>
				<campo nombre="ComplementoMaternidadPorcentaje5" tipo="4" longitud="2"/>
				
				<campo nombre="IND_AccidenteAcumulativaPosterioresBajasSinHosp" tipo="10" longitud="1" posicion="1230"/>
				<campo nombre="TCompl_AccidentePosterioresBajasSinHosp" tipo="10" longitud="1" posicion="1231"/>			
				<campo nombre="PosterioresBajasAccSinHospDesde1" tipo="4" longitud="2"/>
				<campo nombre="PosterioresBajasAccSinHospHasta1" tipo="4" longitud="2"/>
				<campo nombre="PosterioresBajasAccSinHospPorcentaje1" tipo="4" longitud="2"/>
				<campo nombre="PosterioresBajasAccSinHospDesde2" tipo="4" longitud="2"/>
				<campo nombre="PosterioresBajasAccSinHospHasta2" tipo="4" longitud="2"/>
				<campo nombre="PosterioresBajasAccSinHospPorcentaje2" tipo="4" longitud="2"/>				
				<campo nombre="PosterioresBajasAccSinHospDesde3" tipo="4" longitud="2"/>
				<campo nombre="PosterioresBajasAccSinHospHasta3" tipo="4" longitud="2"/>
				<campo nombre="PosterioresBajasAccSinHospPorcentaje3" tipo="4" longitud="2"/>				
				<campo nombre="PosterioresBajasAccSinHospDesde4" tipo="4" longitud="2"/>
				<campo nombre="PosterioresBajasAccSinHospHasta4" tipo="4" longitud="2"/>
				<campo nombre="PosterioresBajasAccSinHospPorcentaje4" tipo="4" longitud="2"/>				
				<campo nombre="PosterioresBajasAccSinHospDesde5" tipo="4" longitud="2"/>
				<campo nombre="PosterioresBajasAccSinHospHasta5" tipo="4" longitud="2"/>
				<campo nombre="PosterioresBajasAccSinHospPorcentaje5" tipo="4" longitud="2"/>
				
				<campo nombre="IND_ITAcumulativaPosterioresBajasSinHosp" tipo="10" longitud="1" posicion="1602"/>		
				<campo nombre="TipoComplementoPosterioresBajasSinHosp" tipo="10" longitud="1" posicion="1601"/>
				<campo nombre="PosterioresBajasEnfSinHospDesde1" tipo="4" longitud="2" posicion = "1262"/>
				<campo nombre="PosterioresBajasEnfSinHospHasta1" tipo="4" longitud="2"/>
				<campo nombre="PosterioresBajasEnfSinHospPorcentaje1" tipo="4" longitud="2"/>
				<campo nombre="PosterioresBajasEnfSinHospDesde2" tipo="4" longitud="2"/>
				<campo nombre="PosterioresBajasEnfSinHospHasta2" tipo="4" longitud="2"/>
				<campo nombre="PosterioresBajasEnfSinHospPorcentaje2" tipo="4" longitud="2"/>
				<campo nombre="PosterioresBajasEnfSinHospDesde3" tipo="4" longitud="2"/>
				<campo nombre="PosterioresBajasEnfSinHospHasta3" tipo="4" longitud="2"/>
				<campo nombre="PosterioresBajasEnfSinHospPorcentaje3" tipo="4" longitud="2"/>
				<campo nombre="PosterioresBajasEnfSinHospDesde4" tipo="4" longitud="2"/>
				<campo nombre="PosterioresBajasEnfSinHospHasta4" tipo="4" longitud="2"/>
				<campo nombre="PosterioresBajasEnfSinHospPorcentaje4" tipo="4" longitud="2"/>
				<campo nombre="PosterioresBajasEnfSinHospDesde5" tipo="4" longitud="2"/>
				<campo nombre="PosterioresBajasEnfSinHospHasta5" tipo="4" longitud="2"/>
				<campo nombre="PosterioresBajasEnfSinHospPorcentaje5" tipo="4" longitud="2"/>
				
				<campo nombre="TipoComplementoPrimeraBajaConHosp" tipo="10" longitud="1" posicion="1292"/>
				<campo nombre="PrimeraBajaEnfConHospDesde1" tipo="4" longitud="2" />
				<campo nombre="PrimeraBajaEnfConHospHasta1" tipo="4" longitud="2"/>
				<campo nombre="PrimeraBajaEnfConHospPorcentaje1" tipo="4" longitud="2"/>				
				<campo nombre="PrimeraBajaEnfConHospDesde2" tipo="4" longitud="2" />
				<campo nombre="PrimeraBajaEnfConHospHasta2" tipo="4" longitud="2"/>
				<campo nombre="PrimeraBajaEnfConHospPorcentaje2" tipo="4" longitud="2"/>
				<campo nombre="PrimeraBajaEnfConHospDesde3" tipo="4" longitud="2" />
				<campo nombre="PrimeraBajaEnfConHospHasta3" tipo="4" longitud="2"/>
				<campo nombre="PrimeraBajaEnfConHospPorcentaje3" tipo="4" longitud="2"/>
				<campo nombre="PrimeraBajaEnfConHospDesde4" tipo="4" longitud="2" />
				<campo nombre="PrimeraBajaEnfConHospHasta4" tipo="4" longitud="2"/>
				<campo nombre="PrimeraBajaEnfConHospPorcentaje4" tipo="4" longitud="2"/>
				<campo nombre="PrimeraBajaEnfConHospDesde5" tipo="4" longitud="2" />
				<campo nombre="PrimeraBajaEnfConHospHasta5" tipo="4" longitud="2"/>
				<campo nombre="PrimeraBajaEnfConHospPorcentaje5" tipo="4" longitud="2"/>
				
				<campo nombre="TCompl_AccidentePrimeraBajaConHosp" tipo="10" longitud="1" posicion="1603"/>
				<campo nombre="PrimeraBajaAccConHospDesde1" tipo="4" longitud="2" posicion="1323"/>
				<campo nombre="PrimeraBajaAccConHospHasta1" tipo="4" longitud="2"/>
				<campo nombre="PrimeraBajaAccConHospPorcentaje1" tipo="4" longitud="2"/>
				<campo nombre="PrimeraBajaAccConHospDesde2" tipo="4" longitud="2"/>
				<campo nombre="PrimeraBajaAccConHospHasta2" tipo="4" longitud="2"/>
				<campo nombre="PrimeraBajaAccConHospPorcentaje2" tipo="4" longitud="2"/>
				<campo nombre="PrimeraBajaAccConHospDesde3" tipo="4" longitud="2"/>
				<campo nombre="PrimeraBajaAccConHospHasta3" tipo="4" longitud="2"/>
				<campo nombre="PrimeraBajaAccConHospPorcentaje3" tipo="4" longitud="2"/>				
				<campo nombre="PrimeraBajaAccConHospDesde4" tipo="4" longitud="2"/>
				<campo nombre="PrimeraBajaAccConHospHasta4" tipo="4" longitud="2"/>
				<campo nombre="PrimeraBajaAccConHospPorcentaje4" tipo="4" longitud="2"/>
				<campo nombre="PrimeraBajaAccConHospDesde5" tipo="4" longitud="2"/>
				<campo nombre="PrimeraBajaAccConHospHasta5" tipo="4" longitud="2"/>
				<campo nombre="PrimeraBajaAccConHospPorcentaje5" tipo="4" longitud="2"/>
				
				<campo nombre="IND_ITAcumulativaPosterioresBajasConHosp" tipo="10" longitud="1" posicion="1353"/>
				<campo nombre="TipoComplementoPosterioresBajasConHosp" tipo="10" longitud="1" posicion="1354"/>
				<campo nombre="PosterioresBajasEnfConHospDesde1" tipo="4" longitud="2"/>
				<campo nombre="PosterioresBajasEnfConHospHasta1" tipo="4" longitud="2"/>
				<campo nombre="PosterioresBajasEnfConHospPorcentaje1" tipo="4" longitud="2"/>
				<campo nombre="PosterioresBajasEnfConHospDesde2" tipo="4" longitud="2" />
				<campo nombre="PosterioresBajasEnfConHospHasta2" tipo="4" longitud="2"/>
				<campo nombre="PosterioresBajasEnfConHospPorcentaje2" tipo="4" longitud="2"/>
				<campo nombre="PosterioresBajasEnfConHospDesde3" tipo="4" longitud="2" />
				<campo nombre="PosterioresBajasEnfConHospHasta3" tipo="4" longitud="2"/>
				<campo nombre="PosterioresBajasEnfConHospPorcentaje3" tipo="4" longitud="2"/>
				<campo nombre="PosterioresBajasEnfConHospDesde4" tipo="4" longitud="2" />
				<campo nombre="PosterioresBajasEnfConHospHasta4" tipo="4" longitud="2"/>
				<campo nombre="PosterioresBajasEnfConHospPorcentaje4" tipo="4" longitud="2"/>
				<campo nombre="PosterioresBajasEnfConHospDesde5" tipo="4" longitud="2" />
				<campo nombre="PosterioresBajasEnfConHospHasta5" tipo="4" longitud="2"/>
				<campo nombre="PosterioresBajasEnfConHospPorcentaje5" tipo="4" longitud="2"/>
				
				<campo nombre="IND_AccidenteAcumulativaPosterioresBajasConHosp" tipo="10" longitud="1" posicion="1604"/>
				<campo nombre="TCompl_AccidentePosterioresBajasConHosp" tipo="10" longitud="1" posicion="1605"/>
				<campo nombre="PosterioresBajasAccConHospDesde1" tipo="4" longitud="2" posicion="1385"/>
				<campo nombre="PosterioresBajasAccConHospHasta1" tipo="4" longitud="2"/>
				<campo nombre="PosterioresBajasAccConHospPorcentaje1" tipo="4" longitud="2"/>
				<campo nombre="PosterioresBajasAccConHospDesde2" tipo="4" longitud="2"/>
				<campo nombre="PosterioresBajasAccConHospHasta2" tipo="4" longitud="2"/>
				<campo nombre="PosterioresBajasAccConHospPorcentaje2" tipo="4" longitud="2"/>
				<campo nombre="PosterioresBajasAccConHospDesde3" tipo="4" longitud="2"/>
				<campo nombre="PosterioresBajasAccConHospHasta3" tipo="4" longitud="2"/>
				<campo nombre="PosterioresBajasAccConHospPorcentaje3" tipo="4" longitud="2"/>
				<campo nombre="PosterioresBajasAccConHospDesde4" tipo="4" longitud="2"/>
				<campo nombre="PosterioresBajasAccConHospHasta4" tipo="4" longitud="2"/>
				<campo nombre="PosterioresBajasAccConHospPorcentaje4" tipo="4" longitud="2"/>
				<campo nombre="PosterioresBajasAccConHospDesde5" tipo="4" longitud="2"/>
				<campo nombre="PosterioresBajasAccConHospHasta5" tipo="4" longitud="2"/>
				<campo nombre="PosterioresBajasAccConHospPorcentaje5" tipo="4" longitud="2"/>	
				
				<campo nombre="ClasificacionProfesional" tipo="10" longitud="1" posicion="1415"/><!--C, categoria. G,grupos-->
				<campo nombre="PagasExtraNivel" tipo="10" longitud="1"/><!--N, nivel. G,grupos-->
				<campo nombre="AntiguedadNivel" tipo="10" longitud="1"/><!--N, nivel. G,grupos-->
				<!--no se que es
				<campo nombre="Nosequees" tipo="10" longitud="1"/> -->
				
				<campo nombre="TipoComplementoRiesgoEmbarazo" tipo="10" longitud="1" posicion="1581"/>
				<campo nombre="ComplementoRiesgoEmbarazoDesde1" tipo="4" longitud="2" posicion="1419"/>
				<campo nombre="ComplementoRiesgoEmbarazoHasta1" tipo="4" longitud="2"/>
				<campo nombre="ComplementoRiesgoEmbarazoPorcentaje1" tipo="4" longitud="2"/>
				<campo nombre="ComplementoRiesgoEmbarazoDesde2" tipo="4" longitud="2"/>
				<campo nombre="ComplementoRiesgoEmbarazoHasta2" tipo="4" longitud="2"/>
				<campo nombre="ComplementoRiesgoEmbarazoPorcentaje2" tipo="4" longitud="2"/>
				<campo nombre="ComplementoRiesgoEmbarazoDesde3" tipo="4" longitud="2"/>
				<campo nombre="ComplementoRiesgoEmbarazoHasta3" tipo="4" longitud="2"/>
				<campo nombre="ComplementoRiesgoEmbarazoPorcentaje3" tipo="4" longitud="2"/>
				<campo nombre="ComplementoRiesgoEmbarazoDesde4" tipo="4" longitud="2"/>
				<campo nombre="ComplementoRiesgoEmbarazoHasta4" tipo="4" longitud="2"/>
				<campo nombre="ComplementoRiesgoEmbarazoPorcentaje4" tipo="4" longitud="2"/>
				<campo nombre="ComplementoRiesgoEmbarazoDesde5" tipo="4" longitud="2"/>
				<campo nombre="ComplementoRiesgoEmbarazoHasta5" tipo="4" longitud="2"/>
				<campo nombre="ComplementoRiesgoEmbarazoPorcentaje5" tipo="4" longitud="2"/>
				
				<campo nombre="VigenciaDesde" tipo="8" longitud="4" posicion="1449"/>
				<campo nombre="VigenciaHasta" tipo="8" longitud="4"/>
				<campo nombre="FechaPublicacion" tipo="8" longitud="4"/>
				<campo nombre="AnoRevision" tipo="4" longitud="2"/>
				<campo nombre="CodigoOficialConvenio" tipo="4" longitud="3"/>
				<campo nombre="DiasAnoVacaciones" tipo="4" longitud="1"/>
				<campo nombre="DiasIndemnizacion" tipo="4" longitud="2"/>
				<campo nombre="ConvenioFestivo1" tipo="4" longitud="2"/> <!-- formato MMDD-->
				<campo nombre="ConvenioFestivo2" tipo="4" longitud="2"/> <!-- formato MMDD-->
				<campo nombre="ConvenioFestivo3" tipo="4" longitud="2"/> <!-- formato MMDD-->
				<campo nombre="ConvenioFestivo4" tipo="4" longitud="2"/> <!-- formato MMDD-->
				<!--Datos deconocidos en posiciones 1477-->				
				<campo nombre="NumPagasARepartir1" tipo="4" longitud="1" posicion="1478"/> <!-- para tipo Mensual-->
				<campo nombre="NoseSabecampoentrenumpagasyconceptoscobro1" tipo="4" longitud="1"/> <!--no se sabe a que pertenece el campo que esta entre numero de pagas a repartir i el codigo concepto de cobro de paga extra-->
				<campo nombre="ConceptosCobro1" tipo="4" longitud="1"/> <!-- para tipo Mensual-->
				<campo nombre="NoseSabecampoentrenumpagasyconceptoscobro1" tipo="4" longitud="1"/> <!--no se sabe a que pertenece el campo que esta entre numero de pagas a repartir i el codigo concepto de cobro de paga extra-->
				<campo nombre="NumPagasARepartir2" tipo="4" longitud="1"/> <!-- para tipo Mensual-->
				<campo nombre="NoseSabecampoentrenumpagasyconceptoscobro1" tipo="4" longitud="1"/> <!--no se sabe a que pertenece el campo que esta entre numero de pagas a repartir i el codigo concepto de cobro de paga extra-->
				<campo nombre="ConceptosCobro2" tipo="4" longitud="1"/> <!-- para tipo Mensual-->
				<campo nombre="NoseSabecampoentrenumpagasyconceptoscobro1" tipo="4" longitud="1"/> <!--no se sabe a que pertenece el campo que esta entre numero de pagas a repartir i el codigo concepto de cobro de paga extra-->
				<campo nombre="NumPagasARepartir3" tipo="4" longitud="1"/> <!-- para tipo Mensual-->
				<campo nombre="NoseSabecampoentrenumpagasyconceptoscobro1" tipo="4" longitud="1"/> <!--no se sabe a que pertenece el campo que esta entre numero de pagas a repartir i el codigo concepto de cobro de paga extra-->
				<campo nombre="ConceptosCobro3" tipo="4" longitud="1"/> <!-- para tipo Mensual-->
				<campo nombre="NoseSabecampoentrenumpagasyconceptoscobro1" tipo="4" longitud="1"/> <!--no se sabe a que pertenece el campo que esta entre numero de pagas a repartir i el codigo concepto de cobro de paga extra-->
				<campo nombre="NumPagasARepartir4" tipo="4" longitud="1"/> <!-- para tipo Mensual-->
				<campo nombre="NoseSabecampoentrenumpagasyconceptoscobro1" tipo="4" longitud="1"/> <!--no se sabe a que pertenece el campo que esta entre numero de pagas a repartir i el codigo concepto de cobro de paga extra-->
				<campo nombre="ConceptosCobro4" tipo="4" longitud="1"/> <!-- para tipo Mensual-->
				<campo nombre="NoseSabecampoentrenumpagasyconceptoscobro1" tipo="4" longitud="1"/> <!--no se sabe a que pertenece el campo que esta entre numero de pagas a repartir i el codigo concepto de cobro de paga extra-->
				<campo nombre="NumPagasARepartir5" tipo="4" longitud="1"/> <!-- para tipo Mensual-->
				<campo nombre="NoseSabecampoentrenumpagasyconceptoscobro1" tipo="4" longitud="1"/> <!--no se sabe a que pertenece el campo que esta entre numero de pagas a repartir i el codigo concepto de cobro de paga extra-->
				<campo nombre="ConceptosCobro5" tipo="4" longitud="1"/> <!-- para tipo Mensual-->
				<campo nombre="NoseSabecampoentrenumpagasyconceptoscobro1" tipo="4" longitud="1"/> <!--no se sabe a que pertenece el campo que esta entre numero de pagas a repartir i el codigo concepto de cobro de paga extra-->
				<campo nombre="NumPagasARepartir6" tipo="4" longitud="1"/> <!-- para tipo Mensual-->
				<campo nombre="NoseSabecampoentrenumpagasyconceptoscobro1" tipo="4" longitud="1"/> <!--no se sabe a que pertenece el campo que esta entre numero de pagas a repartir i el codigo concepto de cobro de paga extra-->
				<campo nombre="ConceptosCobro6" tipo="4" longitud="1"/> <!-- para tipo Mensual-->
				<campo nombre="NoseSabecampoentrenumpagasyconceptoscobro1" tipo="4" longitud="1"/> <!--no se sabe a que pertenece el campo que esta entre numero de pagas a repartir i el codigo concepto de cobro de paga extra-->
				<campo nombre="NumPagasARepartir7" tipo="4" longitud="1"/> <!-- para tipo Mensual-->
				<campo nombre="NoseSabecampoentrenumpagasyconceptoscobro1" tipo="4" longitud="1"/> <!--no se sabe a que pertenece el campo que esta entre numero de pagas a repartir i el codigo concepto de cobro de paga extra-->
				<campo nombre="ConceptosCobro7" tipo="4" longitud="1"/> <!-- para tipo Mensual-->
				<campo nombre="NoseSabecampoentrenumpagasyconceptoscobro1" tipo="4" longitud="1"/> <!--no se sabe a que pertenece el campo que esta entre numero de pagas a repartir i el codigo concepto de cobro de paga extra-->
				<campo nombre="NumPagasARepartir8" tipo="4" longitud="1"/> <!-- para tipo Mensual-->
				<campo nombre="NoseSabecampoentrenumpagasyconceptoscobro1" tipo="4" longitud="1"/> <!--no se sabe a que pertenece el campo que esta entre numero de pagas a repartir i el codigo concepto de cobro de paga extra-->
				<campo nombre="ConceptosCobro8" tipo="4" longitud="1"/> <!-- para tipo Mensual-->
				<campo nombre="NoseSabecampoentrenumpagasyconceptoscobro1" tipo="4" longitud="1"/> <!--no se sabe a que pertenece el campo que esta entre numero de pagas a repartir i el codigo concepto de cobro de paga extra-->
				<campo nombre="NumPagasARepartir9" tipo="4" longitud="1"/> <!-- para tipo Mensual-->
				<campo nombre="NoseSabecampoentrenumpagasyconceptoscobro1" tipo="4" longitud="1"/> <!--no se sabe a que pertenece el campo que esta entre numero de pagas a repartir i el codigo concepto de cobro de paga extra-->
				<campo nombre="ConceptosCobro9" tipo="4" longitud="1"/> <!-- para tipo Mensual-->
				<campo nombre="NoseSabecampoentrenumpagasyconceptoscobro1" tipo="4" longitud="1"/> <!--no se sabe a que pertenece el campo que esta entre numero de pagas a repartir i el codigo concepto de cobro de paga extra-->
				<campo nombre="NumPagasARepartir10" tipo="4" longitud="1"/> <!-- para tipo Mensual-->
				<campo nombre="NoseSabecampoentrenumpagasyconceptoscobro1" tipo="4" longitud="1"/> <!--no se sabe a que pertenece el campo que esta entre numero de pagas a repartir i el codigo concepto de cobro de paga extra-->
				<campo nombre="ConceptosCobro10" tipo="4" longitud="1"/> <!-- para tipo Mensual-->
				<campo nombre="NoseSabecampoentrenumpagasyconceptoscobro1" tipo="4" longitud="1"/> <!--no se sabe a que pertenece el campo que esta entre numero de pagas a repartir i el codigo concepto de cobro de paga extra-->
				<campo nombre="NumPagasARepartir11" tipo="4" longitud="1"/> <!-- para tipo Mensual-->
				<campo nombre="NoseSabecampoentrenumpagasyconceptoscobro1" tipo="4" longitud="1"/> <!--no se sabe a que pertenece el campo que esta entre numero de pagas a repartir i el codigo concepto de cobro de paga extra-->
				<campo nombre="ConceptosCobro11" tipo="4" longitud="1"/> <!-- para tipo Mensual-->
				<campo nombre="NoseSabecampoentrenumpagasyconceptoscobro1" tipo="4" longitud="1"/> <!--no se sabe a que pertenece el campo que esta entre numero de pagas a repartir i el codigo concepto de cobro de paga extra-->
				<campo nombre="NumPagasARepartir12" tipo="4" longitud="1"/> <!-- para tipo Mensual-->
				<campo nombre="NoseSabecampoentrenumpagasyconceptoscobro1" tipo="4" longitud="1"/> <!--no se sabe a que pertenece el campo que esta entre numero de pagas a repartir i el codigo concepto de cobro de paga extra-->
				<campo nombre="ConceptosCobro12" tipo="4" longitud="1"/> <!-- para tipo Mensual-->
				<!--Datos deconocidos en rango de posiciones 1526 - 1580-->
				<campo nombre="ConvenioOrigen" tipo="10" longitud="6" posicion="1592"/>
				<campo nombre="ConvenioVigente" tipo="10" longitud="1" posicion="1599"/>
				<campo nombre="TipoAnosVacaciones" tipo="10" longitud="1" posicion="1606"/><!-- N naturales, L laborales-->
				<campo nombre="FormulaCalculoParteProporcional" tipo="10" longitud="3" posicion="1607"/> <!--Numero string-->
				<campo nombre="IndemnizacionTributaIRPF" tipo="10" longitud="1" posicion="1610"/>				
			</campos>
		</tabla>
		<tabla nombre="ObservacionesConvenio">
			<campos>
				<campo nombre="observacionConv" tipo="10" longitud="3978" posicion="10"/>		
				<campo nombre="rutaDocConv" tipo="10" longitud="100" posicion="4166"/> 		
			</campos>
		</tabla>	
		<tabla nombre="Categoria">
			<campos>
			  <campo nombre="Tipo" tipo="4" longitud="3" posicion="1"/> <!-- !=0 es categoria. Invertit!!!   si es major que 100 es categorias y niveles-->
			  <campo nombre="DescripcionAbre" tipo="10" longitud="10"/>
			  <campo nombre="ConceptoAfectoAntiguedad1" tipo="4" longitud="2"/>
				<campo nombre="ConceptoAfectoAntiguedad2" tipo="4" longitud="2"/>
				<campo nombre="ConceptoAfectoAntiguedad3" tipo="4" longitud="2"/>
				<campo nombre="ConceptoAfectoAntiguedad4" tipo="4" longitud="2"/>
				<campo nombre="ConceptoAfectoAntiguedad5" tipo="4" longitud="2"/>
				<campo nombre="ConceptoAfectoAntiguedad6" tipo="4" longitud="2"/>
				<campo nombre="ConceptoAfectoAntiguedad7" tipo="4" longitud="2"/>
				<campo nombre="ConceptoAfectoAntiguedad8" tipo="4" longitud="2"/>
				<campo nombre="Descripcion" tipo="10" longitud="30" posicion="1347"/>
				<campo nombre="AntiguedadFormula" tipo="10" longitud="3" posicion="30"/>
				<campo nombre="AntiguedadAno1" tipo="4" longitud="1" posicion="33"/>
				<campo nombre="AntiguedadPorcentaje1" tipo="5" longitud="3"/>
				<campo nombre="AntiguedadImporte1" tipo="5" longitud="6"/>
				<campo nombre="AntiguedadAno2" tipo="4" longitud="1"/>
				<campo nombre="AntiguedadPorcentaje2" tipo="5" longitud="3"/>
				<campo nombre="AntiguedadImporte2" tipo="5" longitud="6"/>
				<campo nombre="AntiguedadAno3" tipo="4" longitud="1"/>
				<campo nombre="AntiguedadPorcentaje3" tipo="5" longitud="3"/>
				<campo nombre="AntiguedadImporte3" tipo="5" longitud="6"/>
				<campo nombre="AntiguedadAno4" tipo="4" longitud="1"/>
				<campo nombre="AntiguedadPorcentaje4" tipo="5" longitud="3"/>
				<campo nombre="AntiguedadImporte4" tipo="5" longitud="6"/>
				<campo nombre="AntiguedadAno5" tipo="4" longitud="1"/>
				<campo nombre="AntiguedadPorcentaje5" tipo="5" longitud="3"/>
				<campo nombre="AntiguedadImporte5" tipo="5" longitud="6"/>
				<campo nombre="AntiguedadAno6" tipo="4" longitud="1"/>
				<campo nombre="AntiguedadPorcentaje6" tipo="5" longitud="3"/>
				<campo nombre="AntiguedadImporte6" tipo="5" longitud="6"/>
				<campo nombre="AntiguedadAno7" tipo="4" longitud="1"/>
				<campo nombre="AntiguedadPorcentaje7" tipo="5" longitud="3"/>
				<campo nombre="AntiguedadImporte7" tipo="5" longitud="6"/>
				<campo nombre="AntiguedadAno8" tipo="4" longitud="1"/>
				<campo nombre="AntiguedadPorcentaje8" tipo="5" longitud="3"/>
				<campo nombre="AntiguedadImporte8" tipo="5" longitud="6"/>
				<campo nombre="AntiguedadAno9" tipo="4" longitud="1"/>
				<campo nombre="AntiguedadPorcentaje9" tipo="5" longitud="3"/>
				<campo nombre="AntiguedadImporte9" tipo="5" longitud="6"/>	
				<campo nombre="AntiguedadAno10" tipo="4" longitud="1"/>
				<campo nombre="AntiguedadPorcentaje10" tipo="5" longitud="3"/>
				<campo nombre="AntiguedadImporte10" tipo="5" longitud="6"/>
				<campo nombre="AntiguedadAno11" tipo="4" longitud="1"/>
				<campo nombre="AntiguedadPorcentaje11" tipo="5" longitud="3"/>
				<campo nombre="AntiguedadImporte11" tipo="5" longitud="6"/>
				<campo nombre="AntiguedadAno12" tipo="4" longitud="1"/>
				<campo nombre="AntiguedadPorcentaje12" tipo="5" longitud="3"/>
				<campo nombre="AntiguedadImporte12" tipo="5" longitud="6"/>
				<campo nombre="AntiguedadAno13" tipo="4" longitud="1"/>
				<campo nombre="AntiguedadPorcentaje13" tipo="5" longitud="3"/>
				<campo nombre="AntiguedadImporte13" tipo="5" longitud="6"/>
				<campo nombre="AntiguedadAno14" tipo="4" longitud="1"/>
				<campo nombre="AntiguedadPorcentaje14" tipo="5" longitud="3"/>
				<campo nombre="AntiguedadImporte14" tipo="5" longitud="6"/>
				<campo nombre="AntiguedadAno15" tipo="4" longitud="1"/>
				<campo nombre="AntiguedadPorcentaje15" tipo="5" longitud="3"/>
				<campo nombre="AntiguedadImporte15" tipo="5" longitud="6"/>
				<campo nombre="AntiguedadAno16" tipo="4" longitud="1"/>
				<campo nombre="AntiguedadPorcentaje16" tipo="5" longitud="3"/>
				<campo nombre="AntiguedadImporte16" tipo="5" longitud="6"/>
				<campo nombre="AntiguedadAno17" tipo="4" longitud="1"/>
				<campo nombre="AntiguedadPorcentaje17" tipo="5" longitud="3"/>
				<campo nombre="AntiguedadImporte17" tipo="5" longitud="6"/>
				<campo nombre="AntiguedadAno18" tipo="4" longitud="1"/>
				<campo nombre="AntiguedadPorcentaje18" tipo="5" longitud="3"/>
				<campo nombre="AntiguedadImporte18" tipo="5" longitud="6"/>
				<campo nombre="AntiguedadAno19" tipo="4" longitud="1"/>
				<campo nombre="AntiguedadPorcentaje19" tipo="5" longitud="3"/>
				<campo nombre="AntiguedadImporte19" tipo="5" longitud="6"/>
				<campo nombre="AntiguedadAno20" tipo="4" longitud="1"/>
				<campo nombre="AntiguedadPorcentaje20" tipo="5" longitud="3"/>
				<campo nombre="AntiguedadImporte20" tipo="5" longitud="6"/>
				<campo nombre="AntiguedadAno21" tipo="4" longitud="1"/>
				<campo nombre="AntiguedadPorcentaje21" tipo="5" longitud="3"/>
				<campo nombre="AntiguedadImporte21" tipo="5" longitud="6"/>
				<campo nombre="AntiguedadAno22" tipo="4" longitud="1"/>
				<campo nombre="AntiguedadPorcentaje22" tipo="5" longitud="3"/>
				<campo nombre="AntiguedadImporte22" tipo="5" longitud="6"/>
				<campo nombre="AntiguedadAno23" tipo="4" longitud="1"/>
				<campo nombre="AntiguedadPorcentaje23" tipo="5" longitud="3"/>
				<campo nombre="AntiguedadImporte23" tipo="5" longitud="6"/>
				<campo nombre="AntiguedadAno24" tipo="4" longitud="1"/>
				<campo nombre="AntiguedadPorcentaje24" tipo="5" longitud="3"/>
				<campo nombre="AntiguedadImporte24" tipo="5" longitud="6"/>
				<campo nombre="AntiguedadAno25" tipo="4" longitud="1"/>
				<campo nombre="AntiguedadPorcentaje25" tipo="5" longitud="3"/>
				<campo nombre="AntiguedadImporte25" tipo="5" longitud="6"/>
				<campo nombre="AntiguedadAno26" tipo="4" longitud="1"/>
				<campo nombre="AntiguedadPorcentaje26" tipo="5" longitud="3"/>
				<campo nombre="AntiguedadImporte26" tipo="5" longitud="6"/>
				<campo nombre="AntiguedadAno27" tipo="4" longitud="1"/>
				<campo nombre="AntiguedadPorcentaje27" tipo="5" longitud="3"/>
				<campo nombre="AntiguedadImporte27" tipo="5" longitud="6"/>
				<campo nombre="AntiguedadAno28" tipo="4" longitud="1"/>
				<campo nombre="AntiguedadPorcentaje28" tipo="5" longitud="3"/>
				<campo nombre="AntiguedadImporte28" tipo="5" longitud="6"/>
				<campo nombre="AntiguedadAno29" tipo="4" longitud="1"/>
				<campo nombre="AntiguedadPorcentaje29" tipo="5" longitud="3"/>
				<campo nombre="AntiguedadImporte29" tipo="5" longitud="6"/>
				<campo nombre="AntiguedadAno30" tipo="4" longitud="1"/>
				<campo nombre="AntiguedadPorcentaje30" tipo="5" longitud="3"/>
				<campo nombre="AntiguedadImporte30" tipo="5" longitud="6"/>
				
				<campo nombre="COD_Concepto1" tipo="4" longitud="2" posicion="333"/>
				<campo nombre="TipoConcepto1" tipo="10" longitud="3"/>
				<campo nombre="Importe1" tipo="5" longitud="7"/><!-- 3 decimales-->
				<campo nombre="IndicadoresConcepto1" tipo="10" longitud="4"/> <!-- en binario -->
				<campo nombre="FormulaConcepto1" tipo="10" longitud="3"/>				
				<campo nombre="COD_Concepto2" tipo="4" longitud="2"/>
				<campo nombre="TipoConcepto2" tipo="10" longitud="3"/>
				<campo nombre="Importe2" tipo="5" longitud="7"/>
				<campo nombre="IndicadoresConcepto2" tipo="10" longitud="4"/>
				<campo nombre="FormulaConcepto2" tipo="10" longitud="3"/>
				<campo nombre="COD_Concepto3" tipo="4" longitud="2"/>
				<campo nombre="TipoConcepto3" tipo="10" longitud="3"/>
				<campo nombre="Importe3" tipo="5" longitud="7"/>
				<campo nombre="IndicadoresConcepto3" tipo="10" longitud="4"/>
				<campo nombre="FormulaConcepto3" tipo="10" longitud="3"/>
				<campo nombre="COD_Concepto4" tipo="4" longitud="2"/>
				<campo nombre="TipoConcepto4" tipo="10" longitud="3"/>
				<campo nombre="Importe4" tipo="5" longitud="7"/>
				<campo nombre="IndicadoresConcepto4" tipo="10" longitud="4"/>
				<campo nombre="FormulaConcepto4" tipo="10" longitud="3"/>
				<campo nombre="COD_Concepto5" tipo="4" longitud="2"/>
				<campo nombre="TipoConcepto5" tipo="10" longitud="3"/>
				<campo nombre="Importe5" tipo="5" longitud="7"/>
				<campo nombre="IndicadoresConcepto5" tipo="10" longitud="4"/>
				<campo nombre="FormulaConcepto5" tipo="10" longitud="3"/>
				<campo nombre="COD_Concepto6" tipo="4" longitud="2"/>
				<campo nombre="TipoConcepto6" tipo="10" longitud="3"/>
				<campo nombre="Importe6" tipo="5" longitud="7"/>
				<campo nombre="IndicadoresConcepto6" tipo="10" longitud="4"/>
				<campo nombre="FormulaConcepto6" tipo="10" longitud="3"/>
				<campo nombre="COD_Concepto7" tipo="4" longitud="2"/>
				<campo nombre="TipoConcepto7" tipo="10" longitud="3"/>
				<campo nombre="Importe7" tipo="5" longitud="7"/>
				<campo nombre="IndicadoresConcepto7" tipo="10" longitud="4"/>
				<campo nombre="FormulaConcepto7" tipo="10" longitud="3"/>
				<campo nombre="COD_Concepto8" tipo="4" longitud="2"/>
				<campo nombre="TipoConcepto8" tipo="10" longitud="3"/>
				<campo nombre="Importe8" tipo="5" longitud="7"/>
				<campo nombre="IndicadoresConcepto8" tipo="10" longitud="4"/>
				<campo nombre="FormulaConcepto8" tipo="10" longitud="3"/>
				<campo nombre="COD_Concepto9" tipo="4" longitud="2"/>
				<campo nombre="TipoConcepto9" tipo="10" longitud="3"/>
				<campo nombre="Importe9" tipo="5" longitud="7"/>
				<campo nombre="IndicadoresConcepto9" tipo="10" longitud="4"/>
				<campo nombre="FormulaConcepto9" tipo="10" longitud="3"/>
				<campo nombre="COD_Concepto10" tipo="4" longitud="2"/>
				<campo nombre="TipoConcepto10" tipo="10" longitud="3"/>
				<campo nombre="Importe10" tipo="5" longitud="7"/>
				<campo nombre="IndicadoresConcepto10" tipo="10" longitud="4"/>
				<campo nombre="FormulaConcepto10" tipo="10" longitud="3"/>
				<campo nombre="COD_Concepto11" tipo="4" longitud="2"/>
				<campo nombre="TipoConcepto11" tipo="10" longitud="3"/>
				<campo nombre="Importe11" tipo="5" longitud="7"/>
				<campo nombre="IndicadoresConcepto11" tipo="10" longitud="4"/>
				<campo nombre="FormulaConcepto11" tipo="10" longitud="3"/>
				<campo nombre="COD_Concepto12" tipo="4" longitud="2"/>
				<campo nombre="TipoConcepto12" tipo="10" longitud="3"/>
				<campo nombre="Importe12" tipo="5" longitud="7"/>
				<campo nombre="IndicadoresConcepto12" tipo="10" longitud="4"/>
				<campo nombre="FormulaConcepto12" tipo="10" longitud="3"/>
				<campo nombre="COD_Concepto13" tipo="4" longitud="2"/>
				<campo nombre="TipoConcepto13" tipo="10" longitud="3"/>
				<campo nombre="Importe13" tipo="5" longitud="7"/>
				<campo nombre="IndicadoresConcepto13" tipo="10" longitud="4"/>
				<campo nombre="FormulaConcepto13" tipo="10" longitud="3"/>
				<campo nombre="COD_Concepto14" tipo="4" longitud="2"/>
				<campo nombre="TipoConcepto14" tipo="10" longitud="3"/>
				<campo nombre="Importe14" tipo="5" longitud="7"/>
				<campo nombre="IndicadoresConcepto14" tipo="10" longitud="4"/>
				<campo nombre="FormulaConcepto14" tipo="10" longitud="3"/>
				<campo nombre="COD_Concepto15" tipo="4" longitud="2"/>
				<campo nombre="TipoConcepto15" tipo="10" longitud="3"/>
				<campo nombre="Importe15" tipo="5" longitud="7"/>
				<campo nombre="IndicadoresConcepto15" tipo="10" longitud="4"/>
				<campo nombre="FormulaConcepto15" tipo="10" longitud="3"/>
				<campo nombre="COD_Concepto16" tipo="4" longitud="2"/>
				<campo nombre="TipoConcepto16" tipo="10" longitud="3"/>
				<campo nombre="Importe16" tipo="5" longitud="7"/>
				<campo nombre="IndicadoresConcepto16" tipo="10" longitud="4"/>
				<campo nombre="FormulaConcepto16" tipo="10" longitud="3"/>
				<campo nombre="COD_Concepto17" tipo="4" longitud="2"/>
				<campo nombre="TipoConcepto17" tipo="10" longitud="3"/>
				<campo nombre="Importe17" tipo="5" longitud="7"/>
				<campo nombre="IndicadoresConcepto17" tipo="10" longitud="4"/>
				<campo nombre="FormulaConcepto17" tipo="10" longitud="3"/>
				<campo nombre="COD_Concepto18" tipo="4" longitud="2"/>
				<campo nombre="TipoConcepto18" tipo="10" longitud="3"/>
				<campo nombre="Importe18" tipo="5" longitud="7"/>
				<campo nombre="IndicadoresConcepto18" tipo="10" longitud="4"/>
				<campo nombre="FormulaConcepto18" tipo="10" longitud="3"/>
				<campo nombre="COD_Concepto19" tipo="4" longitud="2"/>
				<campo nombre="TipoConcepto19" tipo="10" longitud="3"/>
				<campo nombre="Importe19" tipo="5" longitud="7"/>
				<campo nombre="IndicadoresConcepto19" tipo="10" longitud="4"/>
				<campo nombre="FormulaConcepto19" tipo="10" longitud="3"/>
				<campo nombre="COD_Concepto20" tipo="4" longitud="2"/>
				<campo nombre="TipoConcepto20" tipo="10" longitud="3"/>
				<campo nombre="Importe20" tipo="5" longitud="7"/>
				<campo nombre="IndicadoresConcepto20" tipo="10" longitud="4"/>
				<campo nombre="FormulaConcepto20" tipo="10" longitud="3"/>
				<campo nombre="COD_Concepto21" tipo="4" longitud="2"/>
				<campo nombre="TipoConcepto21" tipo="10" longitud="3"/>
				<campo nombre="Importe21" tipo="5" longitud="7"/>
				<campo nombre="IndicadoresConcepto21" tipo="10" longitud="4"/>
				<campo nombre="FormulaConcepto21" tipo="10" longitud="3"/>
				<campo nombre="COD_Concepto22" tipo="4" longitud="2"/>
				<campo nombre="TipoConcepto22" tipo="10" longitud="3"/>
				<campo nombre="Importe22" tipo="5" longitud="7"/>
				<campo nombre="IndicadoresConcepto22" tipo="10" longitud="4"/>
				<campo nombre="FormulaConcepto22" tipo="10" longitud="3"/>
				<campo nombre="COD_Concepto23" tipo="4" longitud="2"/>
				<campo nombre="TipoConcepto23" tipo="10" longitud="3"/>
				<campo nombre="Importe23" tipo="5" longitud="7"/>
				<campo nombre="IndicadoresConcepto23" tipo="10" longitud="4"/>
				<campo nombre="FormulaConcepto23" tipo="10" longitud="3"/>
				<campo nombre="COD_Concepto24" tipo="4" longitud="2"/>
				<campo nombre="TipoConcepto24" tipo="10" longitud="3"/>
				<campo nombre="Importe24" tipo="5" longitud="7"/>
				<campo nombre="IndicadoresConcepto24" tipo="10" longitud="4"/>
				<campo nombre="FormulaConcepto24" tipo="10" longitud="3"/>
				
				<campo nombre="PagasExtraTrabajadorImporte1" tipo="5" longitud="6" posicion="789"/>
				<campo nombre="TipoImporte1" tipo="10" longitud="1"/> <!--S, suma. B, Bruto -->				
				<campo nombre="IND_AfectaAtrasosConvenio1" tipo="10" longitud="1"/> <!-- A, si. N, no-->
				<campo nombre="IND_ImportarConvenio1" tipo="10" longitud="1"/> <!--C, si. P, no-->
				<campo nombre="IND_ProrrateoTiempoParcial1" tipo="10" longitud="1"/> <!--Si,No-->
				<campo nombre="IND_ProrrateoMensual1" tipo="10" longitud="1" posicion="1387"/>
				<campo nombre="ConceptoCobroProrrateoMensual1" tipo="4" longitud="2" posicion="929"/>				
				<campo nombre="PagasExtraTrabajadorImporte2" tipo="5" longitud="6" posicion="800"/>
				<campo nombre="TipoImporte2" tipo="10" longitud="1"/> <!--S, suma. B, Bruto -->				
				<campo nombre="IND_AfectaAtrasosConvenio2" tipo="10" longitud="1"/> <!-- A, si. N, no-->
				<campo nombre="IND_ImportarConvenio2" tipo="10" longitud="1"/> <!--C, si. P, no-->
				<campo nombre="IND_ProrrateoTiempoParcial2" tipo="10" longitud="1"/> <!--Si,No-->
				<campo nombre="IND_ProrrateoMensual2" tipo="10" longitud="1" posicion="1388"/>
				<campo nombre="ConceptoCobroProrrateoMensual2" tipo="4" longitud="2" posicion="931"/>				
				<campo nombre="PagasExtraTrabajadorImporte3" tipo="5" longitud="6" posicion="811"/>
				<campo nombre="TipoImporte3" tipo="10" longitud="1"/> <!--S, suma. B, Bruto -->				
				<campo nombre="IND_AfectaAtrasosConvenio3" tipo="10" longitud="1"/> <!-- A, si. N, no-->
				<campo nombre="IND_ImportarConvenio3" tipo="10" longitud="1"/> <!--C, si. P, no-->
				<campo nombre="IND_ProrrateoTiempoParcial3" tipo="10" longitud="1"/> <!--Si,No-->
				<campo nombre="IND_ProrrateoMensual3" tipo="10" longitud="1" posicion="1389"/>
				<campo nombre="ConceptoCobroProrrateoMensual3" tipo="4" longitud="2" posicion="933"/>				
				<campo nombre="PagasExtraTrabajadorImporte4" tipo="5" longitud="6" posicion="822"/>
				<campo nombre="TipoImporte3" tipo="10" longitud="1"/> <!--S, suma. B, Bruto -->				
				<campo nombre="IND_AfectaAtrasosConvenio4" tipo="10" longitud="1"/> <!-- A, si. N, no-->
				<campo nombre="IND_ImportarConvenio4" tipo="10" longitud="1"/> <!--C, si. P, no-->
				<campo nombre="IND_ProrrateoTiempoParcial4" tipo="10" longitud="1"/> <!--Si,No-->
				<campo nombre="IND_ProrrateoMensual4" tipo="10" longitud="1" posicion="1390"/>
				<campo nombre="ConceptoCobroProrrateoMensual4" tipo="4" longitud="2" posicion="935"/>				
				<campo nombre="PagasExtraTrabajadorImporte5" tipo="5" longitud="6" posicion="833"/>
				<campo nombre="TipoImporte5" tipo="10" longitud="1"/> <!--S, suma. B, Bruto -->				
				<campo nombre="IND_AfectaAtrasosConvenio5" tipo="10" longitud="1"/> <!-- A, si. N, no-->
				<campo nombre="IND_ImportarConvenio5" tipo="10" longitud="1"/> <!--C, si. P, no-->
				<campo nombre="IND_ProrrateoTiempoParcial5" tipo="10" longitud="1"/> <!--Si,No-->
				<campo nombre="IND_ProrrateoMensual5" tipo="10" longitud="1" posicion="1391"/>
				<campo nombre="ConceptoCobroProrrateoMensual5" tipo="4" longitud="2" posicion="937"/>				
				<campo nombre="PagasExtraTrabajadorImporte6" tipo="5" longitud="6" posicion="844"/>
				<campo nombre="TipoImporte6" tipo="10" longitud="1"/> <!--S, suma. B, Bruto -->				
				<campo nombre="IND_AfectaAtrasosConvenio6" tipo="10" longitud="1"/> <!-- A, si. N, no-->
				<campo nombre="IND_ImportarConvenio6" tipo="10" longitud="1"/> <!--C, si. P, no-->
				<campo nombre="IND_ProrrateoTiempoParcial6" tipo="10" longitud="1"/> <!--Si,No-->
				<campo nombre="IND_ProrrateoMensual6" tipo="10" longitud="1" posicion="1392"/>
				<campo nombre="ConceptoCobroProrrateoMensual6" tipo="4" longitud="2" posicion="939"/>				
				<campo nombre="PagasExtraTrabajadorImporte7" tipo="5" longitud="6" posicion="855"/>
				<campo nombre="TipoImporte7" tipo="10" longitud="1"/> <!--S, suma. B, Bruto -->				
				<campo nombre="IND_AfectaAtrasosConvenio7" tipo="10" longitud="1"/> <!-- A, si. N, no-->
				<campo nombre="IND_ImportarConvenio7" tipo="10" longitud="1"/> <!--C, si. P, no-->
				<campo nombre="IND_ProrrateoTiempoParcial7" tipo="10" longitud="1"/> <!--Si,No-->
				<campo nombre="IND_ProrrateoMensual7" tipo="10" longitud="1" posicion="1393"/>
				<campo nombre="ConceptoCobroProrrateoMensual7" tipo="4" longitud="2" posicion="941"/>				
				<campo nombre="PagasExtraTrabajadorImporte8" tipo="5" longitud="6" posicion="866"/>
				<campo nombre="TipoImporte8" tipo="10" longitud="1"/> <!--S, suma. B, Bruto -->				
				<campo nombre="IND_AfectaAtrasosConvenio8" tipo="10" longitud="1"/> <!-- A, si. N, no-->
				<campo nombre="IND_ImportarConvenio8" tipo="10" longitud="1"/> <!--C, si. P, no-->
				<campo nombre="IND_ProrrateoTiempoParcial8" tipo="10" longitud="1"/> <!--Si,No-->
				<campo nombre="IND_ProrrateoMensual8" tipo="10" longitud="1" posicion="1394"/>
				<campo nombre="ConceptoCobroProrrateoMensual8" tipo="4" longitud="2" posicion="943"/>				
				<campo nombre="PagasExtraTrabajadorImporte9" tipo="5" longitud="6" posicion="877"/>
				<campo nombre="TipoImporte9" tipo="10" longitud="1"/> <!--S, suma. B, Bruto -->				
				<campo nombre="IND_AfectaAtrasosConvenio9" tipo="10" longitud="1"/> <!-- A, si. N, no-->
				<campo nombre="IND_ImportarConvenio9" tipo="10" longitud="1"/> <!--C, si. P, no-->
				<campo nombre="IND_ProrrateoTiempoParcial9" tipo="10" longitud="1"/> <!--Si,No-->
				<campo nombre="IND_ProrrateoMensual9" tipo="10" longitud="1" posicion="1395"/>
				<campo nombre="ConceptoCobroProrrateoMensual9" tipo="4" longitud="2" posicion="945"/>				
				<campo nombre="PagasExtraTrabajadorImporte10" tipo="5" longitud="6" posicion="888"/>
				<campo nombre="TipoImporte10" tipo="10" longitud="1"/> <!--S, suma. B, Bruto -->				
				<campo nombre="IND_AfectaAtrasosConvenio10" tipo="10" longitud="1"/> <!-- A, si. N, no-->
				<campo nombre="IND_ImportarConvenio10" tipo="10" longitud="1"/> <!--C, si. P, no-->
				<campo nombre="IND_ProrrateoTiempoParcial10" tipo="10" longitud="1"/> <!--Si,No-->
				<campo nombre="IND_ProrrateoMensual10" tipo="10" longitud="1" posicion="1396"/>
				<campo nombre="ConceptoCobroProrrateoMensual10" tipo="4" longitud="2" posicion="947"/>				
				<campo nombre="PagasExtraTrabajadorImporte11" tipo="5" longitud="6" posicion="899"/>
				<campo nombre="TipoImporte11" tipo="10" longitud="1"/> <!--S, suma. B, Bruto -->				
				<campo nombre="IND_AfectaAtrasosConvenio11" tipo="10" longitud="1"/> <!-- A, si. N, no-->
				<campo nombre="IND_ImportarConvenio11" tipo="10" longitud="1"/> <!--C, si. P, no-->
				<campo nombre="IND_ProrrateoTiempoParcial11" tipo="10" longitud="1"/> <!--Si,No-->
				<campo nombre="IND_ProrrateoMensual11" tipo="10" longitud="1" posicion="1397"/>
				<campo nombre="ConceptoCobroProrrateoMensual11" tipo="4" longitud="2" posicion="949"/>				
				<campo nombre="PagasExtraTrabajadorImporte12" tipo="5" longitud="6" posicion="910"/>
				<campo nombre="TipoImporte12" tipo="10" longitud="1"/> <!--S, suma. B, Bruto -->				
				<campo nombre="IND_AfectaAtrasosConvenio12" tipo="10" longitud="1"/> <!-- A, si. N, no-->
				<campo nombre="IND_ImportarConvenio12" tipo="10" longitud="1"/> <!--C, si. P, no-->
				<campo nombre="IND_ProrrateoTiempoParcial12" tipo="10" longitud="1"/> <!--Si,No-->
				<campo nombre="IND_ProrrateoMensual12" tipo="10" longitud="1" posicion="1398"/>
				<campo nombre="ConceptoCobroProrrateoMensual12" tipo="4" longitud="2" posicion="951"/>
				
				<campo nombre="EpigrafeAccidentesConvenio" tipo="4" longitud="2" posicion="921"/>
				<campo nombre="GrupoTarifaConvenio" tipo="4" longitud="1"/>
				<!-- posicion 924 que no se que es-->
				<campo nombre="CriterioCambio" tipo="4" longitud="1" posicion="925"/>
				<campo nombre="CriterioAnosde" tipo="4" longitud="1"/> <!-- 1, Edad. 2, Antiguedad -->
				<campo nombre="NuevaCategoria" tipo="4" longitud="2"/>
				<campo nombre="DuracionPeriodoPrueba" tipo="10" longitud="3" posicion="1377"/>
				<campo nombre="TipoDuracionPeriodoPrueba" tipo="10" longitud="6" posicion="1381"/> <!-- laborales, naturales,meses-->				
			</campos>
		</tabla>
	</tablas>
</mdb>