<?xml version="1.0" encoding="UTF-8"?>
<mdb archivo="NOMDIR.DAT, NDIRCONV.DAT,NOMPARAM.DAT">
	<tablas>
		<tabla nombre="EntornoEmpresa">
			<campos>
				<campo nombre="COD_Empresa" tipo="4" longitud="3" posicion="2"/> <!-- Lectura invertida-->
				<campo nombre="NIF_Empresa" tipo="10" longitud="14"/>
				<campo nombre="Nombre" tipo="10" longitud="40"/>
				<campo nombre="Ruta" tipo="10" longitud="355"/>
        <campo nombre="FechaBaja" tipo="8" longitud="4" posicion="415"/>
			</campos>
		</tabla>
		<tabla nombre="EntornoConvenio">
			<campos>
				<campo nombre="Convenio_activo" tipo="4" longitud="1" posicion="0"/>
				<campo nombre="COD_Convenio" tipo="10" longitud="6" posicion="2"/>
			</campos>
		</tabla>
		<tabla nombre="EntornoGeneral">
			<campos>
				<campo nombre="rutas" tipo="10" longitud="255" posicion="1"/>
			</campos>
		</tabla>
	</tablas>
</mdb>
