<?xml version="1.0" encoding="UTF-8"?>
<mdb archivo="FFA5003.D" ldat="488">
	<tablas>
    <tabla nombre="Clientes">
			<campos>
       			<CLIEMPRESA    tipo="I"     posicion="0"     longitud="2"   /> <!-- Codigo despacho -->
       			<CLICODIGO    tipo="L"     posicion="2"     longitud="4"   /> <!-- Codigo cliente -->
       			<CLICODIGOFUN    tipo="L"     posicion="13"     longitud="4"   /> <!-- Codigo cliente FUN -->
       			<CLINIF    tipo="I"     posicion="313"     longitud="10"   />  <!-- NIF cliente -->
       			<CLITIPOCOBRO    tipo="A"     posicion="328"     longitud="1"   /> <!-- Tipo de cobro B = Banco, C = Cobrador, A = Administracion -->
       			<CLICODTIPOCOBRO    tipo="I"     posicion="17"     longitud="2"   /> <!-- Codigo tipo de cobro -->
       			<CLIBANCO    tipo="A"     posicion="29"     longitud="31"   /> <!--  Banco -->
       			<CLIDIREC    tipo="A"     posicion="61"     longitud="31"   /> <!--  Direccion banco cliente -->
       			<CLICODPOST    tipo="A"     posicion="93"     longitud="5"   /> <!-- Codigo postal banco -->
       			<CLIPOBLAC    tipo="A"     posicion="98"     longitud="31"   /> <!--  Poblacion banco -->
       			<CLIPROVIN    tipo="A"     posicion="130"     longitud="31"   /> <!-- Provincia banco -->
       			<CLIREMESASEPA    tipo="A"     posicion="130"     longitud="31"   /> <!-- Si es "A" usa IBAN, si es "B" usa CCC -->
       			<CLIENTIDAD    tipo="A"     posicion="162"     longitud="4"   /> <!-- Entidad bancaria  -->
       			<CLIOFICINA    tipo="A"     posicion="166"     longitud="4"   /> <!-- Oficina -->
       			<CLICUENTA    tipo="A"     posicion="172"     longitud="10"   /> <!-- Cuenta bancaria -->
       			<CLIDC    tipo="A"     posicion="170"     longitud="2"   /> <!-- Digito de control -->
       			<CLIIBAN    tipo="A"     posicion="387"     longitud="24"   /> <!-- IBAN -->
       			<CLISERIEFAC    tipo="A"     posicion="311"     longitud="2"   /> <!-- Serie facturacion -->
       			<CLICUENTACONEN    tipo="A"     posicion="329"     longitud="9"   /> <!-- Cuenta cont. entregas a cuenta -->
       			<CLICUENTASUPL    tipo="A"     posicion="341"     longitud="9"   /> <!-- Cuenta suplidos -->
       			<CLICUENTACONTAB    tipo="A"     posicion="183"     longitud="12"   /> <!-- Cuenta contable -->
       			
       			<CLISITACTUAL    tipo="A"     posicion="353"     longitud="1"   /> <!-- 0 - Ejer, 1 - No ejerc., 2 - Ejer. Empresa, 3 - Baja -->
       			<CLIFECHABAJA    tipo="F"     posicion="356"     longitud="8"   formato="yyyyMMdd" /> 
       			<CLIFECHABAJA1    tipo="F"     posicion="305"     longitud="4"   formato="MMyy" /> 
       			
       			<CLIMANDATO    tipo="A"     posicion="433"     longitud="34"   />
       			<CLIFECHAMANDATO    tipo="F"     posicion="468"     longitud="8"   formato="yyyyMMdd" />
			</campos>
    </tabla>
	</tablas>
</mdb>
