<?xml version="1.0" encoding="UTF-8"?>
<mdb archivo="FUN1101.D" ldat="390">
	<tablas>
    	<tabla nombre="Nifes">
			<campos>
				<FUNCODCLIENTE    	tipo="L"     posicion="0"     longitud="4"   />
				<FUNCONTADOR    	tipo="I"     posicion="4"     longitud="1"   />
				<FUNCODCLIENTE2    	tipo="L"     posicion="5"     longitud="4"   />
				<FUNNIF    			tipo="A"     posicion="9"     longitud="10"  />
				<FUNNOMBRE      	tipo="A"     posicion="24"    longitud="35"  />
    			<FUNRAZONSOCIAL  	tipo="A"     posicion="59"    longitud="35"  />
				<FUNSIGLAS			tipo="A"     posicion="94"    longitud="2 "  />
				<FUNVIA				tipo="A"     posicion="96"    longitud="24"  />
				<FUNNUMERO			tipo="A"     posicion="120"    longitud="5"  />
				<FUNESCALERA		tipo="A"     posicion="125"    longitud="2"  />
				<FUNPISO			tipo="A"     posicion="127"    longitud="2"  />
				<FUNPUERTA			tipo="A"     posicion="129"    longitud="2"  />
				<FUNCPOS			tipo="A"     posicion="131"    longitud="5"  />
				<FUNPOBLACION		tipo="A"     posicion="136"    longitud="35"  />
				<FUNPROVINCIA		tipo="A"     posicion="171"    longitud="35"  />
				<FUNTELEFONO		tipo="A"     posicion="206"    longitud="15"  />
				<FUNFAX				tipo="A"     posicion="221"    longitud="15"  />
				<FUNDELHAC			tipo="A"     posicion="236"    longitud="35"  />
				<FUNADMHAC			tipo="A"     posicion="271"    longitud="35"  />
				<FUNCODADMHAC		tipo="A"     posicion="306"    longitud="5"  />
				<FUNFECHAALTA		tipo="D"     posicion="351"    longitud="8" formato="yyyyMMdd" />
				<FUNFECNACIMIENTO	tipo="D"     posicion="359"    longitud="8" formato="yyyyMMdd" />
				<FUNLETRASETIQ		tipo="A"     posicion="372"    longitud="4"  />
			</campos>
		</tabla>
	</tablas>
</mdb>