<?xml version="1.0" encoding="UTF-8"?>
<mdb archivo="FFA5001.D" ldat="1172">
	<tablas>
    <tabla nombre="Despacho">
			<campos>
       			<DESPCODIGO    tipo="I"     posicion="0"     longitud="2"   /> <!-- Codigo despacho -->
       			<DESPEMPCONTA    tipo="A"     posicion="24"     longitud="1"   /> <!-- Codigo empresa contabilidad -->
       			<DESPNIF    tipo="A"     posicion="77"     longitud="9"   /> <!-- Nif despacho -->
       			<DESPCUENLACE    tipo="A"     posicion="268"     longitud="9"   /> <!-- Cuenta enlace entregas a cuenta -->
       			<DESPPREFCLI    tipo="A"     posicion="524"     longitud="4"   /> <!-- Prefijo clientes  -->
       			<DESPPREFSUP    tipo="A"     posicion="536"     longitud="4"   /> <!-- Prefijo suplidos -->
       			<DESPIRPF    tipo="L"     posicion="5"     longitud="3"   /> <!-- % IRPF -->
       			<DESPIVA    tipo="L"     posicion="255"     longitud="3"   /> <!-- % IVA -->
       			<DESPRE    tipo="L"     posicion="258"     longitud="3"   /> <!-- % R.E -->
       			<DESPCODFUN    tipo="L"     posicion="263"     longitud="4"   /> <!-- % R.E -->
			</campos>
    </tabla>
	</tablas>
</mdb>
