<?xml version="1.0" encoding="UTF-8"?>
<mdb archivo="FFA5002.D" ldat="410">
	<tablas>
    <tabla nombre="Series">
			<campos>
       			<SEREMPRESA    tipo="I"     posicion="0"     longitud="2"   /> <!-- Empresa -->
       			<SERANYO    tipo="A"     posicion="2"     longitud="4"   /> <!-- Año (se ordena por año + serie Ejemplo: 2016FR) -->
       			<SERSERIE    tipo="A"     posicion="6"     longitud="2"   /> <!-- Serie -->
       			<SERDESCR    tipo="A"     posicion="22"     longitud="32"   /> <!-- Descripcion -->
       			<SERHONORGR1    tipo="A"     posicion="49"     longitud="9"   /> <!--  Honorarios grupo 1 -->
       			<SERCUENSUPL    tipo="A"     posicion="265"     longitud="9"   /> <!-- Cuenta suplidos -->
       			<SERCUENIVA    tipo="A"     posicion="289"     longitud="9"   />  <!-- Cuenta iva -->
       			<SERVALCONTFAC    tipo="L"     posicion="17"     longitud="4"   /> <!-- Valor contador facturas -->
       			<SERDPTOASOC    tipo="I"     posicion="47"     longitud="1"   /> <!-- Departamento asociado -->
       			<SERENLHONOR    tipo="I"     posicion="48"     longitud="1"   /> <!-- Enlace honorarios -->
       			<SERVENLTRANS    tipo="I"     posicion="49"     longitud="1"   /> <!-- Enlace transitorio -->
       			<SERINDTIPFAC    tipo="A"     posicion="385"     longitud="1"   /> <!-- Indicar tipo factura -->
			</campos>
    </tabla>
	</tablas>
</mdb>