<?xml version="1.0" encoding="UTF-8"?>
<mdb archivo="FFA5014.D" ldat="311">
	<tablas>
    <tabla nombre="TipoCobro">
			<campos>
       			<TPCEMPRESA    tipo="I"     posicion="0"     longitud="2"   /> <!-- Empresa -->
       			<TPBCA    tipo="A"     posicion="2"     longitud="1"   /> <!-- B = Banco, C = Cobrador, A = Administracion -->
       			<TPCODBCA    tipo="I"     posicion="3"     longitud="2"   /> <!-- Codigo BCA --> 
       			<TPDOMICILIO    tipo="A"     posicion="11"     longitud="34"   /> <!-- Domicilio BCA --> 
       			<TPCODPOSTAL    tipo="A"     posicion="45"     longitud="5"   /> <!-- Codigo postal BCA --> 
       			<TPPOBLACION    tipo="A"     posicion="50"     longitud="34"   /> <!-- Poblacion BCA --> 
       			<TPPROVINCIA    tipo="A"     posicion="85"     longitud="34"   /> <!-- Provincia BCA --> 
       			<TPTELEFONO    tipo="A"     posicion="120"     longitud="14"   /> <!-- Telefono BCA --> 
       			<TPCUENTACON    tipo="A"     posicion="135"     longitud="9"   /> <!-- Cuenta contable BCA --> 
       			
       			<TPENTIDAD    tipo="A"     posicion="148"     longitud="4"   /> <!-- Entidad BCA --> 
       			<TPSUCURSAL    tipo="A"     posicion="152"     longitud="4"   /> <!-- Sucursal BCA -->
       			<TPDC    tipo="A"     posicion="156"     longitud="2"   /> <!-- Digito de control BCA --> 
       			<TPCUENTA    tipo="A"     posicion="158"     longitud="10"   /> <!-- Cuenta BCA --> 
       			
       			<TPNUMREL    tipo="I"     posicion="172"     longitud="2"   /> <!-- Numero relacion BCA -->
       			<TPPROCED    tipo="A"     posicion="182"     longitud="2"   /> <!-- Procedimiento BCA --> 
       			<TPCONTINGTAL    tipo="I"     posicion="184"     longitud="2"   /> <!-- Contador ingreso talones BCA --> 
       			<TPNIFTITULAR    tipo="A"     posicion="186"     longitud="9"   /> <!-- NIF Titular Despacho --> 
       			<TPNOMTITULAR    tipo="A"     posicion="196"     longitud="40"   /> <!-- Nombre titular despacho -->
       			<TPENLGESCOBR    tipo="A"     posicion="236"     longitud="1"   /> <!-- Enlazar abonos gestion cobros -->

       			<TPSUFIJO1    tipo="A"     posicion="237"     longitud="3"   /> <!-- Sufijo 1 -->
       			<TPSUFIJO2    tipo="I"     posicion="243"     longitud="2"   /> <!-- Sufijo 2 -->
       			<TPSUFIJO3    tipo="A"     posicion="249"     longitud="3"   /> <!-- Sufijo 3 -->
       			<TPSUFIJO4    tipo="I"     posicion="252"     longitud="2"   /> <!-- Sufijo 4 -->
       			
       			<TPREMOTALON    tipo="A"     posicion="241"     longitud="1"   /> <!-- R = Remesa, T = Talon -->
       			<TPNUMREL34    tipo="I"     posicion="242"     longitud="2"   /> <!-- Numero relacion BCA norma 34 -->
       			<TPCONTREMPRO    tipo="I"     posicion="245"     longitud="2"   /> <!-- Contador remesa provisiones -->
       			<TPDESTOTALES    tipo="A"     posicion="247"     longitud="1"   /> 
       			<TPMARCARCOB    tipo="A"     posicion="248"     longitud="1"   /> 
       			
       			<TPIBAN    tipo="A"     posicion="263"     longitud="24"   /> 
       			
			</campos>
    </tabla>
	</tablas>
</mdb>
