<?xml version="1.0" encoding="UTF-8"?>
<mdb archivo="FFA5005.D" ldat="246">
	<tablas>
    <tabla nombre="Tramites">
			<campos>
       			<TRAMEMPRESA    tipo="I"     posicion="0"     longitud="2"   /> <!-- Empresa -->
       			<TRAMCODIGO    tipo="I"     posicion="2"     longitud="2"   /> <!-- Codigo tramite -->
       			<TRAMDESCR   tipo="A"     posicion="9"     longitud="226"   /> <!-- Descripción trámite -->
       			<TRAMIMPORTE   tipo="L"     posicion="237"     longitud="6"   /> <!-- Importe -->
       			<TRAMDECIM   tipo="A"     posicion="244"     longitud="1"   /> <!--  "S" = Unidades con decimales,  "N" = Unidades sin decimales -->
			</campos>
    </tabla>
	</tablas>
</mdb>
