<?xml version="1.0" encoding="UTF-8"?><mdb archivo="">	<tablas>		<tabla nombre="before0706"> <!-- Para bonificaciones anteriores al 07/06 (fichero NBONIFI2.DAT) -->			<campos>				<campo nombre="COD_Bonificacion" tipo="10" longitud="2" posicion="2"/>				<campo nombre="NoSeSabe" tipo="10" longitud="1"/> <!--S,N (no se sabe a que corresponde)-->				<campo nombre="ContinComunesb" tipo="10" longitud="1"/>				<campo nombre="Accidentesb" tipo="10" longitud="1"/>				<campo nombre="Desempleob" tipo="10" longitud="1"/>				<campo nombre="FormacionProfesionalb" tipo="10" longitud="1"/>				<campo nombre="Fogasab" tipo="10" longitud="1"/>				<campo nombre="Tipob" tipo="10" longitud="1"/> <!-- B Bonificacion, R Reduccion-->				<campo nombre="Descripcion" tipo="10" longitud="25"/> 				<campo nombre="Disposicion" tipo="10" longitud="10"/> 				<campo nombre="Fecha" tipo="8" longitud="4"/>				<campo nombre="Vigenciasb" tipo="10" longitud="1"/>  <!--repasar si corresponde-->				<campo nombre="Porb1" tipo="5" longitud="3"/> <!-- 3 decimales, pertenece a CC o el libre si no esta el check de vigencia marcado-->				<campo nombre="Anosb1" tipo="4" longitud="1"/>				<campo nombre="Porb2" tipo="5" longitud="3"/> <!-- 3 decimales-->				<campo nombre="Anosb2" tipo="4" longitud="1"/>				<campo nombre="Porb3" tipo="5" longitud="3"/> <!-- 3 decimales-->				<campo nombre="Anosb3" tipo="4" longitud="1"/>				<campo nombre="Porb4" tipo="5" longitud="3"/> <!-- 3 decimales-->				<campo nombre="Anosb4" tipo="4" longitud="1"/>				<campo nombre="Porb5" tipo="5" longitud="3"/> <!-- 3 decimales-->				<campo nombre="Anosb5" tipo="4" longitud="1"/>				<campo nombre="Porb6" tipo="5" longitud="3"/> <!-- 3 decimales-->				<campo nombre="Anosb6" tipo="4" longitud="1"/>			</campos>		</tabla>		<tabla nombre="after0706"> <!-- Para bonificaciones posteriores al 07/06 (fichero nbonXXXX.dat)-->			<campos>				<campo nombre="COD_Bonificacion" tipo="10" longitud="2" posicion="3"/>				<campo nombre="NoSeSabe" tipo="10" longitud="1"/> <!-- (no se sabe a que corresponde)-->					<campo nombre="Descripcion" tipo="10" longitud="255"/>				<campo nombre="Tipo" tipo="4" longitud="1"/>	<!-- 1 por cuantia, 2 por porcentaje-->				<campo nombre="Anos" tipo="4" longitud="1"/>				<campo nombre="NoSeSabe2" tipo="10" longitud="7"/> <!-- (no se sabe a que corresponde)-->					<campo nombre="VigenciaContrato" tipo="10" longitud="1"/> <!-- S,N-->				<campo nombre="ContinComunes" tipo="10" longitud="1"/>				<campo nombre="Accidentes" tipo="10" longitud="1"/>				<campo nombre="Desempleo" tipo="10" longitud="1"/>				<campo nombre="FormacionProfesional" tipo="10" longitud="1"/>				<campo nombre="Fogasa" tipo="10" longitud="1"/>				<campo nombre="Por1" tipo="5" longitud="3"/> <!-- porcentajes 3 decimales-->				<campo nombre="Por2" tipo="5" longitud="3"/> 				<campo nombre="Por3" tipo="5" longitud="3"/> 				<campo nombre="Por4" tipo="5" longitud="3"/>				<campo nombre="Por5" tipo="5" longitud="3"/>				<campo nombre="Por6" tipo="5" longitud="3"/> <!-- 3 decimales-->				<campo nombre="Anos1" tipo="4" longitud="1"/>				<campo nombre="Anos2" tipo="4" longitud="1"/>				<campo nombre="Anos3" tipo="4" longitud="1"/>				<campo nombre="Anos4" tipo="4" longitud="1"/>				<campo nombre="Anos5" tipo="4" longitud="1"/>				<campo nombre="Anos6" tipo="4" longitud="1"/>					<campo nombre="CuantiaAnual1" tipo="5" longitud="6"/>					<campo nombre="CuantiaAnual2" tipo="5" longitud="6"/>				<campo nombre="CuantiaAnual3" tipo="5" longitud="6"/>				<campo nombre="CuantiaAnual4" tipo="5" longitud="6"/>				<campo nombre="CuantiaAnual5" tipo="5" longitud="6"/>				<campo nombre="CuantiaAnual6" tipo="5" longitud="6"/>				</campos>		</tabla>		<tabla nombre="bonifAutomatica"> <!-- Bonificaciones automaticas del trabajador (fichero NABXXXXX.dat)-->			<campos>				<campo nombre="Tipo_Bonif" tipo="4" longitud="1" posicion="2"/> <!-- 1= tipo correcto, 2 = tipo incorrecto. -->				<campo nombre="CodigoTrabajador" tipo="10" longitud="6" posicion="12"/> <!-- (no se sabe a que corresponde)-->					<campo nombre="CodigoBonificacion" tipo="10" longitud="2" posicion="22"/>				<campo nombre="DescripcionBonif" tipo="10" longitud="23"/>				<campo nombre="F_InicioBonificacion" tipo="8" longitud="4"/>				<campo nombre="F_FinBonificacion" tipo="8" longitud="4"/>				<campo nombre="ColectivoBonificacion" tipo="4" longitud="2" posicion="63"/>				<campo nombre="ImporPorcenBonif" tipo="5" longitud="4"/>								</campos>		</tabla>	</tablas></mdb>		