<?xml version="1.0" encoding="UTF-8"?>
<mdb archivo="C:\Documents and Settings\Administrador\Escritorio\Handydrive\Imesd\CobolExport\DatosA3\empresa26\N2800026.MDB">
	<tablas>
		<tabla nombre="Centro">
			<campos>
				<campo nombre="CentroOperativo" tipo="4" longitud="1" posicion="0"/> <!-- si getInt == 64 es @ i es registre valid, sino no-->
				<campo nombre="Tipo" tipo="10" longitud="2" posicion="4"/>
				<campo nombre="COD_Centro" tipo="10" longitud="5"/>
				<campo nombre="Nombre" tipo="10" longitud="40" posicion="13"/>
				<campo nombre="NNSSPrefijo" tipo="4" longitud="1"/>
				<campo nombre="NNSS" tipo="4" longitud="3"/>
				<campo nombre="NNSSSufijo" tipo="4" longitud="1"/>
				<campo nombre="Domicilio" tipo="10" longitud="30"/>
				<campo nombre="Poblacion" tipo="10" longitud="20"/>
				<campo nombre="Provincia" tipo="10" longitud="20"/>
				<campo nombre="COD_Postal" tipo="10" longitud="5"/>
				<campo nombre="COD_AdministracionHacienda" tipo="10" longitud="5"/>
				<campo nombre="EpigrafeLicenciaFiscal" tipo="10" longitud="8"/>
				<campo nombre="COD_EntidadAccidentes" tipo="10" longitud="3"/>
				<campo nombre="NOM_EntidadAccidentes" tipo="10" longitud="15"/>
				<campo nombre="COD_Actividad" tipo="10" longitud="3"/>
				<campo nombre="NOM_Actividad" tipo="10" longitud="15"/>
				<campo nombre="COD_Convenio" tipo="10" longitud="6"/>
				<campo nombre="COD_TablaIRPF" tipo="4" longitud="1"/>
				<campo nombre="COD_ConvenioColectivo" tipo="4" longitud="3"/>
				<campo nombre="F_Baja" tipo="8" longitud="4"/><!--lee los datos hexadecimales invertidos (REVISAR)-->
				<campo nombre="CorreoElectronico" tipo="10" longitud="255"/>
				<campo nombre="NOM_Titular" tipo="10" longitud="25"/>
				<campo nombre="NIF_Titular" tipo="10" longitud="10"/>
				<campo nombre="F_NacimientoTitular" tipo="8" longitud="4"/>
				<campo nombre="CargoTitular" tipo="10" longitud="17"/>
				
				<!-- 
    			<campo nombre="F_BonificacionPrestige" tipo="8" longitud="8"/>
				<campo nombre="IND_BonificacionCeutaMelilla" tipo="10" longitud="1"/>
				<campo nombre="NUM_VersionDatosCentro" tipo="4" longitud="4"/>
				-->
				
				<!--CentrosCuentadePago-->
				<campo nombre="COD_Banco1" tipo="4" longitud="2" posicion="507"/>
				<campo nombre="COD_Agencia1" tipo="4" longitud="2"/>
				<campo nombre="DC_Oficina1" tipo="4" longitud="1"/>
				<campo nombre="DC_Cuenta1" tipo="4" longitud="1"/>
				<campo nombre="NUM_Cuenta1" tipo="4" longitud="5"/><!-- long-->				
				<campo nombre="COD_Banco2" tipo="4" longitud="2" posicion="527"/>
				<campo nombre="COD_Agencia2" tipo="4" longitud="2"/>
				<campo nombre="DC_Oficina2" tipo="4" longitud="1"/>
				<campo nombre="DC_Cuenta2" tipo="4" longitud="1"/>
				<campo nombre="NUM_Cuenta2" tipo="4" longitud="5"/>								
				<campo nombre="COD_Banco3" tipo="4" longitud="2" posicion="547"/>
				<campo nombre="COD_Agencia3" tipo="4" longitud="2"/>
				<campo nombre="DC_Oficina3" tipo="4" longitud="1"/>
				<campo nombre="DC_Cuenta3" tipo="4" longitud="1"/>
				<campo nombre="NUM_Cuenta3" tipo="4" longitud="5"/>								
				<campo nombre="COD_Banco4" tipo="4" longitud="2" posicion="567"/>
				<campo nombre="COD_Agencia4" tipo="4" longitud="2"/>
				<campo nombre="DC_Oficina4" tipo="4" longitud="1"/>
				<campo nombre="DC_Cuenta4" tipo="4" longitud="1"/>
				<campo nombre="NUM_Cuenta4" tipo="4" longitud="5"/>	
				
				<!--CentrosFestivo-->
				<campo nombre="Festivo1" tipo="4" longitud="2" posicion="587"/>  <!--retorna XXYY XX=mes YY=dia-->
				<campo nombre="Festivo2" tipo="4" longitud="2"/>				
				<campo nombre="Festivo3" tipo="4" longitud="2"/>				
				<campo nombre="Festivo4" tipo="4" longitud="2"/>				
				<campo nombre="Festivo5" tipo="4" longitud="2"/>				
				<campo nombre="Festivo6" tipo="4" longitud="2"/>				
				<campo nombre="Festivo7" tipo="4" longitud="2"/>				
				<campo nombre="Festivo8" tipo="4" longitud="2"/>								
				<!-- -->
				
			  <!--"CentrosComplementosITPeriodos"-->
			  <campo nombre="IND_ImportarITConvenio" tipo="10" longitud="1" posicion="2189"/>
			  <campo nombre="TipoComplementoPrimeraBajaSinHosp" tipo="10" longitud="1" posicion="603"/>
				<campo nombre="PrimeraBajaEnfSinHospDesde1" tipo="4" longitud="2"/>
				<campo nombre="PrimeraBajaEnfSinHospHasta1" tipo="4" longitud="2"/>
				<campo nombre="PrimeraBajaEnfSinHospPorcentaje1" tipo="4" longitud="2"/>				
				<campo nombre="PrimeraBajaEnfSinHospDesde2" tipo="4" longitud="2"/>
				<campo nombre="PrimeraBajaEnfSinHospHasta2" tipo="4" longitud="2"/>
				<campo nombre="PrimeraBajaEnfSinHospPorcentaje2" tipo="4" longitud="2"/>				
        <campo nombre="PrimeraBajaEnfSinHospDesde3" tipo="4" longitud="2"/>
				<campo nombre="PrimeraBajaEnfSinHospHasta3" tipo="4" longitud="2"/>
				<campo nombre="PrimeraBajaEnfSinHospPorcentaje3" tipo="4" longitud="2"/>				
				<campo nombre="PrimeraBajaEnfSinHospDesde4" tipo="4" longitud="2"/>
				<campo nombre="PrimeraBajaEnfSinHospHasta4" tipo="4" longitud="2"/>
				<campo nombre="PrimeraBajaEnfSinHospPorcentaje4" tipo="4" longitud="2"/>				
				<campo nombre="PrimeraBajaEnfSinHospDesde5" tipo="4" longitud="2"/>
				<campo nombre="PrimeraBajaEnfSinHospHasta5" tipo="4" longitud="2"/>
				<campo nombre="PrimeraBajaEnfSinHospPorcentaje5" tipo="4" longitud="2"/>
				
				<campo nombre="TCompl_AccidentePrimeraBajaSinHosp" tipo="10" longitud="1" posicion="9667"/>				
				<campo nombre="PrimeraBajaAccSinHospDesde1" tipo="4" longitud="2" posicion ="634"/>
				<campo nombre="PrimeraBajaAccSinHospHasta1" tipo="4" longitud="2"/>
				<campo nombre="PrimeraBajaAccSinHospPorcentaje1" tipo="4" longitud="2"/>
				<campo nombre="PrimeraBajaAccSinHospDesde2" tipo="4" longitud="2"/>
				<campo nombre="PrimeraBajaAccSinHospHasta2" tipo="4" longitud="2"/>
				<campo nombre="PrimeraBajaAccSinHospPorcentaje2" tipo="4" longitud="2"/>
				<campo nombre="PrimeraBajaAccSinHospDesde3" tipo="4" longitud="2"/>
				<campo nombre="PrimeraBajaAccSinHospHasta3" tipo="4" longitud="2"/>
				<campo nombre="PrimeraBajaAccSinHospPorcentaje3" tipo="4" longitud="2"/>
				<campo nombre="PrimeraBajaAccSinHospDesde4" tipo="4" longitud="2"/>
				<campo nombre="PrimeraBajaAccSinHospHasta4" tipo="4" longitud="2"/>
				<campo nombre="PrimeraBajaAccSinHospPorcentaje4" tipo="4" longitud="2"/>
				<campo nombre="PrimeraBajaAccSinHospDesde5" tipo="4" longitud="2"/>
				<campo nombre="PrimeraBajaAccSinHospHasta5" tipo="4" longitud="2"/>
				<campo nombre="PrimeraBajaAccSinHospPorcentaje5" tipo="4" longitud="2"/>
				
				<campo nombre="TipoComplementoMaternidad" tipo="10" longitud="1" posicion="2001"/>
				<campo nombre="ComplementoMaternidadDesde1" tipo="4" longitud="2" posicion="664"/>
				<campo nombre="ComplementoMaternidadHasta1" tipo="4" longitud="2"/>
				<campo nombre="ComplementoMaternidadPorcentaje1" tipo="4" longitud="2"/>
				<campo nombre="ComplementoMaternidadDesde2" tipo="4" longitud="2"/>
				<campo nombre="ComplementoMaternidadHasta2" tipo="4" longitud="2"/>
				<campo nombre="ComplementoMaternidadPorcentaje2" tipo="4" longitud="2"/>
				<campo nombre="ComplementoMaternidadDesde3" tipo="4" longitud="2"/>
				<campo nombre="ComplementoMaternidadHasta3" tipo="4" longitud="2"/>
				<campo nombre="ComplementoMaternidadPorcentaje3" tipo="4" longitud="2"/>
				<campo nombre="ComplementoMaternidadDesde4" tipo="4" longitud="2"/>
				<campo nombre="ComplementoMaternidadHasta4" tipo="4" longitud="2"/>
				<campo nombre="ComplementoMaternidadPorcentaje4" tipo="4" longitud="2"/>
				<campo nombre="ComplementoMaternidadDesde5" tipo="4" longitud="2"/>
				<campo nombre="ComplementoMaternidadHasta5" tipo="4" longitud="2"/>
				<campo nombre="ComplementoMaternidadPorcentaje5" tipo="4" longitud="2"/>
				
				<campo nombre="TipoComplementoRiesgoEmbarazo" tipo="10" longitud="1" posicion="9630"/>
				<campo nombre="ComplementoRiesgoEmbarazoDesde1" tipo="4" longitud="2" posicion="2198"/>
				<campo nombre="ComplementoRiesgoEmbarazoHasta1" tipo="4" longitud="2"/>
				<campo nombre="ComplementoRiesgoEmbarazoPorcentaje1" tipo="4" longitud="2"/>
				<campo nombre="ComplementoRiesgoEmbarazoDesde2" tipo="4" longitud="2"/>
				<campo nombre="ComplementoRiesgoEmbarazoHasta2" tipo="4" longitud="2"/>
				<campo nombre="ComplementoRiesgoEmbarazoPorcentaje2" tipo="4" longitud="2"/>
				<campo nombre="ComplementoRiesgoEmbarazoDesde3" tipo="4" longitud="2"/>
				<campo nombre="ComplementoRiesgoEmbarazoHasta3" tipo="4" longitud="2"/>
				<campo nombre="ComplementoRiesgoEmbarazoPorcentaje3" tipo="4" longitud="2"/>
				<campo nombre="ComplementoRiesgoEmbarazoDesde4" tipo="4" longitud="2"/>
				<campo nombre="ComplementoRiesgoEmbarazoHasta4" tipo="4" longitud="2"/>
				<campo nombre="ComplementoRiesgoEmbarazoPorcentaje4" tipo="4" longitud="2"/>
				<campo nombre="ComplementoRiesgoEmbarazoDesde5" tipo="4" longitud="2"/>
				<campo nombre="ComplementoRiesgoEmbarazoHasta5" tipo="4" longitud="2"/>
				<campo nombre="ComplementoRiesgoEmbarazoPorcentaje5" tipo="4" longitud="2"/>
				
				<campo nombre="IND_ITAcumulativaPosterioresBajasSinHosp" tipo="10" longitud="1" posicion="2063"/>				
				<campo nombre="TipoComplementoPosterioresBajasSinHosp" tipo="10" longitud="1" posicion="2002"/>
				<campo nombre="PosterioresBajasEnfSinHospDesde1" tipo="4" longitud="2"/>
				<campo nombre="PosterioresBajasEnfSinHospHasta1" tipo="4" longitud="2"/>
				<campo nombre="PosterioresBajasEnfSinHospPorcentaje1" tipo="4" longitud="2"/>
				<campo nombre="PosterioresBajasEnfSinHospDesde2" tipo="4" longitud="2"/>
				<campo nombre="PosterioresBajasEnfSinHospHasta2" tipo="4" longitud="2"/>
				<campo nombre="PosterioresBajasEnfSinHospPorcentaje2" tipo="4" longitud="2"/>
				<campo nombre="PosterioresBajasEnfSinHospDesde3" tipo="4" longitud="2"/>
				<campo nombre="PosterioresBajasEnfSinHospHasta3" tipo="4" longitud="2"/>
				<campo nombre="PosterioresBajasEnfSinHospPorcentaje3" tipo="4" longitud="2"/>
				<campo nombre="PosterioresBajasEnfSinHospDesde4" tipo="4" longitud="2"/>
				<campo nombre="PosterioresBajasEnfSinHospHasta4" tipo="4" longitud="2"/>
				<campo nombre="PosterioresBajasEnfSinHospPorcentaje4" tipo="4" longitud="2"/>
				<campo nombre="PosterioresBajasEnfSinHospDesde5" tipo="4" longitud="2"/>
				<campo nombre="PosterioresBajasEnfSinHospHasta5" tipo="4" longitud="2"/>
				<campo nombre="PosterioresBajasEnfSinHospPorcentaje5" tipo="4" longitud="2"/>
				
				<campo nombre="IND_AccidenteAcumulativaPosterioresBajasSinHosp" tipo="10" longitud="1" posicion="9669"/>
				<campo nombre="TCompl_AccidentePosterioresBajasSinHosp" tipo="10" longitud="1" posicion="9668"/>			
				<campo nombre="PosterioresBajasAccSinHospDesde1" tipo="4" longitud="2" posicion="2033"/>
				<campo nombre="PosterioresBajasAccSinHospHasta1" tipo="4" longitud="2"/>
				<campo nombre="PosterioresBajasAccSinHospPorcentaje1" tipo="4" longitud="2"/>
				<campo nombre="PosterioresBajasAccSinHospDesde2" tipo="4" longitud="2"/>
				<campo nombre="PosterioresBajasAccSinHospHasta2" tipo="4" longitud="2"/>
				<campo nombre="PosterioresBajasAccSinHospPorcentaje2" tipo="4" longitud="2"/>				
				<campo nombre="PosterioresBajasAccSinHospDesde3" tipo="4" longitud="2"/>
				<campo nombre="PosterioresBajasAccSinHospHasta3" tipo="4" longitud="2"/>
				<campo nombre="PosterioresBajasAccSinHospPorcentaje3" tipo="4" longitud="2"/>				
				<campo nombre="PosterioresBajasAccSinHospDesde4" tipo="4" longitud="2"/>
				<campo nombre="PosterioresBajasAccSinHospHasta4" tipo="4" longitud="2"/>
				<campo nombre="PosterioresBajasAccSinHospPorcentaje4" tipo="4" longitud="2"/>				
				<campo nombre="PosterioresBajasAccSinHospDesde5" tipo="4" longitud="2"/>
				<campo nombre="PosterioresBajasAccSinHospHasta5" tipo="4" longitud="2"/>
				<campo nombre="PosterioresBajasAccSinHospPorcentaje5" tipo="4" longitud="2"/>				
				
				<campo nombre="TipoComplementoPrimeraBajaConHosp" tipo="10" longitud="1" posicion="2064"/>
				<campo nombre="PrimeraBajaEnfConHospDesde1" tipo="4" longitud="2" />
				<campo nombre="PrimeraBajaEnfConHospHasta1" tipo="4" longitud="2"/>
				<campo nombre="PrimeraBajaEnfConHospPorcentaje1" tipo="4" longitud="2"/>				
				<campo nombre="PrimeraBajaEnfConHospDesde2" tipo="4" longitud="2" />
				<campo nombre="PrimeraBajaEnfConHospHasta2" tipo="4" longitud="2"/>
				<campo nombre="PrimeraBajaEnfConHospPorcentaje2" tipo="4" longitud="2"/>
				<campo nombre="PrimeraBajaEnfConHospDesde3" tipo="4" longitud="2" />
				<campo nombre="PrimeraBajaEnfConHospHasta3" tipo="4" longitud="2"/>
				<campo nombre="PrimeraBajaEnfConHospPorcentaje3" tipo="4" longitud="2"/>
				<campo nombre="PrimeraBajaEnfConHospDesde4" tipo="4" longitud="2" />
				<campo nombre="PrimeraBajaEnfConHospHasta4" tipo="4" longitud="2"/>
				<campo nombre="PrimeraBajaEnfConHospPorcentaje4" tipo="4" longitud="2"/>
				<campo nombre="PrimeraBajaEnfConHospDesde5" tipo="4" longitud="2" />
				<campo nombre="PrimeraBajaEnfConHospHasta5" tipo="4" longitud="2"/>
				<campo nombre="PrimeraBajaEnfConHospPorcentaje5" tipo="4" longitud="2"/>

				<campo nombre="TCompl_AccidentePrimeraBajaConHosp" tipo="10" longitud="1" posicion="9670"/>
				<campo nombre="PrimeraBajaAccConHospDesde1" tipo="4" longitud="2" posicion="2095"/>
				<campo nombre="PrimeraBajaAccConHospHasta1" tipo="4" longitud="2"/>
				<campo nombre="PrimeraBajaAccConHospPorcentaje1" tipo="4" longitud="2"/>
				<campo nombre="PrimeraBajaAccConHospDesde2" tipo="4" longitud="2"/>
				<campo nombre="PrimeraBajaAccConHospHasta2" tipo="4" longitud="2"/>
				<campo nombre="PrimeraBajaAccConHospPorcentaje2" tipo="4" longitud="2"/>
				<campo nombre="PrimeraBajaAccConHospDesde3" tipo="4" longitud="2"/>
				<campo nombre="PrimeraBajaAccConHospHasta3" tipo="4" longitud="2"/>
				<campo nombre="PrimeraBajaAccConHospPorcentaje3" tipo="4" longitud="2"/>				
				<campo nombre="PrimeraBajaAccConHospDesde4" tipo="4" longitud="2"/>
				<campo nombre="PrimeraBajaAccConHospHasta4" tipo="4" longitud="2"/>
				<campo nombre="PrimeraBajaAccConHospPorcentaje4" tipo="4" longitud="2"/>
				<campo nombre="PrimeraBajaAccConHospDesde5" tipo="4" longitud="2"/>
				<campo nombre="PrimeraBajaAccConHospHasta5" tipo="4" longitud="2"/>
				<campo nombre="PrimeraBajaAccConHospPorcentaje5" tipo="4" longitud="2"/>								
				
				<campo nombre="IND_ITAcumulativaPosterioresBajasConHosp" tipo="10" longitud="1" posicion="2186"/>
				<campo nombre="TipoComplementoPosterioresBajasConHosp" tipo="10" longitud="1" posicion="2125"/>
				<campo nombre="PosterioresBajasEnfConHospDesde1" tipo="4" longitud="2" posicion="2126"/>
				<campo nombre="PosterioresBajasEnfConHospHasta1" tipo="4" longitud="2"/>
				<campo nombre="PosterioresBajasEnfConHospPorcentaje1" tipo="4" longitud="2"/>
				<campo nombre="PosterioresBajasEnfConHospDesde2" tipo="4" longitud="2" />
				<campo nombre="PosterioresBajasEnfConHospHasta2" tipo="4" longitud="2"/>
				<campo nombre="PosterioresBajasEnfConHospPorcentaje2" tipo="4" longitud="2"/>
				<campo nombre="PosterioresBajasEnfConHospDesde3" tipo="4" longitud="2" />
				<campo nombre="PosterioresBajasEnfConHospHasta3" tipo="4" longitud="2"/>
				<campo nombre="PosterioresBajasEnfConHospPorcentaje3" tipo="4" longitud="2"/>
				<campo nombre="PosterioresBajasEnfConHospDesde4" tipo="4" longitud="2" />
				<campo nombre="PosterioresBajasEnfConHospHasta4" tipo="4" longitud="2"/>
				<campo nombre="PosterioresBajasEnfConHospPorcentaje4" tipo="4" longitud="2"/>
				<campo nombre="PosterioresBajasEnfConHospDesde5" tipo="4" longitud="2" />
				<campo nombre="PosterioresBajasEnfConHospHasta5" tipo="4" longitud="2"/>
				<campo nombre="PosterioresBajasEnfConHospPorcentaje5" tipo="4" longitud="2"/>
				
				<campo nombre="IND_AccidenteAcumulativaPosterioresBajasConHosp" tipo="10" longitud="1" posicion="9672"/>
				<campo nombre="TCompl_AccidentePosterioresBajasConHosp" tipo="10" longitud="1" posicion="9671"/>
				<campo nombre="PosterioresBajasAccConHospDesde1" tipo="4" longitud="2" posicion="2156"/>
				<campo nombre="PosterioresBajasAccConHospHasta1" tipo="4" longitud="2"/>
				<campo nombre="PosterioresBajasAccConHospPorcentaje1" tipo="4" longitud="2"/>
				<campo nombre="PosterioresBajasAccConHospDesde2" tipo="4" longitud="2"/>
				<campo nombre="PosterioresBajasAccConHospHasta2" tipo="4" longitud="2"/>
				<campo nombre="PosterioresBajasAccConHospPorcentaje2" tipo="4" longitud="2"/>
				<campo nombre="PosterioresBajasAccConHospDesde3" tipo="4" longitud="2"/>
				<campo nombre="PosterioresBajasAccConHospHasta3" tipo="4" longitud="2"/>
				<campo nombre="PosterioresBajasAccConHospPorcentaje3" tipo="4" longitud="2"/>
				<campo nombre="PosterioresBajasAccConHospDesde4" tipo="4" longitud="2"/>
				<campo nombre="PosterioresBajasAccConHospHasta4" tipo="4" longitud="2"/>
				<campo nombre="PosterioresBajasAccConHospPorcentaje4" tipo="4" longitud="2"/>
				<campo nombre="PosterioresBajasAccConHospDesde5" tipo="4" longitud="2"/>
				<campo nombre="PosterioresBajasAccConHospHasta5" tipo="4" longitud="2"/>
				<campo nombre="PosterioresBajasAccConHospPorcentaje5" tipo="4" longitud="2"/>
			
				
				<!--CentrosCalculoConfiguracion -->
				<campo nombre="DiasLenNMesual" tipo="5" longitud="3" posicion="694"/> <!-- 5 decimales!!-->
				<campo nombre="DiasXenNMensual" tipo="5" longitud="3"/><!-- 5 decimales!!-->
				<campo nombre="DiasLenNDiario" tipo="5" longitud="3"/><!-- 5 decimales!!-->
				<campo nombre="DiasXenNDiario" tipo="5" longitud="3"/><!-- 5 decimales!!-->
				<campo nombre="InicioDevengoVacaciones" tipo="4" longitud="2" posicion="706"/> <!-- Data en format int DDMM-->
				<campo nombre="DiaCierreIncidencias" tipo="4" longitud="1"/>
				<campo nombre="COD_FormulaPPVacaciones" tipo="10" longitud="3"/>
				<campo nombre="COD_FormatoResumenNomina" tipo="4" longitud="1"/>
				<campo nombre="DiasAnoVacaciones" tipo="4" longitud="1"/>
				<campo nombre="TextoTC1_1" tipo="10" longitud="20"/>
				<campo nombre="TextoTC1_2" tipo="10" longitud="20"/>
				<campo nombre="TextoTC1_3" tipo="10" longitud="20"/>
				<campo nombre="CabeceraTC2" tipo="10" longitud="40"/>
				<campo nombre="PieTC2" tipo="10" longitud="40"/>
				<campo nombre="COD_EpigrafeEspecial1" tipo="4" longitud="2"/>
				<campo nombre="P_ITEpigrafeEspecial1" tipo="5" longitud="2"/>
				<campo nombre="P_IMSEpigrafeEspecial1" tipo="5" longitud="2"/>
				<campo nombre="COD_EpigrafeEspecial2" tipo="4" longitud="2"/>
				<campo nombre="P_ITEpigrafeEspecial2" tipo="5" longitud="2"/>
				<campo nombre="P_IMSEpigrafeEspecial2" tipo="5" longitud="2"/>
				<campo nombre="IND_TipoRegimen" tipo="10" longitud="1"/>
				<campo nombre="IND_SabadosL" tipo="10" longitud="1"/>
				<campo nombre="IND_SabadosX" tipo="10" longitud="1"/>
				<campo nombre="IND_AntiguedadProrrataPE" tipo="10" longitud="1"/>
				<campo nombre="TipoHojaSalario" tipo="10" longitud="1"/>
				<campo nombre="IND_FechaIngresoAntigüedad" tipo="10" longitud="1"/>
				<campo nombre="IND_LiquidoNegativo" tipo="10" longitud="1"/>
				<campo nombre="IND_PagoPorBanco" tipo="10" longitud="1"/>
				<campo nombre="IND_NegativoDescuenta" tipo="10" longitud="1"/>
				<campo nombre="IND_CalcAutoCtoAbsentismo" tipo="10" longitud="1"/>
				<campo nombre="IND_PAnticiposIncidenciasCotizacion" tipo="10" longitud="1"/>
				<campo nombre="IND_TrabMensual1erMesITCobraDiasN" tipo="10" longitud="1"/>
				<campo nombre="IND_Reserva" tipo="10" longitud="1"/>
				<campo nombre="IND_EmpresaColaboradora" tipo="10" longitud="1"/>
				<campo nombre="IND_AportacionServiciosComunes" tipo="10" longitud="1"/>
				<campo nombre="IND_IncluirConceptosEspeciales" tipo="10" longitud="1"/>
				<campo nombre="IND_AntigüedadCategorías" tipo="10" longitud="1"/>
				<campo nombre="IND_InicioAntigüedadEnero" tipo="10" longitud="1"/>				
				<campo nombre="IND_InicioAntEneroAno" tipo="10" longitud="1"/>
				<campo nombre="IND_IncluirAtrasosHojaSalario" tipo="10" longitud="1"/>
				<campo nombre="IND_IncluirDiferenciasHojaSalario" tipo="10" longitud="1"/>
				<campo nombre="IND_AgruparListados" tipo="10" longitud="1"/>
				<campo nombre="IND_HojaSalarioSinIT" tipo="10" longitud="1"/>
				<campo nombre="IND_PagoDelegadoPrestacion" tipo="10" longitud="1"/>
				<campo nombre="IND_ExcluirContingPrestacionHijo" tipo="10" longitud="1"/>
				<campo nombre="IND_ExcluirContingJubilacionInvalidezPerm" tipo="10" longitud="1"/>
				<campo nombre="IND_ExcluirContingIT" tipo="10" longitud="1"/>
				<campo nombre="IND_ExcluirContingInvalidezProvis" tipo="10" longitud="1"/>
				<campo nombre="IND_ExcluirContingAsistenciaSanitaria" tipo="10" longitud="1"/>
				<campo nombre="IND_ExcluirContingPrestFarmacia" tipo="10" longitud="1"/>
				<campo nombre="IND_CotizacionNavarra" tipo="10" longitud="1"/>
			  <campo nombre="IND_ImportarPagasExtrasConvenio" tipo="10" longitud="1"/>
				<campo nombre="P_ITPagasExtras" tipo="5" longitud="3"/>

				
				<!--"CentrosPagasExtrasConfiguracion"-->
				<campo nombre="T_PagaExtra1" tipo="10" longitud="1" posicion="901"/>
				<campo nombre="F_Cobro1" tipo="4" longitud="2"/>
				<campo nombre="IND_InicioDevengoAnoAnterior1" tipo="10" longitud="1"/>
				<campo nombre="F_InicioDevengo1" tipo="4" longitud="2"/>
				<campo nombre="IND_FinDevengoAnoAnterior1" tipo="10" longitud="1"/>
				<campo nombre="F_FinDevengo1" tipo="4" longitud="2"/>
				<campo nombre="DiasNCobroMensual1" tipo="5" longitud="2"/>
				<campo nombre="DiasLCobroMensual1" tipo="5" longitud="2"/>
				<campo nombre="DiasNCobroDiario1" tipo="5" longitud="2"/>
				<campo nombre="DiasLCobroDiario1" tipo="5" longitud="2"/>
				<campo nombre="P_AfectoPagaExtra1" tipo="5" longitud="3"/> <!--Float amb 4 decimals!!!-->
				<campo nombre="IND_IncluirEnHojaSalarioMensual1" tipo="10" longitud="1"/>
				<campo nombre="IND_DesgloseConceptos1" tipo="10" longitud="1"/>
				<campo nombre="IND_AfectoComplemento1" tipo="10" longitud="1"/>
				<campo nombre="IND_DescontarEnfermedad1" tipo="10" longitud="1"/>
				<campo nombre="IND_DescontarAccidente1" tipo="10" longitud="1"/>
				<campo nombre="IND_DescontarAbsentismo1" tipo="10" longitud="1"/>
				<campo nombre="IND_DescontarDesempleo1" tipo="10" longitud="1"/>
				<campo nombre="IND_AfectaAtrasosConvenio1" tipo="10" longitud="1"/>
				<campo nombre="IND_ProrrateoAltaBaja1" tipo="10" longitud="1"/>
				<campo nombre="IND_DescontarMaternidad1" tipo="10" longitud="1"/>
				
				<campo nombre="T_PagaExtra2" tipo="10" longitud="1"/>
				<campo nombre="F_Cobro2" tipo="4" longitud="2"/>
				<campo nombre="IND_InicioDevengoAnoAnterior2" tipo="10" longitud="1"/>
				<campo nombre="F_InicioDevengo2" tipo="4" longitud="2"/>
				<campo nombre="IND_FinDevengoAnoAnterior2" tipo="10" longitud="1"/>
				<campo nombre="F_FinDevengo2" tipo="4" longitud="2"/>
				<campo nombre="DiasNCobroMensual2" tipo="5" longitud="2"/>
				<campo nombre="DiasLCobroMensual2" tipo="5" longitud="2"/>
				<campo nombre="DiasNCobroDiario2" tipo="5" longitud="2"/>
				<campo nombre="DiasLCobroDiario2" tipo="5" longitud="2"/>
				<campo nombre="P_AfectoPagaExtra2" tipo="5" longitud="3"/> <!--Float amb 4 decimals!!!-->
				<campo nombre="IND_IncluirEnHojaSalarioMensual2" tipo="10" longitud="1"/>
				<campo nombre="IND_DesgloseConceptos2" tipo="10" longitud="1"/>
				<campo nombre="IND_AfectoComplemento2" tipo="10" longitud="1"/>
				<campo nombre="IND_DescontarEnfermedad2" tipo="10" longitud="1"/>
				<campo nombre="IND_DescontarAccidente2" tipo="10" longitud="1"/>
				<campo nombre="IND_DescontarAbsentismo2" tipo="10" longitud="1"/>
				<campo nombre="IND_DescontarDesempleo2" tipo="10" longitud="1"/>
				<campo nombre="IND_AfectaAtrasosConvenio2" tipo="10" longitud="1"/>
				<campo nombre="IND_ProrrateoAltaBaja2" tipo="10" longitud="1"/>
				<campo nombre="IND_DescontarMaternidad2" tipo="10" longitud="1"/>
				
				<campo nombre="T_PagaExtra3" tipo="10" longitud="1"/>
				<campo nombre="F_Cobro3" tipo="4" longitud="2"/>
				<campo nombre="IND_InicioDevengoAnoAnterior3" tipo="10" longitud="1"/>
				<campo nombre="F_InicioDevengo3" tipo="4" longitud="2"/>
				<campo nombre="IND_FinDevengoAnoAnterior3" tipo="10" longitud="1"/>
				<campo nombre="F_FinDevengo3" tipo="4" longitud="2"/>
				<campo nombre="DiasNCobroMensual3" tipo="5" longitud="2"/>
				<campo nombre="DiasLCobroMensual3" tipo="5" longitud="2"/>
				<campo nombre="DiasNCobroDiario3" tipo="5" longitud="2"/>
				<campo nombre="DiasLCobroDiario3" tipo="5" longitud="2"/>
				<campo nombre="P_AfectoPagaExtra3" tipo="5" longitud="3"/> <!--Float amb 4 decimals!!!-->
				<campo nombre="IND_IncluirEnHojaSalarioMensual3" tipo="10" longitud="1"/>
				<campo nombre="IND_DesgloseConceptos3" tipo="10" longitud="1"/>
				<campo nombre="IND_AfectoComplemento3" tipo="10" longitud="1"/>
				<campo nombre="IND_DescontarEnfermedad3" tipo="10" longitud="1"/>
				<campo nombre="IND_DescontarAccidente3" tipo="10" longitud="1"/>
				<campo nombre="IND_DescontarAbsentismo3" tipo="10" longitud="1"/>
				<campo nombre="IND_DescontarDesempleo3" tipo="10" longitud="1"/>
				<campo nombre="IND_AfectaAtrasosConvenio3" tipo="10" longitud="1"/>
				<campo nombre="IND_ProrrateoAltaBaja3" tipo="10" longitud="1"/>
				<campo nombre="IND_DescontarMaternidad3" tipo="10" longitud="1"/>
				
				<campo nombre="T_PagaExtra4" tipo="10" longitud="1"/>
				<campo nombre="F_Cobro4" tipo="4" longitud="2"/>
				<campo nombre="IND_InicioDevengoAnoAnterior4" tipo="10" longitud="1"/>
				<campo nombre="F_InicioDevengo4" tipo="4" longitud="2"/>
				<campo nombre="IND_FinDevengoAnoAnterior4" tipo="10" longitud="1"/>
				<campo nombre="F_FinDevengo4" tipo="4" longitud="2"/>
				<campo nombre="DiasNCobroMensual4" tipo="5" longitud="2"/>
				<campo nombre="DiasLCobroMensual4" tipo="5" longitud="2"/>
				<campo nombre="DiasNCobroDiario4" tipo="5" longitud="2"/>
				<campo nombre="DiasLCobroDiario4" tipo="5" longitud="2"/>
				<campo nombre="P_AfectoPagaExtra4" tipo="5" longitud="3"/> <!--Float amb 4 decimals!!!-->
				<campo nombre="IND_IncluirEnHojaSalarioMensual4" tipo="10" longitud="1"/>
				<campo nombre="IND_DesgloseConceptos4" tipo="10" longitud="1"/>
				<campo nombre="IND_AfectoComplemento4" tipo="10" longitud="1"/>
				<campo nombre="IND_DescontarEnfermedad4" tipo="10" longitud="1"/>
				<campo nombre="IND_DescontarAccidente4" tipo="10" longitud="1"/>
				<campo nombre="IND_DescontarAbsentismo4" tipo="10" longitud="1"/>
				<campo nombre="IND_DescontarDesempleo4" tipo="10" longitud="1"/>
				<campo nombre="IND_AfectaAtrasosConvenio4" tipo="10" longitud="1"/>
				<campo nombre="IND_ProrrateoAltaBaja4" tipo="10" longitud="1"/>
				<campo nombre="IND_DescontarMaternidad4" tipo="10" longitud="1"/>
				
				<campo nombre="T_PagaExtra5" tipo="10" longitud="1"/>
				<campo nombre="F_Cobro5" tipo="4" longitud="2"/>
				<campo nombre="IND_InicioDevengoAnoAnterior5" tipo="10" longitud="1"/>
				<campo nombre="F_InicioDevengo5" tipo="4" longitud="2"/>
				<campo nombre="IND_FinDevengoAnoAnterior5" tipo="10" longitud="1"/>
				<campo nombre="F_FinDevengo5" tipo="4" longitud="2"/>
				<campo nombre="DiasNCobroMensual5" tipo="5" longitud="2"/>
				<campo nombre="DiasLCobroMensual5" tipo="5" longitud="2"/>
				<campo nombre="DiasNCobroDiario5" tipo="5" longitud="2"/>
				<campo nombre="DiasLCobroDiario5" tipo="5" longitud="2"/>
				<campo nombre="P_AfectoPagaExtra5" tipo="5" longitud="3"/> <!--Float amb 4 decimals!!!-->
				<campo nombre="IND_IncluirEnHojaSalarioMensual5" tipo="10" longitud="1"/>
				<campo nombre="IND_DesgloseConceptos5" tipo="10" longitud="1"/>
				<campo nombre="IND_AfectoComplemento5" tipo="10" longitud="1"/>
				<campo nombre="IND_DescontarEnfermedad5" tipo="10" longitud="1"/>
				<campo nombre="IND_DescontarAccidente5" tipo="10" longitud="1"/>
				<campo nombre="IND_DescontarAbsentismo5" tipo="10" longitud="1"/>
				<campo nombre="IND_DescontarDesempleo5" tipo="10" longitud="1"/>
				<campo nombre="IND_AfectaAtrasosConvenio5" tipo="10" longitud="1"/>
				<campo nombre="IND_ProrrateoAltaBaja5" tipo="10" longitud="1"/>
				<campo nombre="IND_DescontarMaternidad5" tipo="10" longitud="1"/>
				
				<campo nombre="T_PagaExtra6" tipo="10" longitud="1"/>
				<campo nombre="F_Cobro6" tipo="4" longitud="2"/>
				<campo nombre="IND_InicioDevengoAnoAnterior6" tipo="10" longitud="1"/>
				<campo nombre="F_InicioDevengo6" tipo="4" longitud="2"/>
				<campo nombre="IND_FinDevengoAnoAnterior6" tipo="10" longitud="1"/>
				<campo nombre="F_FinDevengo6" tipo="4" longitud="2"/>
				<campo nombre="DiasNCobroMensual6" tipo="5" longitud="2"/>
				<campo nombre="DiasLCobroMensual6" tipo="5" longitud="2"/>
				<campo nombre="DiasNCobroDiario6" tipo="5" longitud="2"/>
				<campo nombre="DiasLCobroDiario6" tipo="5" longitud="2"/>
				<campo nombre="P_AfectoPagaExtra6" tipo="5" longitud="3"/> <!--Float amb 4 decimals!!!-->
				<campo nombre="IND_IncluirEnHojaSalarioMensual6" tipo="10" longitud="1"/>
				<campo nombre="IND_DesgloseConceptos6" tipo="10" longitud="1"/>
				<campo nombre="IND_AfectoComplemento6" tipo="10" longitud="1"/>
				<campo nombre="IND_DescontarEnfermedad6" tipo="10" longitud="1"/>
				<campo nombre="IND_DescontarAccidente6" tipo="10" longitud="1"/>
				<campo nombre="IND_DescontarAbsentismo6" tipo="10" longitud="1"/>
				<campo nombre="IND_DescontarDesempleo6" tipo="10" longitud="1"/>
				<campo nombre="IND_AfectaAtrasosConvenio6" tipo="10" longitud="1"/>
				<campo nombre="IND_ProrrateoAltaBaja6" tipo="10" longitud="1"/>
				<campo nombre="IND_DescontarMaternidad6" tipo="10" longitud="1"/>
				
				<campo nombre="T_PagaExtra7" tipo="10" longitud="1"/>
				<campo nombre="F_Cobro7" tipo="4" longitud="2"/>
				<campo nombre="IND_InicioDevengoAnoAnterior7" tipo="10" longitud="1"/>
				<campo nombre="F_InicioDevengo7" tipo="4" longitud="2"/>
				<campo nombre="IND_FinDevengoAnoAnterior7" tipo="10" longitud="1"/>
				<campo nombre="F_FinDevengo7" tipo="4" longitud="2"/>
				<campo nombre="DiasNCobroMensual7" tipo="5" longitud="2"/>
				<campo nombre="DiasLCobroMensual7" tipo="5" longitud="2"/>
				<campo nombre="DiasNCobroDiario7" tipo="5" longitud="2"/>
				<campo nombre="DiasLCobroDiario7" tipo="5" longitud="2"/>
				<campo nombre="P_AfectoPagaExtra7" tipo="5" longitud="3"/> <!--Float amb 4 decimals!!!-->
				<campo nombre="IND_IncluirEnHojaSalarioMensual7" tipo="10" longitud="1"/>
				<campo nombre="IND_DesgloseConceptos7" tipo="10" longitud="1"/>
				<campo nombre="IND_AfectoComplemento7" tipo="10" longitud="1"/>
				<campo nombre="IND_DescontarEnfermedad7" tipo="10" longitud="1"/>
				<campo nombre="IND_DescontarAccidente7" tipo="10" longitud="1"/>
				<campo nombre="IND_DescontarAbsentismo7" tipo="10" longitud="1"/>
				<campo nombre="IND_DescontarDesempleo7" tipo="10" longitud="1"/>
				<campo nombre="IND_AfectaAtrasosConvenio7" tipo="10" longitud="1"/>
				<campo nombre="IND_ProrrateoAltaBaja7" tipo="10" longitud="1"/>
				<campo nombre="IND_DescontarMaternidad7" tipo="10" longitud="1"/>
				
				<campo nombre="T_PagaExtra8" tipo="10" longitud="1"/>
				<campo nombre="F_Cobro8" tipo="4" longitud="2"/>
				<campo nombre="IND_InicioDevengoAnoAnterior8" tipo="10" longitud="1"/>
				<campo nombre="F_InicioDevengo8" tipo="4" longitud="2"/>
				<campo nombre="IND_FinDevengoAnoAnterior8" tipo="10" longitud="1"/>
				<campo nombre="F_FinDevengo8" tipo="4" longitud="2"/>
				<campo nombre="DiasNCobroMensual8" tipo="5" longitud="2"/>
				<campo nombre="DiasLCobroMensual8" tipo="5" longitud="2"/>
				<campo nombre="DiasNCobroDiario8" tipo="5" longitud="2"/>
				<campo nombre="DiasLCobroDiario8" tipo="5" longitud="2"/>
				<campo nombre="P_AfectoPagaExtra8" tipo="5" longitud="3"/> <!--Float amb 4 decimals!!!-->
				<campo nombre="IND_IncluirEnHojaSalarioMensual8" tipo="10" longitud="1"/>
				<campo nombre="IND_DesgloseConceptos8" tipo="10" longitud="1"/>
				<campo nombre="IND_AfectoComplemento8" tipo="10" longitud="1"/>
				<campo nombre="IND_DescontarEnfermedad8" tipo="10" longitud="1"/>
				<campo nombre="IND_DescontarAccidente8" tipo="10" longitud="1"/>
				<campo nombre="IND_DescontarAbsentismo8" tipo="10" longitud="1"/>
				<campo nombre="IND_DescontarDesempleo8" tipo="10" longitud="1"/>
				<campo nombre="IND_AfectaAtrasosConvenio8" tipo="10" longitud="1"/>
				<campo nombre="IND_ProrrateoAltaBaja8" tipo="10" longitud="1"/>
				<campo nombre="IND_DescontarMaternidad8" tipo="10" longitud="1"/>
				
				<campo nombre="T_PagaExtra9" tipo="10" longitud="1"/>
				<campo nombre="F_Cobro9" tipo="4" longitud="2"/>
				<campo nombre="IND_InicioDevengoAnoAnterior9" tipo="10" longitud="1"/>
				<campo nombre="F_InicioDevengo9" tipo="4" longitud="2"/>
				<campo nombre="IND_FinDevengoAnoAnterior9" tipo="10" longitud="1"/>
				<campo nombre="F_FinDevengo9" tipo="4" longitud="2"/>
				<campo nombre="DiasNCobroMensual9" tipo="5" longitud="2"/>
				<campo nombre="DiasLCobroMensual9" tipo="5" longitud="2"/>
				<campo nombre="DiasNCobroDiario9" tipo="5" longitud="2"/>
				<campo nombre="DiasLCobroDiario9" tipo="5" longitud="2"/>
				<campo nombre="P_AfectoPagaExtra9" tipo="5" longitud="3"/> <!--Float amb 4 decimals!!!-->
				<campo nombre="IND_IncluirEnHojaSalarioMensual9" tipo="10" longitud="1"/>
				<campo nombre="IND_DesgloseConceptos9" tipo="10" longitud="1"/>
				<campo nombre="IND_AfectoComplemento9" tipo="10" longitud="1"/>
				<campo nombre="IND_DescontarEnfermedad9" tipo="10" longitud="1"/>
				<campo nombre="IND_DescontarAccidente9" tipo="10" longitud="1"/>
				<campo nombre="IND_DescontarAbsentismo9" tipo="10" longitud="1"/>
				<campo nombre="IND_DescontarDesempleo9" tipo="10" longitud="1"/>
				<campo nombre="IND_AfectaAtrasosConvenio9" tipo="10" longitud="1"/>
				<campo nombre="IND_ProrrateoAltaBaja9" tipo="10" longitud="1"/>
				<campo nombre="IND_DescontarMaternidad9" tipo="10" longitud="1"/>			
				
				<campo nombre="T_PagaExtra10" tipo="10" longitud="1"/>
				<campo nombre="F_Cobro10" tipo="4" longitud="2"/>
				<campo nombre="IND_InicioDevengoAnoAnterior10" tipo="10" longitud="1"/>
				<campo nombre="F_InicioDevengo10" tipo="4" longitud="2"/>
				<campo nombre="IND_FinDevengoAnoAnterior10" tipo="10" longitud="1"/>
				<campo nombre="F_FinDevengo10" tipo="4" longitud="2"/>
				<campo nombre="DiasNCobroMensual10" tipo="5" longitud="2"/>
				<campo nombre="DiasLCobroMensual10" tipo="5" longitud="2"/>
				<campo nombre="DiasNCobroDiario10" tipo="5" longitud="2"/>
				<campo nombre="DiasLCobroDiario10" tipo="5" longitud="2"/>
				<campo nombre="P_AfectoPagaExtra10" tipo="5" longitud="3"/> <!--Float amb 4 decimals!!!-->
				<campo nombre="IND_IncluirEnHojaSalarioMensual10" tipo="10" longitud="1"/>
				<campo nombre="IND_DesgloseConceptos10" tipo="10" longitud="1"/>
				<campo nombre="IND_AfectoComplemento10" tipo="10" longitud="1"/>
				<campo nombre="IND_DescontarEnfermedad10" tipo="10" longitud="1"/>
				<campo nombre="IND_DescontarAccidente10" tipo="10" longitud="1"/>
				<campo nombre="IND_DescontarAbsentismo10" tipo="10" longitud="1"/>
				<campo nombre="IND_DescontarDesempleo10" tipo="10" longitud="1"/>
				<campo nombre="IND_AfectaAtrasosConvenio10" tipo="10" longitud="1"/>
				<campo nombre="IND_ProrrateoAltaBaja10" tipo="10" longitud="1"/>
				<campo nombre="IND_DescontarMaternidad10" tipo="10" longitud="1"/>
				
				<campo nombre="T_PagaExtra11" tipo="10" longitud="1"/>
				<campo nombre="F_Cobro11" tipo="4" longitud="2"/>
				<campo nombre="IND_InicioDevengoAnoAnterior11" tipo="10" longitud="1"/>
				<campo nombre="F_InicioDevengo11" tipo="4" longitud="2"/>
				<campo nombre="IND_FinDevengoAnoAnterior11" tipo="10" longitud="1"/>
				<campo nombre="F_FinDevengo11" tipo="4" longitud="2"/>
				<campo nombre="DiasNCobroMensual11" tipo="5" longitud="2"/>
				<campo nombre="DiasLCobroMensual11" tipo="5" longitud="2"/>
				<campo nombre="DiasNCobroDiario11" tipo="5" longitud="2"/>
				<campo nombre="DiasLCobroDiario11" tipo="5" longitud="2"/>
				<campo nombre="P_AfectoPagaExtra11" tipo="5" longitud="3"/> <!--Float amb 4 decimals!!!-->
				<campo nombre="IND_IncluirEnHojaSalarioMensual11" tipo="10" longitud="1"/>
				<campo nombre="IND_DesgloseConceptos11" tipo="10" longitud="1"/>
				<campo nombre="IND_AfectoComplemento11" tipo="10" longitud="1"/>
				<campo nombre="IND_DescontarEnfermedad11" tipo="10" longitud="1"/>
				<campo nombre="IND_DescontarAccidente11" tipo="10" longitud="1"/>
				<campo nombre="IND_DescontarAbsentismo11" tipo="10" longitud="1"/>
				<campo nombre="IND_DescontarDesempleo11" tipo="10" longitud="1"/>
				<campo nombre="IND_AfectaAtrasosConvenio11" tipo="10" longitud="1"/>
				<campo nombre="IND_ProrrateoAltaBaja11" tipo="10" longitud="1"/>
				<campo nombre="IND_DescontarMaternidad11" tipo="10" longitud="1"/>					
				
				<campo nombre="T_PagaExtra12" tipo="10" longitud="1"/>
				<campo nombre="F_Cobro12" tipo="4" longitud="2"/>
				<campo nombre="IND_InicioDevengoAnoAnterior12" tipo="10" longitud="1"/>
				<campo nombre="F_InicioDevengo12" tipo="4" longitud="2"/>
				<campo nombre="IND_FinDevengoAnoAnterior12" tipo="10" longitud="1"/>
				<campo nombre="F_FinDevengo12" tipo="4" longitud="2"/>
				<campo nombre="DiasNCobroMensual12" tipo="5" longitud="2"/>
				<campo nombre="DiasLCobroMensual12" tipo="5" longitud="2"/>
				<campo nombre="DiasNCobroDiario12" tipo="5" longitud="2"/>
				<campo nombre="DiasLCobroDiario12" tipo="5" longitud="2"/>
				<campo nombre="P_AfectoPagaExtra12" tipo="5" longitud="3"/> <!--Float amb 4 decimals!!!-->
				<campo nombre="IND_IncluirEnHojaSalarioMensual12" tipo="10" longitud="1"/>
				<campo nombre="IND_DesgloseConceptos12" tipo="10" longitud="1"/>
				<campo nombre="IND_AfectoComplemento12" tipo="10" longitud="1"/>
				<campo nombre="IND_DescontarEnfermedad12" tipo="10" longitud="1"/>
				<campo nombre="IND_DescontarAccidente12" tipo="10" longitud="1"/>
				<campo nombre="IND_DescontarAbsentismo12" tipo="10" longitud="1"/>
				<campo nombre="IND_DescontarDesempleo12" tipo="10" longitud="1"/>
				<campo nombre="IND_AfectaAtrasosConvenio12" tipo="10" longitud="1"/>
				<campo nombre="IND_ProrrateoAltaBaja12" tipo="10" longitud="1"/>
				<campo nombre="IND_DescontarMaternidad12" tipo="10" longitud="1"/>
				
				<!--CentrosPagasExtrasConceptosAfectos-->
				<campo nombre="COD_Concepto1" tipo="4" longitud="2" posicion="1261"/>
				<campo nombre="NUM_PagaExtra11" tipo="4" longitud="1"/>
				<campo nombre="NUM_PagaExtra21" tipo="4" longitud="1"/>
				<campo nombre="NUM_PagaExtra31" tipo="4" longitud="1"/>
				<campo nombre="NUM_PagaExtra41" tipo="4" longitud="1"/>
				<campo nombre="NUM_PagaExtra51" tipo="4" longitud="1"/>
				<campo nombre="NUM_PagaExtra61" tipo="4" longitud="1"/>
				<campo nombre="NUM_PagaExtra71" tipo="4" longitud="1"/>
				<campo nombre="NUM_PagaExtra81" tipo="4" longitud="1"/>
				<campo nombre="NUM_PagaExtra91" tipo="4" longitud="1"/>
				<campo nombre="NUM_PagaExtra101" tipo="4" longitud="1"/>
				<campo nombre="NUM_PagaExtra111" tipo="4" longitud="1"/>
				<campo nombre="NUM_PagaExtra121" tipo="4" longitud="1"/>
				
				<campo nombre="COD_Concepto2" tipo="4" longitud="2" />
				<campo nombre="NUM_PagaExtra12" tipo="4" longitud="1"/>
				<campo nombre="NUM_PagaExtra22" tipo="4" longitud="1"/>
				<campo nombre="NUM_PagaExtra32" tipo="4" longitud="1"/>
				<campo nombre="NUM_PagaExtra42" tipo="4" longitud="1"/>
				<campo nombre="NUM_PagaExtra52" tipo="4" longitud="1"/>
				<campo nombre="NUM_PagaExtra62" tipo="4" longitud="1"/>
				<campo nombre="NUM_PagaExtra72" tipo="4" longitud="1"/>
				<campo nombre="NUM_PagaExtra82" tipo="4" longitud="1"/>
				<campo nombre="NUM_PagaExtra92" tipo="4" longitud="1"/>
				<campo nombre="NUM_PagaExtra102" tipo="4" longitud="1"/>
				<campo nombre="NUM_PagaExtra112" tipo="4" longitud="1"/>
				<campo nombre="NUM_PagaExtra122" tipo="4" longitud="1"/>
				
				<campo nombre="COD_Concepto3" tipo="4" longitud="2" />
				<campo nombre="NUM_PagaExtra13" tipo="4" longitud="1"/>
				<campo nombre="NUM_PagaExtra23" tipo="4" longitud="1"/>
				<campo nombre="NUM_PagaExtra33" tipo="4" longitud="1"/>
				<campo nombre="NUM_PagaExtra43" tipo="4" longitud="1"/>
				<campo nombre="NUM_PagaExtra53" tipo="4" longitud="1"/>
				<campo nombre="NUM_PagaExtra63" tipo="4" longitud="1"/>
				<campo nombre="NUM_PagaExtra73" tipo="4" longitud="1"/>
				<campo nombre="NUM_PagaExtra83" tipo="4" longitud="1"/>
				<campo nombre="NUM_PagaExtra93" tipo="4" longitud="1"/>
				<campo nombre="NUM_PagaExtra103" tipo="4" longitud="1"/>
				<campo nombre="NUM_PagaExtra113" tipo="4" longitud="1"/>
				<campo nombre="NUM_PagaExtra123" tipo="4" longitud="1"/>
				
				<campo nombre="COD_Concepto4" tipo="4" longitud="2" />
				<campo nombre="NUM_PagaExtra14" tipo="4" longitud="1"/>
				<campo nombre="NUM_PagaExtra24" tipo="4" longitud="1"/>
				<campo nombre="NUM_PagaExtra34" tipo="4" longitud="1"/>
				<campo nombre="NUM_PagaExtra44" tipo="4" longitud="1"/>
				<campo nombre="NUM_PagaExtra54" tipo="4" longitud="1"/>
				<campo nombre="NUM_PagaExtra64" tipo="4" longitud="1"/>
				<campo nombre="NUM_PagaExtra74" tipo="4" longitud="1"/>
				<campo nombre="NUM_PagaExtra84" tipo="4" longitud="1"/>
				<campo nombre="NUM_PagaExtra94" tipo="4" longitud="1"/>
				<campo nombre="NUM_PagaExtra104" tipo="4" longitud="1"/>
				<campo nombre="NUM_PagaExtra114" tipo="4" longitud="1"/>
				<campo nombre="NUM_PagaExtra124" tipo="4" longitud="1"/>
				
				<campo nombre="COD_Concepto5" tipo="4" longitud="2" />
				<campo nombre="NUM_PagaExtra15" tipo="4" longitud="1"/>
				<campo nombre="NUM_PagaExtra25" tipo="4" longitud="1"/>
				<campo nombre="NUM_PagaExtra35" tipo="4" longitud="1"/>
				<campo nombre="NUM_PagaExtra45" tipo="4" longitud="1"/>
				<campo nombre="NUM_PagaExtra55" tipo="4" longitud="1"/>
				<campo nombre="NUM_PagaExtra65" tipo="4" longitud="1"/>
				<campo nombre="NUM_PagaExtra75" tipo="4" longitud="1"/>
				<campo nombre="NUM_PagaExtra85" tipo="4" longitud="1"/>
				<campo nombre="NUM_PagaExtra95" tipo="4" longitud="1"/>
				<campo nombre="NUM_PagaExtra105" tipo="4" longitud="1"/>
				<campo nombre="NUM_PagaExtra115" tipo="4" longitud="1"/>
				<campo nombre="NUM_PagaExtra125" tipo="4" longitud="1"/>
				
				<campo nombre="COD_Concepto6" tipo="4" longitud="2" />
				<campo nombre="NUM_PagaExtra16" tipo="4" longitud="1"/>
				<campo nombre="NUM_PagaExtra26" tipo="4" longitud="1"/>
				<campo nombre="NUM_PagaExtra36" tipo="4" longitud="1"/>
				<campo nombre="NUM_PagaExtra46" tipo="4" longitud="1"/>
				<campo nombre="NUM_PagaExtra56" tipo="4" longitud="1"/>
				<campo nombre="NUM_PagaExtra66" tipo="4" longitud="1"/>
				<campo nombre="NUM_PagaExtra76" tipo="4" longitud="1"/>
				<campo nombre="NUM_PagaExtra86" tipo="4" longitud="1"/>
				<campo nombre="NUM_PagaExtra96" tipo="4" longitud="1"/>
				<campo nombre="NUM_PagaExtra106" tipo="4" longitud="1"/>
				<campo nombre="NUM_PagaExtra116" tipo="4" longitud="1"/>
				<campo nombre="NUM_PagaExtra126" tipo="4" longitud="1"/>
				
				<campo nombre="COD_Concepto7" tipo="4" longitud="2" />
				<campo nombre="NUM_PagaExtra17" tipo="4" longitud="1"/>
				<campo nombre="NUM_PagaExtra27" tipo="4" longitud="1"/>
				<campo nombre="NUM_PagaExtra37" tipo="4" longitud="1"/>
				<campo nombre="NUM_PagaExtra47" tipo="4" longitud="1"/>
				<campo nombre="NUM_PagaExtra57" tipo="4" longitud="1"/>
				<campo nombre="NUM_PagaExtra67" tipo="4" longitud="1"/>
				<campo nombre="NUM_PagaExtra77" tipo="4" longitud="1"/>
				<campo nombre="NUM_PagaExtra87" tipo="4" longitud="1"/>
				<campo nombre="NUM_PagaExtra97" tipo="4" longitud="1"/>
				<campo nombre="NUM_PagaExtra107" tipo="4" longitud="1"/>
				<campo nombre="NUM_PagaExtra117" tipo="4" longitud="1"/>
				<campo nombre="NUM_PagaExtra127" tipo="4" longitud="1"/>
				
				<campo nombre="COD_Concepto8" tipo="4" longitud="2" />
				<campo nombre="NUM_PagaExtra18" tipo="4" longitud="1"/>
				<campo nombre="NUM_PagaExtra28" tipo="4" longitud="1"/>
				<campo nombre="NUM_PagaExtra38" tipo="4" longitud="1"/>
				<campo nombre="NUM_PagaExtra48" tipo="4" longitud="1"/>
				<campo nombre="NUM_PagaExtra58" tipo="4" longitud="1"/>
				<campo nombre="NUM_PagaExtra68" tipo="4" longitud="1"/>
				<campo nombre="NUM_PagaExtra78" tipo="4" longitud="1"/>
				<campo nombre="NUM_PagaExtra88" tipo="4" longitud="1"/>
				<campo nombre="NUM_PagaExtra98" tipo="4" longitud="1"/>
				<campo nombre="NUM_PagaExtra108" tipo="4" longitud="1"/>
				<campo nombre="NUM_PagaExtra118" tipo="4" longitud="1"/>
				<campo nombre="NUM_PagaExtra128" tipo="4" longitud="1"/>
				
				<campo nombre="COD_Concepto9" tipo="4" longitud="2" />
				<campo nombre="NUM_PagaExtra19" tipo="4" longitud="1"/>
				<campo nombre="NUM_PagaExtra29" tipo="4" longitud="1"/>
				<campo nombre="NUM_PagaExtra39" tipo="4" longitud="1"/>
				<campo nombre="NUM_PagaExtra49" tipo="4" longitud="1"/>
				<campo nombre="NUM_PagaExtra59" tipo="4" longitud="1"/>
				<campo nombre="NUM_PagaExtra69" tipo="4" longitud="1"/>
				<campo nombre="NUM_PagaExtra79" tipo="4" longitud="1"/>
				<campo nombre="NUM_PagaExtra89" tipo="4" longitud="1"/>
				<campo nombre="NUM_PagaExtra99" tipo="4" longitud="1"/>
				<campo nombre="NUM_PagaExtra109" tipo="4" longitud="1"/>
				<campo nombre="NUM_PagaExtra119" tipo="4" longitud="1"/>
				<campo nombre="NUM_PagaExtra129" tipo="4" longitud="1"/>
				
				<campo nombre="COD_Concepto10" tipo="4" longitud="2" />
				<campo nombre="NUM_PagaExtra110" tipo="4" longitud="1"/>
				<campo nombre="NUM_PagaExtra210" tipo="4" longitud="1"/>
				<campo nombre="NUM_PagaExtra310" tipo="4" longitud="1"/>
				<campo nombre="NUM_PagaExtra410" tipo="4" longitud="1"/>
				<campo nombre="NUM_PagaExtra510" tipo="4" longitud="1"/>
				<campo nombre="NUM_PagaExtra610" tipo="4" longitud="1"/>
				<campo nombre="NUM_PagaExtra710" tipo="4" longitud="1"/>
				<campo nombre="NUM_PagaExtra810" tipo="4" longitud="1"/>
				<campo nombre="NUM_PagaExtra910" tipo="4" longitud="1"/>
				<campo nombre="NUM_PagaExtra1010" tipo="4" longitud="1"/>
				<campo nombre="NUM_PagaExtra1110" tipo="4" longitud="1"/>
				<campo nombre="NUM_PagaExtra1210" tipo="4" longitud="1"/>
				
				<campo nombre="COD_Concepto11" tipo="4" longitud="2" />
				<campo nombre="NUM_PagaExtra111" tipo="4" longitud="1"/>
				<campo nombre="NUM_PagaExtra211" tipo="4" longitud="1"/>
				<campo nombre="NUM_PagaExtra311" tipo="4" longitud="1"/>
				<campo nombre="NUM_PagaExtra411" tipo="4" longitud="1"/>
				<campo nombre="NUM_PagaExtra511" tipo="4" longitud="1"/>
				<campo nombre="NUM_PagaExtra611" tipo="4" longitud="1"/>
				<campo nombre="NUM_PagaExtra711" tipo="4" longitud="1"/>
				<campo nombre="NUM_PagaExtra811" tipo="4" longitud="1"/>
				<campo nombre="NUM_PagaExtra911" tipo="4" longitud="1"/>
				<campo nombre="NUM_PagaExtra1011" tipo="4" longitud="1"/>
				<campo nombre="NUM_PagaExtra1111" tipo="4" longitud="1"/>
				<campo nombre="NUM_PagaExtra1211" tipo="4" longitud="1"/>
				
				<campo nombre="COD_Concepto12" tipo="4" longitud="2" />
				<campo nombre="NUM_PagaExtra112" tipo="4" longitud="1"/>
				<campo nombre="NUM_PagaExtra212" tipo="4" longitud="1"/>
				<campo nombre="NUM_PagaExtra312" tipo="4" longitud="1"/>
				<campo nombre="NUM_PagaExtra412" tipo="4" longitud="1"/>
				<campo nombre="NUM_PagaExtra512" tipo="4" longitud="1"/>
				<campo nombre="NUM_PagaExtra612" tipo="4" longitud="1"/>
				<campo nombre="NUM_PagaExtra712" tipo="4" longitud="1"/>
				<campo nombre="NUM_PagaExtra812" tipo="4" longitud="1"/>
				<campo nombre="NUM_PagaExtra912" tipo="4" longitud="1"/>
				<campo nombre="NUM_PagaExtra1012" tipo="4" longitud="1"/>
				<campo nombre="NUM_PagaExtra1112" tipo="4" longitud="1"/>
				<campo nombre="NUM_PagaExtra1212" tipo="4" longitud="1"/>
				
				<campo nombre="COD_Concepto13" tipo="4" longitud="2" />
				<campo nombre="NUM_PagaExtra113" tipo="4" longitud="1"/>
				<campo nombre="NUM_PagaExtra213" tipo="4" longitud="1"/>
				<campo nombre="NUM_PagaExtra313" tipo="4" longitud="1"/>
				<campo nombre="NUM_PagaExtra413" tipo="4" longitud="1"/>
				<campo nombre="NUM_PagaExtra513" tipo="4" longitud="1"/>
				<campo nombre="NUM_PagaExtra613" tipo="4" longitud="1"/>
				<campo nombre="NUM_PagaExtra713" tipo="4" longitud="1"/>
				<campo nombre="NUM_PagaExtra813" tipo="4" longitud="1"/>
				<campo nombre="NUM_PagaExtra913" tipo="4" longitud="1"/>
				<campo nombre="NUM_PagaExtra1013" tipo="4" longitud="1"/>
				<campo nombre="NUM_PagaExtra1113" tipo="4" longitud="1"/>
				<campo nombre="NUM_PagaExtra1213" tipo="4" longitud="1"/>
				
				<campo nombre="COD_Concepto14" tipo="4" longitud="2" />
				<campo nombre="NUM_PagaExtra114" tipo="4" longitud="1"/>
				<campo nombre="NUM_PagaExtra214" tipo="4" longitud="1"/>
				<campo nombre="NUM_PagaExtra314" tipo="4" longitud="1"/>
				<campo nombre="NUM_PagaExtra414" tipo="4" longitud="1"/>
				<campo nombre="NUM_PagaExtra514" tipo="4" longitud="1"/>
				<campo nombre="NUM_PagaExtra614" tipo="4" longitud="1"/>
				<campo nombre="NUM_PagaExtra714" tipo="4" longitud="1"/>
				<campo nombre="NUM_PagaExtra814" tipo="4" longitud="1"/>
				<campo nombre="NUM_PagaExtra914" tipo="4" longitud="1"/>
				<campo nombre="NUM_PagaExtra1014" tipo="4" longitud="1"/>
				<campo nombre="NUM_PagaExtra1114" tipo="4" longitud="1"/>
				<campo nombre="NUM_PagaExtra1214" tipo="4" longitud="1"/>
				
				<campo nombre="COD_Concepto15" tipo="4" longitud="2" />
				<campo nombre="NUM_PagaExtra115" tipo="4" longitud="1"/>
				<campo nombre="NUM_PagaExtra215" tipo="4" longitud="1"/>
				<campo nombre="NUM_PagaExtra315" tipo="4" longitud="1"/>
				<campo nombre="NUM_PagaExtra415" tipo="4" longitud="1"/>
				<campo nombre="NUM_PagaExtra515" tipo="4" longitud="1"/>
				<campo nombre="NUM_PagaExtra615" tipo="4" longitud="1"/>
				<campo nombre="NUM_PagaExtra715" tipo="4" longitud="1"/>
				<campo nombre="NUM_PagaExtra815" tipo="4" longitud="1"/>
				<campo nombre="NUM_PagaExtra915" tipo="4" longitud="1"/>
				<campo nombre="NUM_PagaExtra1015" tipo="4" longitud="1"/>
				<campo nombre="NUM_PagaExtra1115" tipo="4" longitud="1"/>
				<campo nombre="NUM_PagaExtra1215" tipo="4" longitud="1"/>
				
				<campo nombre="COD_Concepto16" tipo="4" longitud="2" />
				<campo nombre="NUM_PagaExtra116" tipo="4" longitud="1"/>
				<campo nombre="NUM_PagaExtra216" tipo="4" longitud="1"/>
				<campo nombre="NUM_PagaExtra316" tipo="4" longitud="1"/>
				<campo nombre="NUM_PagaExtra416" tipo="4" longitud="1"/>
				<campo nombre="NUM_PagaExtra516" tipo="4" longitud="1"/>
				<campo nombre="NUM_PagaExtra616" tipo="4" longitud="1"/>
				<campo nombre="NUM_PagaExtra716" tipo="4" longitud="1"/>
				<campo nombre="NUM_PagaExtra816" tipo="4" longitud="1"/>
				<campo nombre="NUM_PagaExtra916" tipo="4" longitud="1"/>
				<campo nombre="NUM_PagaExtra1016" tipo="4" longitud="1"/>
				<campo nombre="NUM_PagaExtra1116" tipo="4" longitud="1"/>
				<campo nombre="NUM_PagaExtra1216" tipo="4" longitud="1"/>
				
				<campo nombre="COD_Concepto17" tipo="4" longitud="2" />
				<campo nombre="NUM_PagaExtra117" tipo="4" longitud="1"/>
				<campo nombre="NUM_PagaExtra217" tipo="4" longitud="1"/>
				<campo nombre="NUM_PagaExtra317" tipo="4" longitud="1"/>
				<campo nombre="NUM_PagaExtra417" tipo="4" longitud="1"/>
				<campo nombre="NUM_PagaExtra517" tipo="4" longitud="1"/>
				<campo nombre="NUM_PagaExtra617" tipo="4" longitud="1"/>
				<campo nombre="NUM_PagaExtra717" tipo="4" longitud="1"/>
				<campo nombre="NUM_PagaExtra817" tipo="4" longitud="1"/>
				<campo nombre="NUM_PagaExtra917" tipo="4" longitud="1"/>
				<campo nombre="NUM_PagaExtra1017" tipo="4" longitud="1"/>
				<campo nombre="NUM_PagaExtra1117" tipo="4" longitud="1"/>
				<campo nombre="NUM_PagaExtra1217" tipo="4" longitud="1"/>
				
				<campo nombre="COD_Concepto18" tipo="4" longitud="2" />
				<campo nombre="NUM_PagaExtra118" tipo="4" longitud="1"/>
				<campo nombre="NUM_PagaExtra218" tipo="4" longitud="1"/>
				<campo nombre="NUM_PagaExtra318" tipo="4" longitud="1"/>
				<campo nombre="NUM_PagaExtra418" tipo="4" longitud="1"/>
				<campo nombre="NUM_PagaExtra518" tipo="4" longitud="1"/>
				<campo nombre="NUM_PagaExtra618" tipo="4" longitud="1"/>
				<campo nombre="NUM_PagaExtra718" tipo="4" longitud="1"/>
				<campo nombre="NUM_PagaExtra818" tipo="4" longitud="1"/>
				<campo nombre="NUM_PagaExtra918" tipo="4" longitud="1"/>
				<campo nombre="NUM_PagaExtra1018" tipo="4" longitud="1"/>
				<campo nombre="NUM_PagaExtra1118" tipo="4" longitud="1"/>
				<campo nombre="NUM_PagaExtra1218" tipo="4" longitud="1"/>
				
				<campo nombre="COD_Concepto19" tipo="4" longitud="2" />
				<campo nombre="NUM_PagaExtra119" tipo="4" longitud="1"/>
				<campo nombre="NUM_PagaExtra219" tipo="4" longitud="1"/>
				<campo nombre="NUM_PagaExtra319" tipo="4" longitud="1"/>
				<campo nombre="NUM_PagaExtra419" tipo="4" longitud="1"/>
				<campo nombre="NUM_PagaExtra519" tipo="4" longitud="1"/>
				<campo nombre="NUM_PagaExtra619" tipo="4" longitud="1"/>
				<campo nombre="NUM_PagaExtra719" tipo="4" longitud="1"/>
				<campo nombre="NUM_PagaExtra819" tipo="4" longitud="1"/>
				<campo nombre="NUM_PagaExtra919" tipo="4" longitud="1"/>
				<campo nombre="NUM_PagaExtra1019" tipo="4" longitud="1"/>
				<campo nombre="NUM_PagaExtra1119" tipo="4" longitud="1"/>
				<campo nombre="NUM_PagaExtra1219" tipo="4" longitud="1"/>
				
				<!-- CentrosCalculoConfiguracion -->
			    <campo nombre="IND_ImportarAntigüedadConvenio" tipo="10" longitud="1" posicion="1681"/>
				<campo nombre="COD_CptoAntigüedad1" tipo="4" longitud="2"/>
				<campo nombre="COD_CptoAntigüedad2" tipo="4" longitud="2"/>
				<campo nombre="COD_CptoAntigüedad3" tipo="4" longitud="2"/>
				<campo nombre="COD_CptoAntigüedad4" tipo="4" longitud="2"/>
				<campo nombre="COD_CptoAntigüedad5" tipo="4" longitud="2"/>
				<campo nombre="COD_CptoAntigüedad6" tipo="4" longitud="2"/>
				<campo nombre="COD_CptoAntigüedad7" tipo="4" longitud="2"/>
				<campo nombre="COD_CptoAntigüedad8" tipo="4" longitud="2"/>
				<campo nombre="COD_FormulaAntigüedad" tipo="10" longitud="3"/>
				
				<!--CentrosNivelesAntigüedadSinCategorias-->
				<campo nombre="Ano1" tipo="4" longitud="1" posicion="1701"/>
				<campo nombre="Porcentaje1" tipo="5" longitud="3"/>
				<campo nombre="Importe1" tipo="5" longitud="6"/>				
				<campo nombre="Ano2" tipo="4" longitud="1"/>
				<campo nombre="Porcentaje2" tipo="5" longitud="3"/>
				<campo nombre="Importe2" tipo="5" longitud="6"/>
				<campo nombre="Ano3" tipo="4" longitud="1"/>
				<campo nombre="Porcentaje3" tipo="5" longitud="3"/>
				<campo nombre="Importe3" tipo="5" longitud="6"/>
				<campo nombre="Ano4" tipo="4" longitud="1"/>
				<campo nombre="Porcentaje4" tipo="5" longitud="3"/>
				<campo nombre="Importe4" tipo="5" longitud="6"/>
				<campo nombre="Ano5" tipo="4" longitud="1"/>
				<campo nombre="Porcentaje5" tipo="5" longitud="3"/>
				<campo nombre="Importe5" tipo="5" longitud="6"/>
				<campo nombre="Ano6" tipo="4" longitud="1"/>
				<campo nombre="Porcentaje6" tipo="5" longitud="3"/>
				<campo nombre="Importe6" tipo="5" longitud="6"/>
				<campo nombre="Ano7" tipo="4" longitud="1"/>
				<campo nombre="Porcentaje7" tipo="5" longitud="3"/>
				<campo nombre="Importe7" tipo="5" longitud="6"/>
				<campo nombre="Ano8" tipo="4" longitud="1"/>
				<campo nombre="Porcentaje8" tipo="5" longitud="3"/>
				<campo nombre="Importe8" tipo="5" longitud="6"/>
				<campo nombre="Ano9" tipo="4" longitud="1"/>
				<campo nombre="Porcentaje9" tipo="5" longitud="3"/>
				<campo nombre="Importe9" tipo="5" longitud="6"/>
				<campo nombre="Ano10" tipo="4" longitud="1"/>
				<campo nombre="Porcentaje10" tipo="5" longitud="3"/>
				<campo nombre="Importe10" tipo="5" longitud="6"/>
				<campo nombre="Ano11" tipo="4" longitud="1"/>
				<campo nombre="Porcentaje11" tipo="5" longitud="3"/>
				<campo nombre="Importe11" tipo="5" longitud="6"/>
				<campo nombre="Ano12" tipo="4" longitud="1"/>
				<campo nombre="Porcentaje12" tipo="5" longitud="3"/>
				<campo nombre="Importe12" tipo="5" longitud="6"/>
				<campo nombre="Ano13" tipo="4" longitud="1"/>
				<campo nombre="Porcentaje13" tipo="5" longitud="3"/>
				<campo nombre="Importe13" tipo="5" longitud="6"/>
				<campo nombre="Ano14" tipo="4" longitud="1"/>
				<campo nombre="Porcentaje14" tipo="5" longitud="3"/>
				<campo nombre="Importe14" tipo="5" longitud="6"/>
				<campo nombre="Ano15" tipo="4" longitud="1"/>
				<campo nombre="Porcentaje15" tipo="5" longitud="3"/>
				<campo nombre="Importe15" tipo="5" longitud="6"/>
				<campo nombre="Ano16" tipo="4" longitud="1"/>
				<campo nombre="Porcentaje16" tipo="5" longitud="3"/>
				<campo nombre="Importe16" tipo="5" longitud="6"/>
				<campo nombre="Ano17" tipo="4" longitud="1"/>
				<campo nombre="Porcentaje17" tipo="5" longitud="3"/>
				<campo nombre="Importe17" tipo="5" longitud="6"/>
				<campo nombre="Ano18" tipo="4" longitud="1"/>
				<campo nombre="Porcentaje18" tipo="5" longitud="3"/>
				<campo nombre="Importe18" tipo="5" longitud="6"/>
				<campo nombre="Ano19" tipo="4" longitud="1"/>
				<campo nombre="Porcentaje19" tipo="5" longitud="3"/>
				<campo nombre="Importe19" tipo="5" longitud="6"/>
				<campo nombre="Ano20" tipo="4" longitud="1"/>
				<campo nombre="Porcentaje20" tipo="5" longitud="3"/>
				<campo nombre="Importe20" tipo="5" longitud="6"/>
				<campo nombre="Ano21" tipo="4" longitud="1"/>
				<campo nombre="Porcentaje21" tipo="5" longitud="3"/>
				<campo nombre="Importe21" tipo="5" longitud="6"/>
				<campo nombre="Ano22" tipo="4" longitud="1"/>
				<campo nombre="Porcentaje22" tipo="5" longitud="3"/>
				<campo nombre="Importe22" tipo="5" longitud="6"/>
				<campo nombre="Ano23" tipo="4" longitud="1"/>
				<campo nombre="Porcentaje23" tipo="5" longitud="3"/>
				<campo nombre="Importe23" tipo="5" longitud="6"/>
				<campo nombre="Ano24" tipo="4" longitud="1"/>
				<campo nombre="Porcentaje24" tipo="5" longitud="3"/>
				<campo nombre="Importe24" tipo="5" longitud="6"/>
				<campo nombre="Ano25" tipo="4" longitud="1"/>
				<campo nombre="Porcentaje25" tipo="5" longitud="3"/>
				<campo nombre="Importe25" tipo="5" longitud="6"/>
				<campo nombre="Ano26" tipo="4" longitud="1"/>
				<campo nombre="Porcentaje26" tipo="5" longitud="3"/>
				<campo nombre="Importe26" tipo="5" longitud="6"/>
				<campo nombre="Ano27" tipo="4" longitud="1"/>
				<campo nombre="Porcentaje27" tipo="5" longitud="3"/>
				<campo nombre="Importe27" tipo="5" longitud="6"/>
				<campo nombre="Ano28" tipo="4" longitud="1"/>
				<campo nombre="Porcentaje28" tipo="5" longitud="3"/>
				<campo nombre="Importe28" tipo="5" longitud="6"/>
				<campo nombre="Ano29" tipo="4" longitud="1"/>
				<campo nombre="Porcentaje29" tipo="5" longitud="3"/>
				<campo nombre="Importe29" tipo="5" longitud="6"/>
				<campo nombre="Ano30" tipo="4" longitud="1"/>
				<campo nombre="Porcentaje30" tipo="5" longitud="3"/>
				<campo nombre="Importe30" tipo="5" longitud="6"/>						

				<!-- CentrosCalculoConfiguracion -->
				<campo nombre="IND_ImporteUnitarioHojaSalario" tipo="4" longitud="1" posicion="2187"/>
				<campo nombre="IND_TratamientoIT" tipo="10" longitud="1"/>
				<campo nombre="IND_ITTiempoParcialDiasN" tipo="10" longitud="1" posicion="2190"/>
				<campo nombre="IND_CotizacionAndorra" tipo="10" longitud="1"/>
				<campo nombre="T_CálculoCítricos" tipo="10" longitud="1"/>
				<campo nombre="IND_MesAltaTrabajadorMensual" tipo="10" longitud="1"/>
				<campo nombre="IND_CentroEspecialEmpleo" tipo="10" longitud="1"/>
				<!-- Centro -->
				<campo nombre="T_PagoSeguridadSocial" tipo="10" longitud="1"/>
				<campo nombre="IND_CargoEnCuenta" tipo="10" longitud="1"/>
				<!-- CentrosCalculoConfiguracion -->
				<campo nombre="IND_CálculoITCítricos" tipo="10" longitud="1"/>
				
				<!--CentrosCuentadePago-->
			    <campo nombre="COD_Banco5" tipo="4" longitud="2" posicion="2398"/>
				<campo nombre="COD_Agencia5" tipo="4" longitud="2"/>
				<campo nombre="DC_Oficina5" tipo="4" longitud="1"/>
				<campo nombre="DC_Cuenta5" tipo="4" longitud="1"/>
				<campo nombre="NUM_Cuenta5" tipo="5" longitud="5"/>								
				<campo nombre="COD_Banco6" tipo="4" longitud="2" posicion="2418"/>
				<campo nombre="COD_Agencia6" tipo="4" longitud="2"/>
				<campo nombre="DC_Oficina6" tipo="4" longitud="1"/>
				<campo nombre="DC_Cuenta6" tipo="4" longitud="1"/>
				<campo nombre="NUM_Cuenta6" tipo="5" longitud="5"/>								
				<campo nombre="COD_Banco7" tipo="4" longitud="2" posicion="2438"/>
				<campo nombre="COD_Agencia7" tipo="4" longitud="2"/>
				<campo nombre="DC_Oficina7" tipo="4" longitud="1"/>
				<campo nombre="DC_Cuenta7" tipo="4" longitud="1"/>
				<campo nombre="NUM_Cuenta7" tipo="5" longitud="5"/>								
				<campo nombre="COD_Banco8" tipo="4" longitud="2" posicion="2458"/>
				<campo nombre="COD_Agencia8" tipo="4" longitud="2"/>
				<campo nombre="DC_Oficina8" tipo="4" longitud="1"/>
				<campo nombre="DC_Cuenta8" tipo="4" longitud="1"/>
				<campo nombre="NUM_Cuenta8" tipo="5" longitud="5"/>								
				<campo nombre="COD_Banco9" tipo="4" longitud="2" posicion="2478"/>
				<campo nombre="COD_Agencia9" tipo="4" longitud="2"/>
				<campo nombre="DC_Oficina9" tipo="4" longitud="1"/>
				<campo nombre="DC_Cuenta9" tipo="4" longitud="1"/>
				<campo nombre="NUM_Cuenta9" tipo="5" longitud="5"/>
				<!-- CentrosCalculoConfiguracion -->
				<campo nombre="COD_BancoPagoIRPF" tipo="4" longitud="1" posicion="2498"/>
				<campo nombre="COD_BancoPagoSS" tipo="4" longitud="1"/>.
				<!-- Centro -->
				<campo nombre="COD_Municipio" tipo="4" longitud="3" posicion="2504"/>
				<!-- CentrosCalculoConfiguracion -->
				<campo nombre="P_ITEpigrafeEspecial1_3dec" tipo="5" longitud="3" posicion="2507"/> <!-- 3 decimals-!!!-->
				<campo nombre="P_IMSEpigrafeEspecial1_3dec" tipo="5" longitud="3"/><!-- 3 decimals-!!!-->
				<campo nombre="P_ITEpigrafeEspecial2_3dec" tipo="5" longitud="3"/><!-- 3 decimals-!!!-->
				<campo nombre="P_IMSEpigrafeEspecial2_3dec" tipo="5" longitud="3"/><!-- 3 decimals-!!!-->
				<campo nombre="COD_EpigrafeSecundario114" tipo="4" longitud="2"/>
				<!-- Centro -->
				<campo nombre="T_FirmaCopiaBasicaContrata" tipo="10" longitud="1"/>
				<!-- CentrosCalculoConfiguracion -->
				<campo nombre="Dias_IndemnizacionFiniquito" tipo="4" longitud="2"/>
				
				<!--"CentrosFestivosAmpliacion"-->
				<campo nombre="Festivo9" tipo="4" longitud="2" posicion="2524"/>  <!--retorna XXYY XX=mes YY=dia-->
				<campo nombre="Festivo10" tipo="4" longitud="2"/>				
				<campo nombre="Festivo11" tipo="4" longitud="2"/>				
				<campo nombre="Festivo12" tipo="4" longitud="2"/>	
				<!--"CentrosFestivosConvenio"-->
				<campo nombre="FestivoConvenio1" tipo="4" longitud="2" posicion="2532"/>  <!--retorna XXYY XX=mes YY=dia-->
				<campo nombre="FestivoConvenio2" tipo="4" longitud="2"/>				
				<campo nombre="FestivoConvenio3" tipo="4" longitud="2"/>				
				<campo nombre="FestivoConvenio4" tipo="4" longitud="2"/>	
				<!--Conceptos relacionados con las pagas extras de tipo prorrateo mensual-->
				<campo nombre="NumPagasARepartir1" tipo="4" longitud ="1" posicion ="2540"/>
				<campo nombre="SinIdentificar1" tipo="4" longitud ="1"/>
				<campo nombre="ConceptoCobroPagas1" tipo="4" longitud ="2"/>
				<campo nombre="NumPagasARepartir2" tipo="4" longitud ="1"/>
				<campo nombre="SinIdentificar2" tipo="4" longitud ="1"/>
				<campo nombre="ConceptoCobroPagas2" tipo="4" longitud ="2"/>
				<campo nombre="NumPagasARepartir3" tipo="4" longitud ="1"/>
				<campo nombre="SinIdentificar3" tipo="4" longitud ="1"/>
				<campo nombre="ConceptoCobroPagas3" tipo="4" longitud ="2"/>
				<campo nombre="NumPagasARepartir4" tipo="4" longitud ="1"/>
				<campo nombre="SinIdentificar4" tipo="4" longitud ="1"/>
				<campo nombre="ConceptoCobroPagas4" tipo="4" longitud ="2"/>
				<campo nombre="NumPagasARepartir5" tipo="4" longitud ="1"/>
				<campo nombre="SinIdentificar5" tipo="4" longitud ="1"/>
				<campo nombre="ConceptoCobroPagas5" tipo="4" longitud ="2"/>
				<campo nombre="NumPagasARepartir6" tipo="4" longitud ="1"/>
				<campo nombre="SinIdentificar6" tipo="4" longitud ="1"/>
				<campo nombre="ConceptoCobroPagas6" tipo="4" longitud ="2"/>
				<campo nombre="NumPagasARepartir7" tipo="4" longitud ="1"/>
				<campo nombre="SinIdentificar7" tipo="4" longitud ="1"/>
				<campo nombre="ConceptoCobroPagas7" tipo="4" longitud ="2"/>
				<campo nombre="NumPagasARepartir8" tipo="4" longitud ="1"/>
				<campo nombre="SinIdentificar8" tipo="4" longitud ="1"/>
				<campo nombre="ConceptoCobroPagas8" tipo="4" longitud ="2"/>
				<campo nombre="NumPagasARepartir9" tipo="4" longitud ="1"/>
				<campo nombre="SinIdentificar9" tipo="4" longitud ="1"/>
				<campo nombre="ConceptoCobroPagas9" tipo="4" longitud ="2"/>
				<campo nombre="NumPagasARepartir10" tipo="4" longitud ="1"/>
				<campo nombre="SinIdentificar10" tipo="4" longitud ="1"/>
				<campo nombre="ConceptoCobroPagas10" tipo="4" longitud ="2"/>
				<campo nombre="NumPagasARepartir11" tipo="4" longitud ="1"/>
				<campo nombre="SinIdentificar11" tipo="4" longitud ="1"/>
				<campo nombre="ConceptoCobroPagas11" tipo="4" longitud ="2"/>
				<campo nombre="NumPagasARepartir12" tipo="4" longitud ="1"/>
				<campo nombre="SinIdentificar12" tipo="4" longitud ="1"/>
				<campo nombre="ConceptoCobroPagas12" tipo="4" longitud ="2"/>
				<!-- posiciones 2588 en .DAT de datos desconocidos.-->
				<campo nombre="CNAECentro" tipo="4" longitud ="3" posicion ="2589"/>
				<campo nombre="CNAE09Centro" tipo="4" longitud ="3" posicion ="2598"/>
				<!-- posiciones de la 6084 a 6216 en .DAT de datos desconocidos.-->
				<!-- posiciones 6368 en .DAT de datos desconocidos.-->
				
				<!-- CentrosCalculoConfiguracion -->
				<campo nombre="IND_RegimenSegSocialSistemaRed" tipo="10" longitud="1" posicion="9631"/>
				<campo nombre="HorasSemanaTCompleto" tipo="10" longitud="20"/>
				<campo nombre="PrestadasDesde" tipo="10" longitud="1"/>
				<campo nombre="PrestadasHasta" tipo="10" longitud="1"/>
				<!-- Centro -->
				<campo nombre="IND_BonificacionPrestige" tipo="10" longitud="1" posicion="9654"/>
				<campo nombre="IND_RedondeoExcesoVacaciones" tipo="10" longitud="1"/>
				<campo nombre="IND_ListarPuesto" tipo="10" longitud="1"/>
				<campo nombre="IND_ListarImputacion" tipo="10" longitud="1"/>
				<campo nombre="IND_Epigrafe_3decimales" tipo="10" longitud="1"/>
				<!-- Nuevo -->
				<campo nombre="COD_Mutua" tipo="10" longitud="4" posicion="9660"/>
				<!-- CentrosCalculoConfiguracion -->
				<campo nombre="TipoAnosVacaciones" tipo="10" longitud="1" posicion="9665"/>
				<campo nombre="IND_IndemnizacionTributaIRPF" tipo="10" longitud="1"/>
				<campo nombre="IND_Dias_L_CitricosTrabajados" tipo="10" longitud="1" posicion="9673"/>
				<campo nombre="IND_HojaSalarioModificada" tipo="10" longitud="1"/>
				<campo nombre="IND_OcultarBanco" tipo="10" longitud="1"/>
				<campo nombre="IND_MasFestivos" tipo="10" longitud="1"/>
				<campo nombre="COD_ConvenioAnterior" tipo="10" longitud="6"/>
				<campo nombre="IND_ImportarDatosConvenio" tipo="10" longitud="1"/>
				<campo nombre="IND_Omitir31PagasExtra" tipo="10" longitud="1"/>				
				<campo nombre="Telefono1" tipo="10" longitud="13"/>
				<campo nombre="Telefono2" tipo="10" longitud="13"/>
				<campo nombre="AportacionFundaciones" tipo="10" longitud="1"/>
				<campo nombre="ModalidadPagoSS" tipo="10" longitud="1" posicion="2196"/>
				
			</campos>
		</tabla>
		<!--Las observaciones se ecuentran en el archivo NENXXXXX.dat-->
		<tabla nombre="Observaciones">
			<campos>
			    <campo nombre="Tipo" tipo="4" longitud="1" posicion="4"/>
			    <campo nombre="COD_Empresa" tipo="10" longitud="6" posicion="5"/>
			    <campo nombre="COD_Centro" tipo="10" longitud="5"/>
				<campo nombre="ObservacionesCentro" tipo="10" longitud="3959" posicion="36"/>
			</campos>
		</tabla>
		
		<!--Las antiguedades por categoría se encuentran archivo NACXXXXX.dat-->
		<tabla nombre="AntiguedadCategoría">
			<campos>
				  <campo nombre="Tipo" tipo="4" longitud="1" posicion="0"/>  <!--int 66 ok, 32 repe -->
			    <campo nombre="CodigoCentro" tipo="4" longitud="2" posicion="4"/>
			    <campo nombre="CodigoCategoria" tipo="4" longitud="1"/>
			    <campo nombre="DesCategoria" tipo="10" longitud="11"/>
			    <campo nombre="ConceptoAfecto1" tipo="4" longitud="2"/>
			    <campo nombre="ConceptoAfecto2" tipo="4" longitud="2"/>
			    <campo nombre="ConceptoAfecto3" tipo="4" longitud="2"/>
			    <campo nombre="ConceptoAfecto4" tipo="4" longitud="2"/>
			    <campo nombre="ConceptoAfecto5" tipo="4" longitud="2"/>
			    <campo nombre="ConceptoAfecto6" tipo="4" longitud="2"/>
			    <campo nombre="ConceptoAfecto7" tipo="4" longitud="2"/>
			    <campo nombre="ConceptoAfecto8" tipo="4" longitud="2"/>
			    <campo nombre="Formula" tipo="10" longitud="3"/>
				<campo nombre="Ano1" tipo="4" longitud="1" posicion="37"/>
				<campo nombre="Porcentaje1" tipo="5" longitud="3"/>
				<campo nombre="Importe1" tipo="5" longitud="6"/>				
				<campo nombre="Ano2" tipo="4" longitud="1"/>
				<campo nombre="Porcentaje2" tipo="5" longitud="3"/>
				<campo nombre="Importe2" tipo="5" longitud="6"/>
				<campo nombre="Ano3" tipo="4" longitud="1"/>
				<campo nombre="Porcentaje3" tipo="5" longitud="3"/>
				<campo nombre="Importe3" tipo="5" longitud="6"/>
				<campo nombre="Ano4" tipo="4" longitud="1"/>
				<campo nombre="Porcentaje4" tipo="5" longitud="3"/>
				<campo nombre="Importe4" tipo="5" longitud="6"/>
				<campo nombre="Ano5" tipo="4" longitud="1"/>
				<campo nombre="Porcentaje5" tipo="5" longitud="3"/>
				<campo nombre="Importe5" tipo="5" longitud="6"/>
				<campo nombre="Ano6" tipo="4" longitud="1"/>
				<campo nombre="Porcentaje6" tipo="5" longitud="3"/>
				<campo nombre="Importe6" tipo="5" longitud="6"/>
				<campo nombre="Ano7" tipo="4" longitud="1"/>
				<campo nombre="Porcentaje7" tipo="5" longitud="3"/>
				<campo nombre="Importe7" tipo="5" longitud="6"/>
				<campo nombre="Ano8" tipo="4" longitud="1"/>
				<campo nombre="Porcentaje8" tipo="5" longitud="3"/>
				<campo nombre="Importe8" tipo="5" longitud="6"/>
				<campo nombre="Ano9" tipo="4" longitud="1"/>
				<campo nombre="Porcentaje9" tipo="5" longitud="3"/>
				<campo nombre="Importe9" tipo="5" longitud="6"/>
				<campo nombre="Ano10" tipo="4" longitud="1"/>
				<campo nombre="Porcentaje10" tipo="5" longitud="3"/>
				<campo nombre="Importe10" tipo="5" longitud="6"/>
				<campo nombre="Ano11" tipo="4" longitud="1"/>
				<campo nombre="Porcentaje11" tipo="5" longitud="3"/>
				<campo nombre="Importe11" tipo="5" longitud="6"/>
				<campo nombre="Ano12" tipo="4" longitud="1"/>
				<campo nombre="Porcentaje12" tipo="5" longitud="3"/>
				<campo nombre="Importe12" tipo="5" longitud="6"/>
				<campo nombre="Ano13" tipo="4" longitud="1"/>
				<campo nombre="Porcentaje13" tipo="5" longitud="3"/>
				<campo nombre="Importe13" tipo="5" longitud="6"/>
				<campo nombre="Ano14" tipo="4" longitud="1"/>
				<campo nombre="Porcentaje14" tipo="5" longitud="3"/>
				<campo nombre="Importe14" tipo="5" longitud="6"/>
				<campo nombre="Ano15" tipo="4" longitud="1"/>
				<campo nombre="Porcentaje15" tipo="5" longitud="3"/>
				<campo nombre="Importe15" tipo="5" longitud="6"/>
				<campo nombre="Ano16" tipo="4" longitud="1"/>
				<campo nombre="Porcentaje16" tipo="5" longitud="3"/>
				<campo nombre="Importe16" tipo="5" longitud="6"/>
				<campo nombre="Ano17" tipo="4" longitud="1"/>
				<campo nombre="Porcentaje17" tipo="5" longitud="3"/>
				<campo nombre="Importe17" tipo="5" longitud="6"/>
				<campo nombre="Ano18" tipo="4" longitud="1"/>
				<campo nombre="Porcentaje18" tipo="5" longitud="3"/>
				<campo nombre="Importe18" tipo="5" longitud="6"/>
				<campo nombre="Ano19" tipo="4" longitud="1"/>
				<campo nombre="Porcentaje19" tipo="5" longitud="3"/>
				<campo nombre="Importe19" tipo="5" longitud="6"/>
				<campo nombre="Ano20" tipo="4" longitud="1"/>
				<campo nombre="Porcentaje20" tipo="5" longitud="3"/>
				<campo nombre="Importe20" tipo="5" longitud="6"/>
				<campo nombre="Ano21" tipo="4" longitud="1"/>
				<campo nombre="Porcentaje21" tipo="5" longitud="3"/>
				<campo nombre="Importe21" tipo="5" longitud="6"/>
				<campo nombre="Ano22" tipo="4" longitud="1"/>
				<campo nombre="Porcentaje22" tipo="5" longitud="3"/>
				<campo nombre="Importe22" tipo="5" longitud="6"/>
				<campo nombre="Ano23" tipo="4" longitud="1"/>
				<campo nombre="Porcentaje23" tipo="5" longitud="3"/>
				<campo nombre="Importe23" tipo="5" longitud="6"/>
				<campo nombre="Ano24" tipo="4" longitud="1"/>
				<campo nombre="Porcentaje24" tipo="5" longitud="3"/>
				<campo nombre="Importe24" tipo="5" longitud="6"/>
				<campo nombre="Ano25" tipo="4" longitud="1"/>
				<campo nombre="Porcentaje25" tipo="5" longitud="3"/>
				<campo nombre="Importe25" tipo="5" longitud="6"/>
				<campo nombre="Ano26" tipo="4" longitud="1"/>
				<campo nombre="Porcentaje26" tipo="5" longitud="3"/>
				<campo nombre="Importe26" tipo="5" longitud="6"/>
				<campo nombre="Ano27" tipo="4" longitud="1"/>
				<campo nombre="Porcentaje27" tipo="5" longitud="3"/>
				<campo nombre="Importe27" tipo="5" longitud="6"/>
				<campo nombre="Ano28" tipo="4" longitud="1"/>
				<campo nombre="Porcentaje28" tipo="5" longitud="3"/>
				<campo nombre="Importe28" tipo="5" longitud="6"/>
				<campo nombre="Ano29" tipo="4" longitud="1"/>
				<campo nombre="Porcentaje29" tipo="5" longitud="3"/>
				<campo nombre="Importe29" tipo="5" longitud="6"/>
				<campo nombre="Ano30" tipo="4" longitud="1"/>
				<campo nombre="Porcentaje30" tipo="5" longitud="3"/>
				<campo nombre="Importe30" tipo="5" longitud="6"/>				  
				<campo nombre="DescripcionCategoria" tipo="10" longitud="88" posicion="426"/>
			</campos>
		</tabla>
	</tablas>
</mdb>
