<?xml version="1.0" encoding="iso-8859-1"?>
<informe>
<config>
<attr id="INIT" />
<paper value="DIN-A4" />
<cpi12 />
<lpi9 />
</config>
<body>
<cond id="1">
<br /><br /><br /><br /><br /><br /><br /><br /><br /><br /><br /><br /><br /><br /><br /><br />
<center><attr id="BOLD"><attr id="UNDERLINE"><var id="1" /></attr></attr></center><br/><br/>
<center><var id="2" /></center><br/>

</cond>
</body>
<footer height="13">
<attr id="BOLD">EMPRESA:</attr><tab pos="12"/><var id="3" /><br/><br/>
<attr id="BOLD">N.I.F.:</attr><tab pos="12"/><var id="4" /><br/><br/>
<cond id="2">
<attr id="BOLD">ACTIVIDAD:</attr><tab pos="12"/><var id="5" /><br/><br/>
</cond>
<cond id="3">
<attr id="BOLD">DOMICILIO:</attr><tab pos="12"/><var id="6" /><br/><br/>
</cond>
<cond id="4">
<attr id="BOLD">LOCALIDAD:</attr><tab pos="12"/><var id="7" />
</cond>
</footer>

<excel>
<cond id="1">
&lt;liscaratula&gt;<br/>
    &lt;tit&gt;<var id="1"/>&lt;/tit&gt;<br />
    &lt;subtit&gt;<var id="2"/>&lt;/subtit&gt;<br />
    &lt;empresa&gt;<var id="3"/>&lt;/empresa&gt;<br />
    &lt;cif&gt;<var id="4"/>&lt;/cif&gt;<br />
    &lt;act&gt;<var id="5"/>&lt;/act&gt;<br />
    &lt;direc&gt;<var id="6"/>&lt;/direc&gt;<br />
    &lt;local&gt;<var id="7"/>&lt;/local&gt;<br />
&lt;/liscaratula&gt;<br/>
</cond>
</excel>

</informe>
