<?xml version="1.0" encoding="iso-8859-1"?>
<informe>
<config>
<attr id="INIT" />
<landscape />
<paper value="DIN-A4" />
<cpi10 />
<lpi6 />
</config>
<body>
<block id="1">

<br />
<pageheader>
<sysvar id="date" /><attr id="BOLD"><tab pos="30" />LISTADO DE INCIDENCIAS </attr><tab pos="120" /> Pag: <sysvar id="pagenumber" /><br />
<br /><br />
<attr id="BOLD">INSTANTE<tab pos="15" />USUARIO<tab pos="25" />PROGRAMA<tab pos="37" />REFER<tab pos="46" />MENSAJE <tab pos="86" />OPERACION</attr><br />
----------------------------------------------------------------------------------------------------------------------------------------<br />
</pageheader>
<detail>
<block id="2">
<detail>
<var id="2" width="15" /><var id="3" width="10" /><var id="4" width="12" /><var id="5" width="8" /> <var id="6" width="40"  multiline="true" />  <var id="7" width="50"  multiline="true" /><br />
</detail>
</block>
</detail>
</block>
</body>
</informe>
