<?xml version="1.0" encoding="UTF-8"?>
<mdb archivo="IRPF2.DAT">
	<tablas>
		<tabla nombre="irpf">
			<campos>
				<campo nombre="CCCEmpresa" tipo="10" longitud="9" posicion="0"/>
				<campo nombre="NafTrabajor" tipo="10" longitud="10"/>
				<campo nombre="Nombre" tipo="10" longitud="30"/>
				<campo nombre="DNITrabajador" tipo="10" longitud="8" posicion="103"/>
				<campo nombre="ClavePercepcion" tipo="10" longitud="1"/>
				<campo nombre="SubClavePercepcion" tipo="10" longitud="2"/>
				<campo nombre="LetraDNI" tipo="10" longitud="1" posicion="122"/>
				
				<campo nombre="SituacionFamiliar" tipo="10" longitud="1" posicion="1267"/>
				<campo nombre="NIFConyuge" tipo="10" longitud="9"/>
				<campo nombre="Discapacidad" tipo="10" longitud="1"/>
				<campo nombre="RelacionContrato" tipo="10" longitud="1"/>
				<campo nombre="ProlongacionLaboral" tipo="10" longitud="1"/>
				<campo nombre="MovilidadGeo" tipo="10" longitud="1"/>
				
				<campo nombre="Reducciones17" tipo="10" longitud="9"/>
				<campo nombre="GastosDeduc" tipo="10" longitud="9"/>
				<campo nombre="PensionCom" tipo="10" longitud="9"/>
				<campo nombre="AnualidadesAlimentos" tipo="10" longitud="9"/>
				<campo nombre="PlanPensiones" tipo="10" longitud="9"/>
				
				<campo nombre="NoHijosMenos3Anos" tipo="10" longitud="1"/>
				<campo nombre="EnteroHijosMenos3Anos" tipo="10" longitud="1"/>
				<campo nombre="NoHijosResto" tipo="10" longitud="2"/>
				<campo nombre="EnteroHijosResto" tipo="10" longitud="2"/>
				
				<campo nombre="NoHijosDisNiv1" tipo="10" longitud="2"/>
				<campo nombre="EnteroHijosDisNiv1" tipo="10" longitud="2"/>
				<campo nombre="NoHijosDisReduc" tipo="10" longitud="2"/>
				<campo nombre="EnteroHijosReduc" tipo="10" longitud="2"/>
				<campo nombre="NoHijosDisNiv2" tipo="10" longitud="2"/>
				<campo nombre="EnteroHijosNiv2" tipo="10" longitud="2"/>
				
				<campo nombre="NoAscMenos75" tipo="10" longitud="1"/>
				<campo nombre="EnteroAscMenos75" tipo="10" longitud="1"/>
				<campo nombre="NoAscMas75" tipo="10" longitud="1"/>
				<campo nombre="EnteroAscMas75" tipo="10" longitud="1"/>
				
				<campo nombre="NoAscDisNiv1" tipo="10" longitud="1"/>
				<campo nombre="EnteroAscDisNiv1" tipo="10" longitud="1"/>
				<campo nombre="NoAscDisReduc" tipo="10" longitud="1"/>
				<campo nombre="EnteroAscReduc" tipo="10" longitud="1"/>
				<campo nombre="NoAscDisNiv2" tipo="10" longitud="1"/>
				<campo nombre="EnteroAscNiv2" tipo="10" longitud="1"/>
				
				<campo nombre="PorcentajeIRPFEntero" tipo="4" longitud="1" posicion="1260"/>
				<campo nombre="PorcentajeIRPFDecimal" tipo="4" longitud="1" posicion="1261"/>
			</campos>
		</tabla>
	</tablas>
</mdb>
			