<?xml version="1.0" encoding="utf-8"?>
<mdb archivo="dd">
  <tablas>
    <tabla nombre="DIRECTORIOS">
      <campos>
        <campo nombre="ACTIVO" tipo="10" longitud="1"   posicion="0"/>
        <campo nombre="CODI"   tipo="10" longitud="2"   posicion="2"/>
        <campo nombre="DESC"   tipo="10" longitud="30"  posicion="12"/>
        <campo nombre="RUTA"   tipo="10" longitud="30" />
      </campos>
    </tabla>
    <tabla nombre="DECLARANTES">
      <campos>
        <campo nombre="TIPO"   tipo="10" longitud="1"    posicion="0"/>
        <campo nombre="NOMBRE"   tipo="10" longitud="40"   posicion="2"/>
        <campo nombre="NIF"    tipo="10" longitud="14" />
        <campo nombre="CODDEC"   tipo="10" longitud="5" posicion="57"/>
        <campo nombre="FECNAC"   tipo="10" longitud="8" posicion="1784"/>
				<campo nombre="F_TIPOVIA2" tipo="10" longitud="2" posicion="94"/>
				<campo nombre="F_TIPOVIA" tipo="10" longitud="5" posicion="1877"/>
				<campo nombre="F_NOMBRE" tipo="10" longitud="30" posicion="99"/>
				<campo nombre="F_NUMERO" tipo="10" longitud="5"  />
				<campo nombre="F_ESCALERA" tipo="10" longitud="2"/>
				<campo nombre="F_PISO" tipo="10" longitud="2"/>
				<campo nombre="F_PUERTA" tipo="10" longitud="2"/>
				<campo nombre="F_CPOSTAL" tipo="4" longitud="2" />
				<campo nombre="F_MUNICIPIO" tipo="10" longitud="20" posicion="146" />
				<campo nombre="F_LOCALIDAD" tipo="10" longitud="15" posicion="166" />
				<campo nombre="F_PAIS" tipo="4" longitud="2" posicion="181" />
				<campo nombre="F_TELEFONO" tipo="10" longitud="12" posicion="183"/>
				<campo nombre="F_MOVD" tipo="10" longitud="12" posicion="1818"/>
				<campo nombre="F_MOVC" tipo="10" longitud="12"/>				
				<campo nombre="E_TIPOVIA2" tipo="10" longitud="2" posicion="195"/>				
				<campo nombre="E_TIPOVIA" tipo="10" longitud="5" posicion="1872"/>
		    <campo nombre="E_CALLE" tipo="10" longitud="30" posicion="200"/>
			  <campo nombre="E_NUM" tipo="10" longitud="5" posicion="230"/>
				<campo nombre="E_ESCALERA" tipo="10" longitud="2" posicion="235"/>
				<campo nombre="E_PISO" tipo="10" longitud="2" posicion="237"/>
				<campo nombre="E_PUERTA" tipo="10" longitud="2" posicion="239"/>
				<campo nombre="E_CPOSTAL" tipo="10" longitud="2" posicion="241"/>
				<campo nombre="E_MUNICIPIO" tipo="10" longitud="20" posicion="247"/>
				<campo nombre="E_LOCALIDAD" tipo="10" longitud="15" posicion="267" />
				<campo nombre="E_PAIS" tipo="4" longitud="2" posicion="282" />
				<campo nombre="E_TELEFONO1" tipo="10" longitud="12" posicion="284"/>
				<campo nombre="E_TELEFONO2" tipo="10" longitud="12" posicion="300"/>
				<campo nombre="E_MOVD" tipo="10" longitud="12" posicion="1842"/>
				<campo nombre="E_MOVC" tipo="10" longitud="12"/>		
				<campo nombre="MAIL" tipo="10" longitud="45" posicion="328" />
				<campo nombre="DELEGAHACIENDA" tipo="4" longitud="2" posicion="373" />
				<campo nombre="COMUNIDAD" tipo="10" longitud="2" posicion="376"/>
				<campo nombre="OBLIGACION" tipo="10" longitud="1" posicion="378"/>
				<campo nombre="REGECON" tipo="10" longitud="1" posicion="379" />
				<campo nombre="ASIGTRIBUT" tipo="10" longitud="1" posicion="381" />
				<campo nombre="MINUSD" tipo="4" longitud="1" posicion="1778" />
				<campo nombre="SEXO" tipo="10" longitud="1" posicion="1792" />
				<campo nombre="MOVGEOD" tipo="10" longitud="1" posicion="1793" />
				<campo nombre="PROLONGAD" tipo="10" longitud="1" posicion="1794" />
				<campo nombre="FECMORT" tipo="10" longitud="8" posicion="1795" />
				<campo nombre="ESTADO" tipo="10" longitud="1" posicion="1780" />
				<campo nombre="CODREP" tipo="4" longitud="2" posicion="381" />
			  <campo nombre="DIS_PSI" tipo="10" longitud="1" posicion="1870" />
			  <campo nombre="DIS_DEP" tipo="10" longitud="1" posicion="1882" />
			  <!-- -->
			  <campo nombre="FORMPAGO" tipo="10" longitud="1" posicion="408" />
				<campo nombre="PAGOFRAC" tipo="10" longitud="1" posicion="404" />	
				<campo nombre="DOMICILAPAGOF" tipo="4" longitud="1" posicion="406" />
				<campo nombre="BANCO" tipo="10" longitud="4" posicion="409" />
				<campo nombre="SUCURSAL" tipo="10" longitud="4" posicion="413" />
				<campo nombre="DC" tipo="10" longitud="2" posicion="417" />
				<campo nombre="CUENTA" tipo="10" longitud="10" posicion="419" />
				<campo nombre="BANCO_C" tipo="10" longitud="4" posicion="446" />
				<campo nombre="SUCURSAL_C" tipo="10" longitud="4" posicion="450" />
				<campo nombre="DC_C" tipo="10" longitud="2" posicion="454" />
				<campo nombre="CUENTA_C" tipo="10" longitud="10" posicion="456" />
			</campos>
    </tabla>
    <tabla nombre="REPRESENTANTE">
      <campos>
      	 <campo nombre="ACTIVO" tipo="10" longitud="1"  posicion="0"/>
	  		 <campo nombre="CODI"   tipo="4" longitud="2"  posicion="3" />
         <campo nombre="NIF"    tipo="10" longitud="14" posicion="5" />
	  		 <campo nombre="NOM"    tipo="10" longitud="40"  posicion="19" />
	  		 <campo nombre="TIPOVIA"    tipo="10" longitud="5" posicion="59"/>
	  		 <campo nombre="VIA"    tipo="10" longitud="30" posicion="64"/>
	  		 <campo nombre="NUM"    tipo="10" longitud="2" posicion="95"/>
	  		 <campo nombre="CAL"    tipo="10" longitud="3" posicion="100"/>
	  		 <campo nombre="BL"    tipo="10" longitud="2" posicion="103"/>
	  		 <campo nombre="PO"    tipo="10" longitud="2" posicion="105"/>
	  		 <campo nombre="ESC"    tipo="10" longitud="2" posicion="107"/>
	  		 <campo nombre="PISO"    tipo="10" longitud="2" posicion="109"/>
	  		 <campo nombre="PUERTA"    tipo="10" longitud="2" posicion="111"/>
	  		 <campo nombre="COMPL"    tipo="10" longitud="40" posicion="113"/>
	  		 <campo nombre="MUNI"    tipo="10" longitud="20" posicion="156"/>
	  		 <campo nombre="LOCAL"    tipo="10" longitud="30" posicion="176"/>
	  		 <campo nombre="CODPOSTAL"    tipo="4" longitud="2" posicion="206"/>	  		 
	  		 <campo nombre="TEL1"    tipo="10" longitud="15" posicion="209"/>
	  		 <campo nombre="MOV"    tipo="10" longitud="15" posicion="224"/>
	  		 <campo nombre="FAX"    tipo="10" longitud="15" posicion="239"/>
	  		 <campo nombre="MAIL"    tipo="10" longitud="40" posicion="254"/>
      </campos>
    </tabla>    
    <tabla nombre="CONYUGE">
      <campos>
      	 <campo nombre="ACTIVO"   tipo="10" longitud="1"  posicion="0"/>
         <campo nombre="DNIDECLA" tipo="10" longitud="14" posicion="2" />
	  		 <campo nombre="TIPOCREG" tipo="10" longitud="2"  posicion="17" />
	  		 <campo nombre="TIPOOPER" tipo="10" longitud="2"  posicion="19" />
 			   <campo nombre="DNICONY"     tipo="10" longitud="14" posicion="29" />
			   <campo nombre="NOMCONYUGE"  tipo="10" longitud="40" posicion="43"/>
				 <campo nombre="FECHANACONY" tipo="10" longitud="8"  posicion="130"/>
				 <campo nombre="SEXOCONY"    tipo="10" longitud="1"  posicion="148" /> 
				 <campo nombre="MINUS"    tipo="4" longitud="1"  posicion="128" /> 
				 <campo nombre="FMORT" tipo="10" longitud="8"  posicion="140"/>
				 <campo nombre="MOVGEO" tipo="10" longitud="1" posicion="138" />
				 <campo nombre="PROLONGA" tipo="10" longitud="1" posicion="139" />				 
			   <campo nombre="DIS_PSI" tipo="10" longitud="1" posicion="150" />
			   <campo nombre="DIS_DEP" tipo="10" longitud="1" posicion="231" />
				 
      </campos>
    </tabla>
    <tabla nombre="MIEMBROS">
      <campos>
      	 <campo nombre="ACTIVO"   tipo="10" longitud="1"  posicion="0"/>
         <campo nombre="DNIDECLA" tipo="10" longitud="14" posicion="2" />
	  		 <campo nombre="TIPOCREG" tipo="10" longitud="2"  posicion="17" />
	  		 <campo nombre="TIPOOPER" tipo="10" longitud="2"  posicion="19" />
				 <campo nombre="ASDES" tipo="4" longitud="1"  posicion="120"/>
 			   <campo nombre="NIF"     tipo="10" longitud="14" posicion="29" />
			   <campo nombre="NOM"  tipo="10" longitud="40" posicion="43"/>
			   <campo nombre="MINUS"    tipo="4" longitud="1"  posicion="161" /> 
			   <campo nombre="FNAC"  tipo="10" longitud="8" posicion="166"/>
			   <campo nombre="VINC"  tipo="10" longitud="1" posicion="157"/>
			   <campo nombre="POR"  tipo="4" longitud="1" posicion="158"/>
			   <campo nombre="FMOR"  tipo="10" longitud="8" posicion="184"/>
			   <campo nombre="DECLARAIRPF" tipo="4" longitud="1" posicion="162" />
			   <campo nombre="FADOP"  tipo="10" longitud="8" posicion="174"/>
			   <campo nombre="ADINT"  tipo="10" longitud="1" posicion="200"/>
	  		 <campo nombre="RENTAANUAL" tipo="4" longitud="5" posicion="114" />	  	  			   
	  		 <campo nombre="MUFA3" tipo="10" longitud="1" posicion="122" />	  	  			   
			   <campo nombre="DIS_PSI" tipo="10" longitud="1" posicion="359" />
			   <campo nombre="DIS_DEP" tipo="10" longitud="1" posicion="419" />	  		 
      </campos>
    </tabla>
    <tabla nombre="DATOSVIVIENDA">
      <campos>
      	 <campo nombre="ACTIVO"   tipo="10" longitud="1"  posicion="0"/>
         <campo nombre="DNIDECLA" tipo="10" longitud="14" posicion="2" />
	  		 <campo nombre="TIPOCREG" tipo="10" longitud="2"  posicion="17" />
	  		 <campo nombre="TIPOOPER" tipo="10" longitud="2"  posicion="19" />
	  		 <campo nombre="MUF"      tipo="4" longitud="1"  posicion="24" />
	  		 <campo nombre="TIPO"      tipo="10" longitud="1"  posicion="29" />
	  		 <campo nombre="REF1"     tipo="10" longitud="20"  />
	  		 <campo nombre="POR1"     tipo="4"  longitud="2"   />
	  		 <campo nombre="SIT1"     tipo="10" longitud="1"   />
	  		 <campo nombre="REF2"     tipo="10" longitud="20"  />
	  		 <campo nombre="POR2"     tipo="4"  longitud="2"   />
	  		 <campo nombre="SIT2"     tipo="10" longitud="1"   />
	  		 <campo nombre="REF3"     tipo="10" longitud="20"  />
	  		 <campo nombre="POR3"     tipo="4"  longitud="2"   />
	  		 <campo nombre="SIT3"     tipo="10" longitud="1"   />
	  		 <campo nombre="REF4"     tipo="10" longitud="20"  />
	  		 <campo nombre="POR4"     tipo="4"  longitud="2"   />
	  		 <campo nombre="SIT4"     tipo="10" longitud="1"   />
      </campos>
    </tabla>    
    <tabla nombre="TRABAJOPERSONAL">
      <campos>
      	 <campo nombre="ACTIVO"   tipo="10" longitud="1"  posicion="0"/>
         <campo nombre="DNIDECLA" tipo="10" longitud="14" posicion="2" />
	  		 <campo nombre="TIPOCREG" tipo="10" longitud="2"  posicion="17" />
	  		 <campo nombre="TIPOOPER" tipo="10" longitud="2"  posicion="19" />
	  		 <campo nombre="MUF"      tipo="10" longitud="1"  posicion="30" />
			   <campo nombre="ENTIDADPAGA" tipo="10" longitud="30" posicion="31" />
			   <campo nombre="INGRESOSINT" tipo="4" longitud="6" posicion="61" />
			   <campo nombre="RETENCION" tipo="4" longitud="6" posicion="67" />
			   <campo nombre="SEGSOC" tipo="4" longitud="6" posicion="73" />
			   <campo nombre="HUERFANOS" tipo="4" longitud="6" posicion="79" />
			   <campo nombre="SINDICATOS" tipo="4" longitud="6" posicion="85" />
			   <campo nombre="DEFENSAJU" tipo="4" longitud="6" posicion="91" />
			   <campo nombre="APORTACPLPENS" tipo="4" longitud="6" posicion="98" />
			   <campo nombre="INTERESES" tipo="4" longitud="6"  posicion="143" />
			   <campo nombre="CUOTASPROF" tipo="4" longitud="6" posicion="164"/>
			   <campo nombre="FECHABAJA" tipo="10" longitud="8" posicion="170" />
			   <campo nombre="APORTPATPROTEC" tipo="4" longitud="6" posicion="191" />
	  		 <campo nombre="CONCEPTOM2" tipo="10" longitud="30" posicion="113" />
	  		 <campo nombre="INGRESOSINTM2" tipo="4" longitud="6" posicion="143" />
	  		 <campo nombre="REDUCM2" tipo="4" longitud="6" posicion="151" />
	  		 <campo nombre="TIPO" tipo="10" longitud="1" posicion="97" />
	  		 <campo nombre="RETTIPOFIJO" tipo="10" longitud="1" posicion="197" />
      </campos>
    </tabla>    
    <tabla nombre="TRABAJOPERSONALESPECIE">
      <campos>
      	 <campo nombre="ACTIVO"   tipo="10" longitud="1"  posicion="0"/>
         <campo nombre="DNIDECLA" tipo="10" longitud="14" posicion="2" />
	  		 <campo nombre="TIPOCREG" tipo="10" longitud="2"  posicion="17" />
	  		 <campo nombre="TIPOOPER" tipo="10" longitud="2"  posicion="19" />
	  		 <campo nombre="MUF"      tipo="10" longitud="1"  posicion="30" />
 			   <campo nombre="CONCEPTO" tipo="10" longitud="30" posicion="31" />
			   <campo nombre="INGRESACTA" tipo="4" longitud="6" posicion="61" />
			   <campo nombre="VALORACION" tipo="4" longitud="6" posicion="67" />
			   <campo nombre="INGRCTAREPERC" tipo="4" longitud="6" posicion="93" />
      </campos>
    </tabla>    
    <tabla nombre="INMUEBLESVH">
      <campos>
      	 <campo nombre="ACTIVO"   tipo="10" longitud="1"  posicion="0"/>
         <campo nombre="DNIDECLA" tipo="10" longitud="14" posicion="2" />
	  		 <campo nombre="TIPOCREG" tipo="10" longitud="2"  posicion="17" />
	  		 <campo nombre="TIPOOPER" tipo="10" longitud="2"  posicion="19" />
	  		 <campo nombre="MUF1"      tipo="10" longitud="1"  posicion="30" />
	  		 <campo nombre="POR1"      tipo="4"  longitud="2"  posicion="31" />
	  		 <campo nombre="MUF2"      tipo="10" longitud="1"  posicion="34" />
	  		 <campo nombre="POR2"      tipo="4"  longitud="2"  posicion="35" />
	  		 <campo nombre="MUF3"      tipo="10" longitud="1"  posicion="38" />
	  		 <campo nombre="POR3"      tipo="4"  longitud="2"  posicion="39" />
	  		 <campo nombre="MUF4"      tipo="10" longitud="1"  posicion="42" />
	  		 <campo nombre="POR4"      tipo="4"  longitud="2"  posicion="43" />
	  		 <campo nombre="TIPO"      tipo="10" longitud="1"  posicion="160" />
	  		 <campo nombre="TIPOTIT"   tipo="10" longitud="1"  posicion="161" />  <!--P,M,U,N-->
	  		 <campo nombre="TIPOUSU"   tipo="10" longitud="1"  posicion="162" />  <!--V,T,U,D-->
	  		 <campo nombre="ANYOUSU"   tipo="4"  longitud="2"  posicion="163" />
	  		 <campo nombre="FECHAADQ"  tipo="10" longitud="8"  posicion="165" /> 
	  		 <campo nombre="DESC"      tipo="10" longitud="30" posicion="46" />
	  		 <campo nombre="REFCAT"    tipo="10" longitud="20" />
	  		 <campo nombre="CALLE"     tipo="10" longitud="20" />
	  		 <campo nombre="NUMERO"    tipo="10" longitud="5"  />
	  		 <campo nombre="MUNICIPIO" tipo="10" longitud="15" />
	  		 <campo nombre="PROVINCIA" tipo="10" longitud="12" />
	  		 <campo nombre="VCATREV"   tipo="10" longitud="1"  posicion="229" /> <!--0-No   1-Si-->
	  		 <campo nombre="SITUACION" tipo="10" longitud="1"  posicion="430" /> <!--1,2,3,4-->
	  		 <campo nombre="VCTOTAL" tipo="4" longitud="6" posicion="181" />
    	   <campo nombre="VCSUELO" tipo="4" longitud="6" posicion="187" />
    	   <campo nombre="VATOTAL" tipo="4" longitud="6" posicion="193" />
    	   <campo nombre="VASUELO" tipo="4" longitud="6" posicion="199" />
    	   <campo nombre="VFISCAL" tipo="4" longitud="6" posicion="206" />
    	   <campo nombre="INMA3" tipo="4" longitud="2" posicion="23" />
    	   <campo nombre="DIASNO" tipo="4" longitud="2" posicion="213" />
    	   <campo nombre="DIASAR" tipo="4" longitud="2" posicion="248" />
    	   <campo nombre="PORINM" tipo="4" longitud="2" posicion="455" />
    	   <campo nombre="RENDIMIENTO" tipo="4" longitud="6" posicion="216" />
    	   <campo nombre="PORREDUC" tipo="4" longitud="2" posicion="431" />
	  		 <campo nombre="NOAPLICRED"   tipo="10" longitud="1"  posicion="395" /> <!--0-No   1-Si-->
	  		 <campo nombre="CONTANT"   tipo="10" longitud="1"  posicion="312" /> <!--0-No   1-Si-->
    	   <campo nombre="AMORTIZ" tipo="4" longitud="6" posicion="293" />
      </campos>
    </tabla>    
    <tabla nombre="MOBILIARIO">
      <campos>
      	 <campo nombre="ACTIVO"   tipo="10" longitud="1"  posicion="0"/>
         <campo nombre="DNIDECLA" tipo="10" longitud="14" posicion="2" />
	  		 <campo nombre="TIPOCREG" tipo="10" longitud="2"  posicion="17" />
	  		 <campo nombre="TIPOOPER" tipo="10" longitud="2"  posicion="19" />
	  		 <campo nombre="MUF1"      tipo="10" longitud="1"  posicion="29" />
	  		 <campo nombre="POR1"      tipo="4"  longitud="2"  posicion="30" />
	  		 <campo nombre="MUF2"      tipo="10" longitud="1"  posicion="33" />
	  		 <campo nombre="POR2"      tipo="4"  longitud="2"  posicion="34" />
	  		 <campo nombre="MUF3"      tipo="10" longitud="1"  posicion="37" />
	  		 <campo nombre="POR3"      tipo="4"  longitud="2"  posicion="38" />
	  		 <campo nombre="MUF4"      tipo="10" longitud="1"  posicion="41" />
	  		 <campo nombre="POR4"      tipo="4"  longitud="2"  posicion="42" />
	  		 <campo nombre="DESC"      tipo="10" longitud="50" posicion="45" />
	  		 <campo nombre="CUENTA"    tipo="10" longitud="20" posicion="95" />
    	   <campo nombre="SALMED4T"  tipo="4"  longitud="6"  posicion="199" />
    	   <campo nombre="SAL3112"   tipo="4"  longitud="6"  posicion="205" />
    	   <campo nombre="VALFISCAL" tipo="4"  longitud="6"  posicion="237" />
	  		 <campo nombre="TIPOTIT"   tipo="10" longitud="1"  posicion="246" />  <!--P,U,N-->
	  		 <campo nombre="TIPOUSU"   tipo="10" longitud="1"  posicion="247" />  <!--V,T,U,D-->
	  		 <campo nombre="ANYOUSU"   tipo="4"  longitud="2"  posicion="248" />
	  		 <campo nombre="BASGEN"    tipo="10" longitud="1"  posicion="460" />
	  		 <campo nombre="NEGBOL"    tipo="10" longitud="1"  posicion="217" />
    	   <campo nombre="NUMTITULOS" tipo="4"  longitud="6"  posicion="211" />
    	   <campo nombre="VALNOMUNI"  tipo="4"  longitud="6"  posicion="218" />
    	   <campo nombre="VALFISUNI"  tipo="4"  longitud="6"  posicion="231" />
    	   <campo nombre="ANOCONST"  tipo="4"  longitud="2"  posicion="461" />
    	   <campo nombre="DURACION"  tipo="4"  longitud="2"  posicion="197" />
      </campos>
    </tabla>    
    <tabla nombre="ATRIBRENTAS">
      <campos>
      	 <campo nombre="ACTIVO"   tipo="10" longitud="1"  posicion="0"/>
         <campo nombre="DNIDECLA" tipo="10" longitud="14" posicion="2" />
	  		 <campo nombre="TIPOCREG" tipo="10" longitud="2"  posicion="17" />
	  		 <campo nombre="TIPOOPER" tipo="10" longitud="2"  posicion="19" />
	  		 <campo nombre="MUF1"      tipo="10" longitud="1"  posicion="29" />
	  		 <campo nombre="POR1"      tipo="4"  longitud="2"  posicion="30" />
	  		 <campo nombre="MUF2"      tipo="10" longitud="1"  posicion="33" />
	  		 <campo nombre="POR2"      tipo="4"  longitud="2"  posicion="34" />
	  		 <campo nombre="MUF3"      tipo="10" longitud="1"  posicion="37" />
	  		 <campo nombre="POR3"      tipo="4"  longitud="2"  posicion="38" />
	  		 <campo nombre="MUF4"      tipo="10" longitud="1"  posicion="41" />
	  		 <campo nombre="POR4"      tipo="4"  longitud="2"  posicion="42" />
	  		 <campo nombre="DESC"      tipo="10" longitud="30" posicion="45" />
	  		 <campo nombre="NIFENTIDAD"    tipo="10" longitud="14" posicion="79" />
    	   <campo nombre="PORCEN"  tipo="4"  longitud="2"  posicion="76" />
    	   <campo nombre="IDATRIB"  tipo="4"  longitud="2"  posicion="23" />
      </campos>
    </tabla>    
    <tabla nombre="AFECTOACTIV">
      <campos>
      	 <campo nombre="ACTIVO"   tipo="10" longitud="1"  posicion="0"/>
         <campo nombre="DNIDECLA" tipo="10" longitud="14" posicion="2" />
	  		 <campo nombre="TIPOCREG" tipo="10" longitud="2"  posicion="17" />
	  		 <campo nombre="TIPOOPER" tipo="10" longitud="2"  posicion="19" />
	  		 <campo nombre="MUF1"      tipo="10" longitud="1"  posicion="29" />
	  		 <campo nombre="POR1"      tipo="4"  longitud="2"  posicion="30" />
	  		 <campo nombre="MUF2"      tipo="10" longitud="1"  posicion="33" />
	  		 <campo nombre="POR2"      tipo="4"  longitud="2"  posicion="34" />
	  		 <campo nombre="MUF3"      tipo="10" longitud="1"  posicion="37" />
	  		 <campo nombre="POR3"      tipo="4"  longitud="2"  posicion="38" />
	  		 <campo nombre="MUF4"      tipo="10" longitud="1"  posicion="41" />
	  		 <campo nombre="POR4"      tipo="4"  longitud="2"  posicion="42" />
	  		 <campo nombre="UR"        tipo="10" longitud="1"  posicion="105" />
	  		 <campo nombre="REFERENCIA" tipo="10" longitud="20" posicion="46" />
    	   <campo nombre="CALLE"      tipo="10" longitud="30"  posicion="67" />
     	   <campo nombre="VALORPAT"   tipo="4"  longitud="6"  posicion="107" />
    	   <campo nombre="SITUACION"  tipo="10" longitud="1"  posicion="142" />
    	   <campo nombre="EXENTA"     tipo="10" longitud="1"  posicion="106" />
      </campos>
    </tabla>    
    <tabla nombre="NOAFECTOACTIV">
      <campos>
      	 <campo nombre="ACTIVO"   tipo="10" longitud="1"  posicion="0"/>
         <campo nombre="DNIDECLA" tipo="10" longitud="14" posicion="2" />
	  		 <campo nombre="TIPOCREG" tipo="10" longitud="2"  posicion="17" />
	  		 <campo nombre="TIPOOPER" tipo="10" longitud="2"  posicion="19" />
	  		 <campo nombre="MUF1"      tipo="10" longitud="1"  posicion="29" />
	  		 <campo nombre="POR1"      tipo="4"  longitud="2"  posicion="30" />
	  		 <campo nombre="MUF2"      tipo="10" longitud="1"  posicion="33" />
	  		 <campo nombre="POR2"      tipo="4"  longitud="2"  posicion="34" />
	  		 <campo nombre="MUF3"      tipo="10" longitud="1"  posicion="37" />
	  		 <campo nombre="POR3"      tipo="4"  longitud="2"  posicion="38" />
	  		 <campo nombre="MUF4"      tipo="10" longitud="1"  posicion="41" />
	  		 <campo nombre="POR4"      tipo="4"  longitud="2"  posicion="42" />
	  		 <campo nombre="REFERENCIA" tipo="10" longitud="20" posicion="45" />
    	   <campo nombre="CALLE"      tipo="10" longitud="30"  posicion="66" />
     	   <campo nombre="VALORPAT"   tipo="4"  longitud="6"  posicion="107" />
    	   <campo nombre="SITUACION"  tipo="10" longitud="1"  posicion="142" />
    	   <campo nombre="TIPOV"      tipo="10" longitud="1"  posicion="127" />
    	   <campo nombre="CLAVE"      tipo="10" longitud="1"  posicion="105" />
    	   <campo nombre="ARREN"      tipo="10" longitud="1"  posicion="189" />
    	   <campo nombre="MUNI"       tipo="10" longitud="12"  posicion="66" />
    	   <campo nombre="PROV"       tipo="10" longitud="12"  posicion="79" />
    	   <campo nombre="ID"         tipo="4" longitud="4"  posicion="21" />
      </campos>
    </tabla>   
    <tabla nombre="ACTIVIDADES">
      <campos>
      	 <campo nombre="ACTIVO"   tipo="10" longitud="1"  posicion="0"/>
         <campo nombre="DNIDECLA" tipo="10" longitud="14" posicion="2" />
	 <campo nombre="TIPOCREG" tipo="10" longitud="2"  posicion="17" />
	 <campo nombre="TIPOOPER" tipo="10" longitud="2"  posicion="19" />
	 <campo nombre="MUF1"      tipo="10" longitud="1"  posicion="29" />
	 <campo nombre="POR1"      tipo="4"  longitud="2"  posicion="30" />
	 <campo nombre="MUF2"      tipo="10" longitud="1"  posicion="33" />
	 <campo nombre="POR2"      tipo="4"  longitud="2"  posicion="34" />
	 <campo nombre="MUF3"      tipo="10" longitud="1"  posicion="37" />
	 <campo nombre="POR3"      tipo="4"  longitud="2"  posicion="38" />
	 <campo nombre="MUF4"      tipo="10" longitud="1"  posicion="41" />
	 <campo nombre="POR4"      tipo="4"  longitud="2"  posicion="42" />
	 <campo nombre="DESCRIPCION"      tipo="10"  longitud="30"  posicion="45" />
	 <campo nombre="EPIGRAFE"      tipo="10"  longitud="3"  posicion="75" /> 
	 <campo nombre="COBROPAGO"      tipo="10"  longitud="1"  posicion="224" />
	 <campo nombre="ATRIBUCION"      tipo="10"  longitud="1"  posicion="225" />
	 <campo nombre="NIFENTIDAD"      tipo="10"  longitud="14"  posicion="226" />
	 <campo nombre="PORCENTAJE"      tipo="4"  longitud="2"  posicion="372" />
	 <campo nombre="ARTISTA"      tipo="10"  longitud="1"  posicion="376" />
      </campos>
    </tabla>    
    <tabla nombre="ACTIVIDADESEMPRESARIALES">
      <campos>
      	 <campo nombre="ACTIVO"   tipo="10" longitud="1"  posicion="0"/>
         <campo nombre="DNIDECLA" tipo="10" longitud="14" posicion="2" />
				 <campo nombre="TIPOCREG" tipo="10" longitud="2"  posicion="17" />
				 <campo nombre="TIPOOPER" tipo="10" longitud="2"  posicion="19" />
				 <campo nombre="MUF1"      tipo="10" longitud="1"  posicion="29" />
				 <campo nombre="POR1"      tipo="4"  longitud="2"  posicion="30" />
				 <campo nombre="MUF2"      tipo="10" longitud="1"  posicion="33" />
				 <campo nombre="POR2"      tipo="4"  longitud="2"  posicion="34" />
				 <campo nombre="MUF3"      tipo="10" longitud="1"  posicion="37" />
				 <campo nombre="POR3"      tipo="4"  longitud="2"  posicion="38" />
				 <campo nombre="MUF4"      tipo="10" longitud="1"  posicion="41" />
				 <campo nombre="POR4"      tipo="4"  longitud="2"  posicion="42" />
				 <campo nombre="DESCRIPCION"      tipo="10"  longitud="30"  posicion="45" />
				 <campo nombre="EPIGRAFE"      tipo="10"  longitud="3"  posicion="75" /> 
				 <campo nombre="COBROPAGO"      tipo="10"  longitud="1"  posicion="308" />
				 <campo nombre="ATRIBUCION"      tipo="10"  longitud="1"  posicion="310" />
				 <campo nombre="NIFENTIDAD"      tipo="10"  longitud="14"  posicion="311" />
				 <campo nombre="PORCENTAJE"      tipo="4"  longitud="2"  posicion="408" />	 
      </campos>
    </tabla>
    <tabla nombre="UTEMPRESAS">
      <campos>
      	 <campo nombre="ACTIVO"   tipo="10" longitud="1"  posicion="0"/>
         <campo nombre="DNIDECLA" tipo="10" longitud="14" posicion="2" />
				 <campo nombre="TIPOCREG" tipo="10" longitud="2"  posicion="17" />
				 <campo nombre="TIPOOPER" tipo="10" longitud="2"  posicion="19" />
				 <campo nombre="MUF1"      tipo="10" longitud="1"  posicion="29" />
				 <campo nombre="POR1"      tipo="4"  longitud="2"  posicion="30" />
				 <campo nombre="MUF2"      tipo="10" longitud="1"  posicion="33" />
				 <campo nombre="POR2"      tipo="4"  longitud="2"  posicion="34" />
				 <campo nombre="MUF3"      tipo="10" longitud="1"  posicion="37" />
				 <campo nombre="POR3"      tipo="4"  longitud="2"  posicion="38" />
				 <campo nombre="MUF4"      tipo="10" longitud="1"  posicion="41" />
				 <campo nombre="POR4"      tipo="4"  longitud="2"  posicion="42" />
				 <campo nombre="DESCRIPCION"      tipo="10"  longitud="50"  posicion="45" />
				 <campo nombre="CIFEMPRESA"      tipo="10"  longitud="14"  posicion="95" /> 
				 <campo nombre="CRITERIO"      tipo="10"  longitud="1"  posicion="220" />
      </campos>
      </tabla>
      <tabla nombre="REDUCCIONES">
      <campos>
      	 <campo nombre="ACTIVO"   tipo="10" longitud="1"  posicion="0"/>
         <campo nombre="DNIDECLA" tipo="10" longitud="14" posicion="2" />
				 <campo nombre="TIPOCREG" tipo="10" longitud="2"  posicion="17" />
				 <campo nombre="TIPOOPER" tipo="10" longitud="2"  posicion="19" />
				 <campo nombre="DESCRIPCION"      tipo="10"  longitud="30"  posicion="31" />
				 <campo nombre="NIF"      tipo="10"  longitud="9"  posicion="61" />
				 <campo nombre="TIPOPENS"      tipo="10"  longitud="1"  posicion="106" />
				 <campo nombre="MUF"      tipo="10"  longitud="1"  posicion="30" />
      </campos>
    </tabla>    
      <tabla nombre="DEDUCCIONES">
      <campos>
      	 <campo nombre="ACTIVO"   tipo="10" longitud="1"  posicion="0"/>
         <campo nombre="DNIDECLA" tipo="10" longitud="14" posicion="2" />
				 <campo nombre="TIPOCREG" tipo="10" longitud="2"  posicion="17" />
				 <campo nombre="TIPOOPER" tipo="10" longitud="2"  posicion="19" />
				 <campo nombre="MUF1"      tipo="10" longitud="1"  posicion="29" />
				 <campo nombre="POR1"      tipo="4"  longitud="2"  posicion="30" />
				 <campo nombre="MUF2"      tipo="10" longitud="1"  posicion="33" />
				 <campo nombre="POR2"      tipo="4"  longitud="2"  posicion="34" />
				 <campo nombre="MUF3"      tipo="10" longitud="1"  posicion="37" />
				 <campo nombre="POR3"      tipo="4"  longitud="2"  posicion="38" />
				 <campo nombre="MUF4"      tipo="10" longitud="1"  posicion="41" />
				 <campo nombre="POR4"      tipo="4"  longitud="2"  posicion="42" />
				 <campo nombre="DESCRIPCION"      tipo="10"  longitud="30"  posicion="45" />
				 <campo nombre="NIF"      tipo="10"  longitud="9"  posicion="88" />
				 <campo nombre="EA"       tipo="10"  longitud="1"  posicion="87" />
				 <campo nombre="BANCO"    tipo="10"  longitud="4"  posicion="97" />
				 <campo nombre="ENTIDAD"  tipo="10"  longitud="4"  posicion="101" />
				 <campo nombre="DC"       tipo="10"  longitud="2"  posicion="105" />
				 <campo nombre="NUMERO"   tipo="10"  longitud="10"  posicion="107" />
				 <campo nombre="FECV"   tipo="10"  longitud="10"  posicion="117" />
      </campos>
    </tabla>    
    
    <tabla nombre="DEDUCAV"> <!-- Deduccion adquisicion Vivienda -->
      <campos>
      	 <campo nombre="ACTIVO"   tipo="10" longitud="1"  posicion="0"/>
         <campo nombre="DNIDECLA" tipo="10" longitud="14" posicion="2" />
	  		 <campo nombre="TIPOCREG" tipo="10" longitud="2"  posicion="17" />
	  		 <campo nombre="TIPOOPER" tipo="10" longitud="2"  posicion="19" />
    	   <campo nombre="INMA3" tipo="4" longitud="4" posicion="21" />
				 <campo nombre="MUF1"      tipo="10" longitud="1"  posicion="29" />
				 <campo nombre="POR1"      tipo="4"  longitud="2"  posicion="30" />
				 <campo nombre="MUF2"      tipo="10" longitud="1"  posicion="33" />
				 <campo nombre="POR2"      tipo="4"  longitud="2"  posicion="34" />
				 <campo nombre="MUF3"      tipo="10" longitud="1"  posicion="37" />
				 <campo nombre="POR3"      tipo="4"  longitud="2"  posicion="38" />
				 <campo nombre="MUF4"      tipo="10" longitud="1"  posicion="41" />
				 <campo nombre="POR4"      tipo="4"  longitud="2"  posicion="42" />    	   
	  		 <campo nombre="NUMPREST" tipo="10" longitud="20"  posicion="270" />
    	   <campo nombre="CAPAM" tipo="4" longitud="2" posicion="183" />
    	   <campo nombre="DEUDAPTE" tipo="4" longitud="2" posicion="170" />
    	   <campo nombre="DEUDAANT" tipo="4" longitud="2" posicion="164" />
    	   <campo nombre="PORCEN" tipo="4" longitud="2" posicion="306" />
      </campos>
    </tabla>    
    <tabla nombre="COMPENSACIONES"> 
      <campos>
      	 <campo nombre="ACTIVO"   tipo="10" longitud="1"  posicion="0"/>
         <campo nombre="DNIDECLA" tipo="10" longitud="14" posicion="2" />
	  		 <campo nombre="TIPOCREG" tipo="10" longitud="2"  posicion="17" />
	  		 <campo nombre="TIPOOPER" tipo="10" longitud="2"  posicion="19" />
				 <campo nombre="MUF"      tipo="4"  longitud="1" posicion="24"/>
				 <campo nombre="IMPORTEAPL0" tipo="4" longitud="6" posicion="36"/> 
				 <campo nombre="POR0"        tipo="4" longitud="1" posicion="42"/>
				 <campo nombre="IMPORTEPDT1" tipo="4" longitud="6" posicion="43"/>
				 <campo nombre="IMPORTEAPL1" tipo="4" longitud="6" posicion="49"/> 
				 <campo nombre="POR1"        tipo="4" longitud="1" posicion="56"/>
				 <campo nombre="IMPORTEPDT2" tipo="4" longitud="6" posicion="57"/>
				 <campo nombre="IMPORTEAPL2" tipo="4" longitud="6" posicion="63"/>
				 <campo nombre="POR2"        tipo="4" longitud="1" posicion="70"/>
				 <campo nombre="IMPORTEPDT3" tipo="4" longitud="6" posicion="71"/>
				 <campo nombre="IMPORTEAPL3" tipo="4" longitud="6" posicion="77" />
				 <campo nombre="POR3"        tipo="4" longitud="1" posicion="84"/>
				 <campo nombre="IMPORTEPDT4" tipo="4" longitud="6" posicion="85"/>
				 <campo nombre="IMPORTEAPL4" tipo="4" longitud="6" posicion="91" />
				 <campo nombre="POR4"        tipo="4" longitud="1" posicion="98"/>
				 <campo nombre="IMPORTEPDT5" tipo="4" longitud="6" posicion="99"/>
				 <campo nombre="IMPORTEAPL5" tipo="4" longitud="6" posicion="105"/>
				 <campo nombre="POR5"        tipo="4" longitud="1" posicion="112"/>
      </campos>
    </tabla>    

    
  </tablas>
</mdb>
