<?xml version="1.0" encoding="iso-8859-1"?>
<informe>
<config>
	<attr id="INIT" />
	<paper value="DIN-A4" />
	<cpi17 />
	<lpi6 />
	<landscape/>
</config>

<body>
<block id="1">
<pageheader>
<var id="19" /><tab pos="60" /><attr id="BOLD">RESUMEN FACTURAS <var id="20" /></attr><tab pos="132" />P�g: <sysvar id="pagenumber" format="##"/><br/>
__________________________________________________________________________________________________________________________________________<br /><br/>
<tab pos="8" /><attr id="BOLD">Empresa     :   </attr><var id="16"/><br/>
<tab pos="8" /><attr id="BOLD">Actividad   :   </attr><var id="18"/><br/>
<tab pos="8" /><attr id="BOLD">Periodo     :   </attr><var id="17"/><br/>
__________________________________________________________________________________________________________________________________________<br /><br/>
</pageheader>
<detail>
<cond id="2">
<br/>
<br/>
<tab pos="57" />DEDUCIBLE<tab pos="87" />PRORRATA<tab pos="117" />NO DEDUCIBLE<br/>
<tab pos="47" />-----------------------------<tab pos="77" />-----------------------------<tab pos="107" />-----------------------------<br/>
<tab pos="4" /><attr id="BOLD">Concepto de <var id="1"/></attr><tab pos="42" />Tipo<tab pos="47" />Base<tab pos="62" />Cuota<tab pos="77" />Base<tab pos="92" />Cuota<tab pos="107" />Base<tab pos="122" />Cuota<br/>
<tab pos="4" />-----------------------------------<tab pos="40" />------<tab pos="47" />--------------<tab pos="62" />--------------<tab pos="77" />--------------<tab pos="92" />--------------<tab pos="107" />--------------<tab pos="122" />--------------<br/>
</cond>
<block id="3">
<detail>
<tab pos="4" /><var id="2" width="35"/><tab pos="40" /><var id="3"/><tab pos="47" /><var id="4"/><tab pos="62" /><var id="5"/><tab pos="77" /><var id="6"/><tab pos="92" /><var id="7"/><tab pos="107" /><var id="8"/><tab pos="122" /><var id="9"/><br/>
</detail>
</block>
<cond id="4">
<tab pos="47" />==============<tab pos="62" />==============<tab pos="77" />==============<tab pos="92" />==============<tab pos="107" />==============<tab pos="122" />==============<br/>
<tab pos="47" /><attr id="BOLD"><var id="10"/><tab pos="62" /><var id="11"/><tab pos="77" /><var id="12"/><tab pos="92" /><var id="13"/><tab pos="107" /><var id="14"/><tab pos="122" /><var id="15"/></attr><br/>
<br/><br/>
</cond>
<cond id="5">
<page/>
</cond>
</detail>
</block>
</body>
<excel>
<block id="1">
<blockheader>
&lt;resumenrec&gt;
    &lt;empresa&gt;<var id="16"/>&lt;/empresa&gt;
    &lt;periodo&gt;<var id="17"/>&lt;/periodo&gt;
    &lt;fechaimpresion&gt;<var id="19"/>&lt;/fechaimpresion&gt;
    &lt;titulo&gt;RESUMEN FACTURAS <var id="20" />&lt;/titulo&gt;
    &lt;lineas&gt;
</blockheader>
<detail>
<cond id="2">
	&lt;tipoconcepto&gt;<var id="1"/>&lt;/tipoconcepto&gt;<br/>
</cond>
<block id="3">
	<detail>
	&lt;linea concepto="<var id="2"/>" tipo="<var id="3"/>" based="<var id="4"/>" cuotad="<var id="5"/>" basepr="<var id="6"/>" cuotapr="<var id="7"/>" basend="<var id="8"/>" cuotand="<var id="9"/>"/&gt;<br/>
	</detail>
<detail>
</detail>
</block>
<cond id="4">
	&lt;lineatotal  tran="<var id="21"/>" basetd="<var id="10"/>" cuotatd="<var id="11"/>" basetpr="<var id="12"/>" cuotatpr="<var id="13"/>"  basetnd="<var id="14"/>" cuotatnd="<var id="15"/>" /&gt;<br/>
</cond>
<cond id="5">
  &lt;/lineas&gt;
	&lt;/resumenrec&gt;
	&lt;resumenrec&gt;
    &lt;empresa&gt;<var id="16"/>&lt;/empresa&gt;
    &lt;periodo&gt;<var id="17"/>&lt;/periodo&gt;
    &lt;actividad&gt;<var id="18"/>&lt;/actividad&gt;
    &lt;fechaimpresion&gt;<var id="19"/>&lt;/fechaimpresion&gt;
    &lt;titulo&gt;RESUMEN FACTURAS <var id="20" />&lt;/titulo&gt;
    &lt;lineas&gt;
</cond>

</detail>
<blockfooter>
&lt;/lineas&gt;
&lt;/resumenrec&gt;
</blockfooter>
</block>
</excel>
</informe>
