<?xml version="1.0" encoding="UTF-8"?>
<mdb archivo="NOMINA2.DAT">
	<tablas>
		<tabla nombre="trabajador">
			<campos>
				<campo nombre="CCCEmpresa" tipo="10" longitud="11" posicion="0"/>  <!--tipo 1= es convenio tipo = 2 categoria  importes -->
				<campo nombre="CentroContrato" tipo="10" longitud="2"/>
				<campo nombre="NafTrabajor" tipo="10" longitud="12" posicion="13"/>
				<campo nombre="Nombre" tipo="10" longitud="30"/>
				<campo nombre="Domicilio" tipo="10" longitud="30"/>
				<campo nombre="Localidad" tipo="10" longitud="20"/>
				<campo nombre="DescripcionCategoria" tipo="10" longitud="20"/>
				
				<campo nombre="DNITrabajador" tipo="10" longitud="8" posicion="125"/>
				<campo nombre="LetraDNI" tipo="10" longitud="1" posicion="1170"/>
				<campo nombre="GrupoCotizacion" tipo="10" longitud="2" posicion="133"/>
				<campo nombre="FechaAlta" tipo="10" longitud="6"/>
				<campo nombre="NumeroEmpleado" tipo="10" longitud="6" posicion="143"/>
				<campo nombre="Sexo" tipo="10" longitud="1"/>
				<campo nombre="CodigoContrato" tipo="10" longitud="3"/>
				<campo nombre="Dias" tipo="10" longitud="2"/>
				<campo nombre="HorasTP" tipo="10" longitud="4" posicion="155"/>
							
				<campo nombre="Autonomo" tipo="10" longitud="1" posicion="217"/>	
				<campo nombre="CodigoDesempleo" tipo="10" longitud="1" posicion="242"/>
				<campo nombre="PorcentajeParcialidad" tipo="10" longitud="5" posicion="243"/>
				
				<campo nombre="ImporteConcepto1" tipo="10" longitud="8" posicion="280"/>
				<campo nombre="ImporteConcepto2" tipo="10" longitud="8"/>
				<campo nombre="ImporteConcepto3" tipo="10" longitud="8"/>
				<campo nombre="ImporteConcepto4" tipo="10" longitud="8"/>
				<campo nombre="ImporteConcepto5" tipo="10" longitud="8"/>
				<campo nombre="ImporteConcepto6" tipo="10" longitud="8"/>
				<campo nombre="ImporteConcepto7" tipo="10" longitud="8"/>
				<campo nombre="ImporteConcepto8" tipo="10" longitud="8"/>
				<campo nombre="ImporteConcepto9" tipo="10" longitud="8"/>
				<campo nombre="ImporteConcepto10" tipo="10" longitud="8"/>
				<campo nombre="ImporteConcepto11" tipo="10" longitud="8"/>
				<campo nombre="ImporteConcepto12" tipo="10" longitud="8"/>
				<campo nombre="ImporteConcepto13" tipo="10" longitud="8"/>
				<campo nombre="ImporteConcepto14" tipo="10" longitud="8"/>
				<campo nombre="ImporteConcepto15" tipo="10" longitud="8"/>
				<campo nombre="ImporteConcepto16" tipo="10" longitud="8"/>
				<campo nombre="ImporteConcepto17" tipo="10" longitud="8"/>
				<campo nombre="ImporteConcepto18" tipo="10" longitud="8"/>
				<campo nombre="ImporteConcepto19" tipo="10" longitud="8"/>
				<campo nombre="ImporteConcepto20" tipo="10" longitud="8"/>
				<campo nombre="ImporteConcepto21" tipo="10" longitud="8"/>
				<campo nombre="ImporteConcepto22" tipo="10" longitud="8"/>
				<campo nombre="ImporteConcepto23" tipo="10" longitud="8"/>
				<campo nombre="ImporteConcepto24" tipo="10" longitud="8"/>
				<!-- FALTA DEL 25 AL 28 -->
				<campo nombre="TipoConcepto1" tipo="10" longitud="1"/>
				<campo nombre="TipoConcepto2" tipo="10" longitud="1"/>
				<campo nombre="TipoConcepto3" tipo="10" longitud="1"/>
				<campo nombre="TipoConcepto4" tipo="10" longitud="1"/>
				<campo nombre="TipoConcepto5" tipo="10" longitud="1"/>
				<campo nombre="TipoConcepto6" tipo="10" longitud="1"/>
				<campo nombre="TipoConcepto7" tipo="10" longitud="1"/>
				<campo nombre="TipoConcepto8" tipo="10" longitud="1"/>
				<campo nombre="TipoConcepto9" tipo="10" longitud="1"/>
				<campo nombre="TipoConcepto10" tipo="10" longitud="1"/>
				<campo nombre="TipoConcepto11" tipo="10" longitud="1"/>
				<campo nombre="TipoConcepto12" tipo="10" longitud="1"/>
				<campo nombre="TipoConcepto13" tipo="10" longitud="1"/>
				<campo nombre="TipoConcepto14" tipo="10" longitud="1"/>
				<campo nombre="TipoConcepto15" tipo="10" longitud="1"/>
				<campo nombre="TipoConcepto16" tipo="10" longitud="1"/>
				<campo nombre="TipoConcepto17" tipo="10" longitud="1"/>
				<campo nombre="TipoConcepto18" tipo="10" longitud="1"/>
				<campo nombre="TipoConcepto19" tipo="10" longitud="1"/>
				<campo nombre="TipoConcepto20" tipo="10" longitud="1"/>
				<campo nombre="TipoConcepto21" tipo="10" longitud="1"/>
				<campo nombre="TipoConcepto22" tipo="10" longitud="1"/>
				<campo nombre="TipoConcepto23" tipo="10" longitud="1"/>
				<campo nombre="TipoConcepto24" tipo="10" longitud="1"/>
				
				<campo nombre="BancoCodigo" tipo="10" longitud="4" posicion="894"/>
				<campo nombre="BancoSucursal" tipo="10" longitud="4"/>
				<campo nombre="BancoDC" tipo="10" longitud="2"/>
				<campo nombre="BancoNumCuenta" tipo="10" longitud="10"/>
				<campo nombre="BancoCodigoIBAN" tipo="10" longitud="4" posicion="965"/>

				
				<campo nombre="DiasParcial" tipo="10" longitud="5" posicion="1109"/>
				<!--campo nombre="Convenio" tipo="10" longitud="3" posicion="135"/  -->
				<campo nombre="Convenio" tipo="10" longitud="3" posicion="1429"/>
				<campo nombre="Categoria" tipo="10" longitud="3" posicion="914"/>
				<!-- 
				<campo nombre="FechaFin1" tipo="10" longitud="6" posicion="966"/>  
				<campo nombre="FechaInicio1" tipo="10" longitud="6" posicion="972"/>
				 -->  
				<campo nombre="FechaBaja" tipo="10" longitud="6" posicion="977"/>  
				<campo nombre="FechaAntiguedad" tipo="10" longitud="6" posicion="983"/> 
				<campo nombre="PorcentajeIRPF" tipo="10" longitud="5" posicion="1130"/>
				<campo nombre="CodigoPostal" tipo="10" longitud="5" posicion="1165"/>  
				<campo nombre="FechaNacimiento" tipo="10" longitud="6" posicion="1502"/>
				
				<!-- DATOS PARA EL HISTORICO -->
				<campo nombre="DiasRecibo" tipo="10" longitud="9" posicion="1599"/> 
				<campo nombre="DiasTPRecibo" tipo="10" longitud="9"/>
				<campo nombre="HorasExtraRecibo" tipo="10" longitud="9" posicion="1662"/>  
				<campo nombre="ImporteConceptoRecibo1" tipo="10" longitud="9" posicion="1725"/>
				<campo nombre="ImporteConceptoRecibo2" tipo="10" longitud="9"/>
				<campo nombre="ImporteConceptoRecibo3" tipo="10" longitud="9"/>
				<campo nombre="ImporteConceptoRecibo4" tipo="10" longitud="9"/>
				<campo nombre="ImporteConceptoRecibo5" tipo="10" longitud="9"/>
				<campo nombre="ImporteConceptoRecibo6" tipo="10" longitud="9"/>
				<campo nombre="ImporteConceptoRecibo7" tipo="10" longitud="9"/>
				<campo nombre="ImporteConceptoRecibo8" tipo="10" longitud="9"/>
				<campo nombre="ImporteConceptoRecibo9" tipo="10" longitud="9"/>
				<campo nombre="ImporteConceptoRecibo10" tipo="10" longitud="9"/>
				<campo nombre="ImporteConceptoRecibo11" tipo="10" longitud="9"/>
				<campo nombre="ImporteConceptoRecibo12" tipo="10" longitud="9"/>
				<campo nombre="ImporteConceptoRecibo13" tipo="10" longitud="9"/>
				<campo nombre="ImporteConceptoRecibo14" tipo="10" longitud="9"/>
				<campo nombre="ImporteConceptoRecibo15" tipo="10" longitud="9"/>
				<campo nombre="ImporteConceptoRecibo16" tipo="10" longitud="9"/>
				<campo nombre="ImporteConceptoRecibo17" tipo="10" longitud="9"/>
				<campo nombre="ImporteConceptoRecibo18" tipo="10" longitud="9"/>
				<campo nombre="ImporteConceptoRecibo19" tipo="10" longitud="9"/>
				<campo nombre="ImporteConceptoRecibo20" tipo="10" longitud="9"/>
				<campo nombre="ImporteConceptoRecibo21" tipo="10" longitud="9"/>
				<campo nombre="ImporteConceptoRecibo22" tipo="10" longitud="9"/>
				<campo nombre="ImporteConceptoRecibo23" tipo="10" longitud="9"/>
				<campo nombre="ImporteConceptoRecibo24" tipo="10" longitud="9"/>
				<campo nombre="ImporteConceptoRecibo25" tipo="10" longitud="9"/>
				
				<campo nombre="BaseRemuneracionMensual" tipo="10" longitud="9" posicion ="1950"/>
				<campo nombre="ProrrataPagasExtras" tipo="10" longitud="9"/>				
				<campo nombre="Total" tipo="10" longitud="9"/>
				<campo nombre="BaseCC" tipo="10" longitud="9"/>
				<campo nombre="BaseCP" tipo="10" longitud="9"/>
				
				<campo nombre="TotalDevengado" tipo="10" longitud="9" posicion="2031"/>
				<campo nombre="TotalIRPF" tipo="10" longitud="9"/>
				<campo nombre="TotalAportaciones" tipo="10" longitud="9"/>
				<campo nombre="TotalAPercibir" tipo="10" longitud="9"/>
				<campo nombre="TotDevPagaExtra" tipo="10" longitud="9"/>
				<campo nombre="TotDeduccionPagaExtra" tipo="10" longitud="9"/>				
				<campo nombre="TotPercibirPagaExtra" tipo="10" longitud="9" posicion="2211"/>
				
				<campo nombre="BaseSujetaIRPF" tipo="10" longitud="9" posicion="2238"/>
				<campo nombre="BCC" tipo="10" longitud="8" posicion="2464"/>
				<campo nombre="BCP" tipo="10" longitud="8" />
			</campos>
		</tabla>
		<tabla nombre="complementariaTra">
			<campos>
				<campo nombre="Tipo" tipo="10" longitud="1" posicion="0"/>
				<campo nombre="CCCEmpresa" tipo="10" longitud="9" posicion="1"/>
				<campo nombre="NafTrabajor" tipo="10" longitud="10"/>
				<campo nombre="EmbargoRecibo" tipo="10" longitud="9" posicion="1303"/>
				<campo nombre="FechaAlta" tipo="10" longitud="6" posicion="1321"/>
			</campos>
		</tabla>
	</tablas>
</mdb>