<?xml version="1.0" encoding="iso-8859-1"?>
<informe>
<config>
<attr id="INIT" />
<paper value="DIN-A4" />
<cpi10 />
<lpi6 />
</config>
<body>
<pageheader>
<sysvar id="date" /><attr id="HIGHQUALITY"><attr id="BOLD"><var id="1" /></attr></attr> P�g: <var id="4" /><br />
<br />
   Empresa :  <var id="2" /> <var id="3" /><br />
   Periodo :  Del <var id="20" /> al <var id="21" /><br />
<br />
</pageheader>
OPERACIONES INTERIORES<br />
______________________________________________________________________<br />
<br />
           Concepto     Tipo   Base Imponible         Importe<br />
           ----------- ----- ------------------ ------------------<br />
           IVA<br />
<block id="1">
<detail>
<tab pos="21" /><var id="5" format="####.##" />    <var id="6" format="####,###,###.##" />    <var id="7" format="####,###,###.##" /><br />
</detail>
</block>
<block id="6">
<detail>
<br />
<tab pos="21" />totales....<var id="22" format="####,###,###.##" />    <var id="23" format="####,###,###.##" /><br />
</detail>
</block>

           Rec.eq<br />
<block id="2">
<detail>
<tab pos="21" /><var id="8" format="####.##" />    <var id="9" format="####,###,###.##" />    <var id="10" format="####,###,###.##" /><br />
</detail>
</block>
<block id="7">
<detail>
<br />
<tab pos="21" />totales....<var id="24" format="####,###,###.##" />    <var id="25" format="####,###,###.##" /><br />
</detail>
</block>
<br />
OPERACIONES INTRACOMUNITARIAS<br />
______________________________________________________________________<br />
<br />
                        Tipo   Base Imponible         Importe<br />
                       ----- ------------------ ------------------<br />
<block id="4">
<detail>
<tab pos="21" /><var id="14" format="####.##" />    <var id="15" format="####,###,###.##" />    <var id="16" format="####,###,###.##" /><br />
</detail>
</block>
<block id="9">
<detail>
<br />
<tab pos="21" />totales....<var id="28" format="####,###,###.##" />    <var id="29" format="####,###,###.##" /><br />
</detail>
</block>
<br />
</body>
</informe>
