<?xml version="1.0" encoding="iso-8859-1"?>
<informe>
<config>
<attr id="INIT" />
<landscape />
<paper value="DIN-A4" />
<cpi10 />
<lpi6 />
</config>
<body>
<block id="1">
<detail><br />
<tab pos="29" /><var id="1" /><br />
<tab pos="29" /><var id="2" /><br />
<tab pos="29" /><var id="3" /><tab pos="54" /><var id="4" /><tab pos="66" /><var id="5" /><br />
<tab pos="34" /><var id="6" /><tab pos="78" /><var id="7" /><br />
<br /><br />
<tab pos="18" /><var id="8" /><tab pos="26" /><var id="9" /><tab pos="41" /><var id="10" /><tab pos="60" /><var id="11" /><tab pos="69" /><var id="12" /><tab pos="79" /><var id="13" /><br />
<br /><br />
<tab pos="10" /><var id="14" /><tab pos="40" /><var id="15" format="####,###,##0.00" /><tab pos="60" /><var id="16" format="##0.##" /><tab pos="68" /><var id="17" format="####,###,##0.00" /><br /><br />
<tab pos="3" /><var id="18" /><tab pos="8" /><var id="19" /><tab pos="40" /><var id="20" format="####,###,##0.00" /><tab pos="60" /><var id="21" format="##0.##" /><tab pos="68" /><var id="22" format="####,###,##0.00" /><br /><br />
<tab pos="3" /><var id="23" /><tab pos="10" /><var id="24" /><tab pos="18" /><var id="25" /><tab pos="40" /><var id="26" format="####,###,##0.00" /><tab pos="60" /><var id="27" format="##0.##" /><tab pos="68" /><var id="28" format="####,###,##0.00" /><br /><br />
<tab pos="3" /><var id="29" /><tab pos="10" /><var id="30" /><tab pos="18" /><var id="31" /><tab pos="40" /><var id="32" format="####,###,##0.00" /><tab pos="60" /><var id="33" format="##0.##" /><tab pos="68" /><var id="34" format="####,###,##0.00" /><br /><br />
<tab pos="7" /><var id="35" format="####,###,##0.00" /><tab pos="40" /><var id="36" format="####,###,##0.00" /><tab pos="60" /><var id="37" format="##0.##" /><tab pos="68" /><var id="38" format="####,###,##0.00" /><br /><br />
<tab pos="12" /><var id="39" /><tab pos="37" /><var id="40" /><tab pos="40" /><var id="41" format="####,###,##0.00" /><tab pos="60" /><var id="42" format="##0.##" /><tab pos="68" /><var id="43" format="####,###,##0.00" /><tab pos="88" /><var id="44" /><br /><br />
<tab pos="7" /><var id="45" format="##0.#" /><tab pos="13" /><var id="46" format="#,###,##0.##" /><tab pos="40" /><var id="47" format="####,###,##0.00" /><tab pos="60" /><var id="48" format="##0.##" /><tab pos="68" /><var id="49" format="####,###,##0.00" /><br /><br />
<tab pos="7" /><var id="50" format="##0.#" /><tab pos="13" /><var id="51" format="#,###,##0.##" /><tab pos="40" /><var id="52" format="####,###,##0.00" /><tab pos="60" /><var id="53" format="##0.##" /><tab pos="68" /><var id="54" format="####,###,##0.00" /><br /><br />
<tab pos="7" /><var id="55" format="##0.#" /><tab pos="13" /><var id="56" format="#,###,##0.##" /><tab pos="40" /><var id="57" format="#,###,##0.00" /><tab pos="54" /> <var id="58" /><tab pos="60" /><var id="59" format="##0.##" /><tab pos="68" /><var id="60" format="####,###,##0.00" /><br />
<tab pos="89" /><var id="61" /><br />
<tab pos="11" /><var id="62" /><tab pos="68" /><var id="63" format="####,###,##0.00" /><br /><br />
<tab pos="21" /><var id="64" format="####,###,##0.00" /><tab pos="37" /><var id="65" format="####,###,##0.00" /><tab pos="52" /><var id="66" format="####,###,##0.00" /><tab pos="68" /><var id="67" format="####,###,##0.00" /><tab pos="88" /><var id="68" /><br /><br />
<tab pos="68" /><var id="69" format="####,###,##0.00" /><tab pos="88" />No acompa�a TC2.<br /><tab pos="88" />Autor TGSS num.<br />
<tab pos="68" /><var id="70" format="####,###,##0.00" /><tab pos="88" /><var id="86" /> de fecha<br /><tab pos="88" /><var id="87" /><br />

<tab pos="37" /><var id="71" format="####,###,##0.00" /><tab pos="60" /><var id="72" format="##0.##" /><tab pos="68" /><var id="73" format="####,###,##0.00" /><br /><br />
<tab pos="37" /><var id="74" format="####,###,##0.00" /><tab pos="60" /><var id="75" format="##0.##" /><tab pos="68" /><var id="76" format="####,###,##0.00" /><br /><br />
<tab pos="37" /><var id="77" format="####,###,##0.00" /><tab pos="48" /><var id="78" format="####,###,##0.00" /><tab pos="68" /><var id="79" format="####,###,##0.00" /><br /><br />

<tab pos="68" /><var id="80" format="####,###,##0.00" /><br /><br />
<tab pos="28" /><var id="81" format="####,###,##0.00" /><tab pos="48" /><var id="82" format="##0.##" /><tab pos="68" /><var id="83" format="####,###,##0.00" /><br /><br />
<tab pos="40" /><var id="84" format="####,###,##0.00" /><tab pos="68" /><var id="85" format="####,###,##0.00" /><br /><br /><br /><br />
</detail>
</block>
</body>
</informe>
