<?xml version="1.0" encoding="iso-8859-1"?>
<informe>
<config>
<attr id="INIT" />
<landscape />
<paper value="DIN-A4" />
<cpi10 />
<lpi6 />
</config>
<body>
<block id="1">
<detail><br />
<tab pos="30" /><var id="1" /><br />
<tab pos="30" /><var id="2" /><br />
<tab pos="30" /><var id="3" /><tab pos="65" /><var id="4" /><tab pos="75" /><var id="5" /><br />
<br /><br /><br />
<tab pos="7" /><var id="6" /><tab pos="14" /><var id="7" /><tab pos="29" /><var id="8" /><tab pos="45" /><var id="9" /><tab pos="53" /><var id="10" /><tab pos="65" /><var id="11" /><tab pos="94" /><var id="13" /><tab pos="102" /><var id="14" /><br />
<br /><br />
<block id="2">
<detail>
<tab pos="2" /><var id="15" /><tab pos="11" /><var id="16" /><tab pos="16" /><var id="17" /><tab pos="30" /><var id="18" /><tab pos="46" /><var id="19" /><tab pos="52" /><var id="20" /><tab pos="58" /><var id="21" /><tab pos="63" /><var id="22" format="###0.00" /><tab pos="73" /><var id="23" /><tab pos="79" /><var id="24" /><tab pos="86" /><var id="25" /><tab pos="91" /><var id="26" /><tab pos="96" /><var id="27" format="###0.00" /><tab pos="105" /><var id="28" format="ddMMyy" /><br /><br />
</detail>
</block>
<br /><br />
<tab pos="3" /><var id="29" format="#########0.00" /><tab pos="18" /><var id="30" format="#########0.00" /><tab pos="33" /><var id="31" format="#########0.00" /><tab pos="49" /><var id="32" format="#########0.00" /><tab pos="76" /><var id="33" /><br /><br />
<tab pos="3" /><var id="34" format="#########0.00" /><tab pos="18" /><var id="35" format="#########0.00" /><tab pos="33" /><var id="36" format="#########0.00" /><tab pos="49" /><var id="37" format="#########0.00" /><br /><br />
<tab pos="3" /><var id="38" format="#########0.00" /><tab pos="18" /><var id="39" format="#########0.00" /><tab pos="33" /><var id="40" format="#########0.00" />
<br /><br /><br /><br /><br /><br />
</detail>
</block>
</body>
</informe>
