<?xml version="1.0" encoding="UTF-8"?>
<mdb archivo="NINXXXX.DAT">
	<tablas>
		<tabla nombre="Incidencia">
			<campos>				
				
			  <campo nombre="IncidenciaValida" tipo="4" longitud="1" posicion="0"/> <!--@ valida si (int = 64)-->
				<campo nombre="FechaRegistroIncidencia" tipo="8" longitud="4" posicion="2"/> <!-- getDateBigEndian -->				
				<campo nombre="CodTrabajador" tipo="10" longitud="6" /> <!--comun-->
				<campo nombre="CodigoIncidencia" tipo="4" longitud="1" posicion="16"/><!--comun-->
				<campo nombre="BloqueIncidencia" tipo="4" longitud="1" posicion="17"/><!--comun-->
				<campo nombre="FechaInicioIT" tipo="8" longitud="4" posicion="18"/> <!--bloque1-->
				<campo nombre="PorcentajeJornadaEnEre" tipo="5" longitud="2" posicion="20"/> <!--bloque1  3 decimales!!!-->	
				<campo nombre="BaseReguladoraCCEre" tipo="5" longitud="4" posicion="23"/> <!--bloque1  4 decimales!!!-->		
				<campo nombre="BaseReguladoraAccEre" tipo="5" longitud="4" posicion="30"/> <!--bloque1  4 decimales!!!-->	
				<campo nombre="NumeroEre" tipo="4" longitud="4" posicion="37"/> <!--bloque1  4 decimales!!!-->
				<campo nombre="CoeficienteEre" tipo="5" longitud="2" posicion="41"/> <!--bloque1  3 decimales!!!-->			
				<campo nombre="BonificacionMaternidadPaternidad" tipo="10" longitud="1" posicion="46"/><!--bloque1-->
				<campo nombre="TipoBonificacionMaternidadPaternidad" tipo="10" longitud="1" posicion="48"/><!--bloque1-->
				<campo nombre="PorcentajeMaternidadParcial" tipo="5" longitud="3" posicion="49"/><!--bloque1 3 decimales!!!-->
				
				<campo nombre="BaseReguladoraContingenciasComunes" tipo="5" longitud="3" posicion="24"/><!--bloque2-->
				<campo nombre="BaseReguladoraAccidentes" tipo="5" longitud="3" posicion="30"/><!--bloque2-->
				<campo nombre="FechaVinculadaFinIncidencia" tipo="8" longitud="4" posicion="19"/><!--bloque2 exclusivo fin de incidencia getDateBigEndian-->
								
				<campo nombre="Contingencia" tipo="4" longitud="1" posicion="25"/><!--bloque3-->
				<campo nombre="NumeroColegiado2" tipo="10" longitud="8" posicion="26"/><!--bloque3  ../XX/XXXXXX-->
				<campo nombre="CIAS" tipo="10" longitud="11" posicion ="34"/><!--bloque3-->
				<campo nombre="DuracionProbableDias" tipo="4" longitud="2" posicion="45"/><!--bloque3-->				
				<campo nombre="DuracionProbableMeses" tipo="4" longitud="2" posicion="47"/><!--bloque3-->				
				<campo nombre="SumaBasesCotizacionParcial" tipo="5" longitud="4" posicion="49"/><!--bloque3-->
				<campo nombre="SumaDiasCotizadosParcial" tipo="4" longitud="1" posicion="53"/><!--bloque3-->
				<campo nombre="BaseCotizacion" tipo="5" longitud="4" posicion="54"/><!--bloque3-->
				<campo nombre="DiasCotizadosMes" tipo="4" longitud="1" posicion="58"/><!--bloque3-->
				<campo nombre="CotizAnosAnteriorHorasExtraDias" tipo="5" longitud="4" posicion="59"/><!--bloque3-->
				<campo nombre="CotizAnosAnteriorOtrosConceptosDias" tipo="5" longitud="4" posicion="63"/><!--bloque3-->
				<campo nombre="NumeroColegiado1" tipo="10" longitud="8" posicion="77"/><!--bloque3  las dos primeras cifras XX/-->		
						
				<campo nombre="DiasBajaAnterioresRecaida" tipo="4" longitud="2" posicion="36"/><!--bloque2-->
				<campo nombre="TipoComplemento" tipo="10" longitud="1" posicion="38"/> <!--bloque2    B=bruto R=base reguladora N=No-->
				<campo nombre="ConHospitalizacion" tipo="10" longitud="1" posicion="49"/> <!--bloque2    S,N-->
				<campo nombre="Prestacion" tipo="10" longitud="1" posicion="50"/> <!--bloque2    C=Conderecho S=Sin derecho D=Directo del INSS-->

				<!-- Retribuciones variables -->
				<campo nombre="CodConceptoRetVariable" tipo="4" longitud="1" posicion="18"/><!--bloque2-->
				<campo nombre="ImporteRetVariable" tipo="5" longitud="6" posicion="20"/> <!--bloque2    B=bruto R=base reguladora N=No-->
				<campo nombre="UnidadesRetVariable" tipo="5" longitud="6" posicion="26"/> <!--bloque2    S,N-->									
			</campos>
		</tabla>
	</tablas>
</mdb>