<?xml version="1.0" encoding="utf-8"?>
<mdb archivo="dd">
  <tablas>
    <tabla nombre="SOC0112F">
      <campos>
        <campo nombre="ACTIVO" tipo="10" longitud="1" posicion="0"/>
        <campo nombre="NIF" tipo="10" longitud="9" posicion="7" />
        <campo nombre="NOMBRE" tipo="10" longitud="40" posicion="16" />
        <campo nombre="CODI" tipo="4" longitud="3" posicion="56" />
        <campo nombre="INICIO_PERIODO_ACTUAL" tipo="4" longitud="4" posicion="59" />
        <campo nombre="FINAL_PERIODO_ACTUAL" tipo="4" longitud="4" posicion="63" />
        <campo nombre="CNAE_CCAA" tipo="10" longitud="4" posicion="67" />
        <campo nombre="SIGLAS_FISCAL"  tipo="10" longitud="5" posicion="78" />
        <campo nombre="CALLE_FISCAL"  tipo="10" longitud="35" posicion="83" />
        <campo nombre="NUMERO_FISCAL" tipo="10" longitud="5" posicion="118" />
        <campo nombre="ESCALERA_FISCAL" tipo="10" longitud="2" posicion="123" />
        <campo nombre="PISO_FISCAL" tipo="10" longitud="2" posicion="125" />
        <campo nombre="PUERTA_FISCAL" tipo="10" longitud="2" posicion="127" />
        <campo nombre="COD_POSTAL_FISCAL" tipo="4" longitud="3" posicion="129"/>
        <campo nombre="COD_PROV_FISCAL" tipo="4" longitud="3" posicion="132" />
        <campo nombre="MUNICIPIO_FISCAL" tipo="10" longitud="25" posicion="135" />
        <campo nombre="NOM_PROV_FISCAL" tipo="10" longitud="30" posicion="160" />
        <campo nombre="TELEFONO_FISCAL" tipo="10" longitud="9" posicion="190" />
        <campo nombre="SIGLAS_ENVIO"  tipo="10" longitud="5" posicion="202" />
        <campo nombre="CALLE_ENVIO"  tipo="10" longitud="35" posicion="207" />
        <campo nombre="NUMERO_ENVIO" tipo="10" longitud="5" posicion="242" />
        <campo nombre="ESCALERA_ENVIO" tipo="10" longitud="2" posicion="247" />
        <campo nombre="PISO_ENVIO" tipo="10" longitud="2" posicion="249" />
        <campo nombre="PUERTA_ENVIO" tipo="10" longitud="2" posicion="251" />
        <campo nombre="COD_POSTAL_ENVIO" tipo="4" longitud="3" posicion="253"/>
        <campo nombre="COD_PROV_ENVIO" tipo="4" longitud="3" posicion="256" />
        <campo nombre="MUNICIPIO_ENVIO" tipo="10" longitud="25" posicion="259" />
        <campo nombre="NOM_PROV_ENVIO" tipo="10" longitud="30" posicion="284" />
        <campo nombre="TELEFONO1_ENVIO"  tipo="10" longitud="12" posicion="314" />
        <campo nombre="EXTENSION1_ENVIO" tipo="10" longitud="4" posicion="326" />
        <campo nombre="TELEFONO2_ENVIO"  tipo="10" longitud="12" posicion="330" />
        <campo nombre="EXTENSION2_ENVIO" tipo="10" longitud="4" posicion="342" />
        <campo nombre="FAX_ENVIO" tipo="10" longitud="12" posicion="346" />
        <campo nombre="MAIL_ENVIO" tipo="10" longitud="45" posicion="358" />
        <campo nombre="ENT_EXENTA" tipo="10" longitud="1" posicion="403" />
        <campo nombre="COOP_PROTEG" tipo="10" longitud="1" posicion="405" />
        <campo nombre="COOP_ESP_PROTEG" tipo="10" longitud="1" posicion="406" />
        <campo nombre="REG_FISC_TIT_II" tipo="10" longitud="1" posicion="407" />
        <campo nombre="OTROS_REG" tipo="10" longitud="1" posicion="410" />
        <campo nombre="GRAN_EMPRESA" tipo="10" longitud="1" posicion="412" />
        <campo nombre="INACTIVA" tipo="10" longitud="1" posicion="413" />
        <campo nombre="SOC_DOMINANTE" tipo="10" longitud="1" posicion="417" />
        <campo nombre="SOC_DEPENDIENTE" tipo="10" longitud="1" posicion="418" />
        <campo nombre="PYME" tipo="10" longitud="1" posicion="419" />
        <campo nombre="TRANSM_ELEMENTOS" tipo="10" longitud="1" posicion="420" />
        <campo nombre="REG_MINERIA" tipo="10" longitud="1" posicion="421" />
        <campo nombre="REG_HIDROCARBUR" tipo="10" longitud="1" posicion="422" />
        <campo nombre="N_GRUPO" tipo="10" longitud="7" posicion="423" />
        <campo nombre="PLAN_CONTABLE" tipo="4" longitud="1" posicion="435" />
        <campo nombre="TIPOBALANCE" tipo="10" longitud="1" posicion="438" />
        <campo nombre="CTAPERDGANACIAS" tipo="10" longitud="1" posicion="439" />
        <campo nombre="EJER_CONSTITUCION" tipo="4" longitud="2" posicion="447" />
        <campo nombre="INICIO_PERIODO_ANTERIOR" tipo="4" longitud="4" posicion="454" />
        <campo nombre="FINAL_PERIODO_ANTERIOR" tipo="4" longitud="4" posicion="458" />
        <campo nombre="CNAE_MODELO200" tipo="10" longitud="4" posicion="471" />
        <campo nombre="GRAV_REDUCIDO" tipo="10" longitud="1" posicion="483" />
        <campo nombre="REG_11_2009" tipo="10" longitud="1" posicion="489" />
        <campo nombre="NIF_DOMINANTE" tipo="10" longitud="9" posicion="490" />
      </campos>
    </tabla>
    <tabla nombre="SOCREP12">
      <campos>
        <campo nombre="ACTIVO" tipo="10" longitud="1" posicion="0"/>
        <campo nombre="NIF_REPRES" tipo="10" longitud="14" posicion="2" />
        <campo nombre="APELLIDO_REPRES" tipo="10" longitud="40" posicion="16" />
        <campo nombre="NOMBRE_REPRES" tipo="10" longitud="15" posicion="56" />
        <campo nombre="PROVINCIA_REPRES" tipo="10" longitud="15" posicion="71" />
        <campo nombre="COD_PROV_REPRES" tipo="10" longitud="2" posicion="86" />
      </campos>
    </tabla>
    <tabla nombre="CARGOS">
      <campos>
        <campo nombre="ACTIVO" tipo="10" longitud="1" posicion="0"/>
        <campo nombre="NIF_SOCIEDAD" tipo="10" longitud="9" posicion="7" />
        <campo nombre="NIFPERSONA" tipo="10" longitud="14" posicion="16" />
        <campo nombre="TIPO" tipo="10" longitud="1" posicion="31" />
        <campo nombre="APELLIDOS_PERSONA" tipo="10" longitud="40" posicion="34" />
        <campo nombre="NOMBRE_PERSONA" tipo="10" longitud="15" posicion="74" />
        <campo nombre="DOMICILIO" tipo="10" longitud="40" posicion="89" />
        <campo nombre="NUMERO" tipo="10" longitud="5" posicion="129" />
        <campo nombre="POBLACION" tipo="10" longitud="15" posicion="134" />
        <campo nombre="COD_PROVINCIA" tipo="10" longitud="2" posicion="149" />
        <campo nombre="NOM_PROVINCIA" tipo="10" longitud="15" posicion="154" />
        <campo nombre="FIS_JURI" tipo="10" longitud="1" posicion="169" />
        <campo nombre="RESIDENTE" tipo="10" longitud="1" posicion="170" />
        <campo nombre="NO_RESIDENTE_SIN_NIF" tipo="10" longitud="1" posicion="171" />
        <campo nombre="TIENE_REPRESENTANTE" tipo="10" longitud="1" posicion="172" />
        <campo nombre="NIF_REPRESENTANTE" tipo="10" longitud="14" posicion="178" />
        <campo nombre="MENOR_EDAD" tipo="10" longitud="1" posicion="192" />
        <campo nombre="ASISTE_JUNTA" tipo="10" longitud="1" posicion="193" />
        <campo nombre="CARGOJUNTA" tipo="10" longitud="15" posicion="194" />
        <campo nombre="REPRESENTADO_NIF" tipo="10" longitud="14" posicion="209" />
        <campo nombre="REPRESENTADO_NOMBRE" tipo="10" longitud="40" posicion="223" />
        <campo nombre="FECHA_ALTA_ADMIN" tipo="10" longitud="8" posicion="363" />
        <campo nombre="FECHA_BAJA_ADMIN" tipo="10" longitud="8" posicion="371" />
        <campo nombre="CARGO_ADMIN" tipo="10" longitud="1" posicion="379" />
        <campo nombre="ORDEN_IMPRESO" tipo="4" longitud="2" posicion="380" />
        <campo nombre="FIRMA_CTAS_ANUALES" tipo="10" longitud="1" posicion="382" />
        <campo nombre="CERTIFICA_ISS" tipo="10" longitud="1" posicion="383" />
        <campo nombre="CERTIFICA_CTAS_ANUALES" tipo="10" longitud="1" posicion="384" />
        <campo nombre="CERTIFICA_FIRMA_DIGITAL" tipo="10" longitud="1" posicion="385" />
        <campo nombre="INICIO_PODER_REPRES" tipo="10" longitud="8" posicion="386" />
        <campo nombre="FIN_PODER_REPRES" tipo="10" longitud="8" posicion="394" />
        <campo nombre="NOTARIA_REPRES" tipo="10" longitud="14" posicion="402" />
        <campo nombre="FIRMA_ISS" tipo="10" longitud="1" posicion="417" />
        <campo nombre="ACCION_TIPOA" tipo="10" longitud="1" posicion="418" />
        <campo nombre="NRO_ACCIONESA" tipo="4" longitud="3" posicion="419" />
        <campo nombre="TITULARIDADACCIONESA" tipo="10" longitud="1" posicion="424" />
        <campo nombre="%TITULARIDADA" tipo="4" longitud="2" posicion="425" />
        <campo nombre="ACCIONTIPOB" tipo="10" longitud="1" posicion="428" />
        <campo nombre="NUMEROACCIONESB" tipo="4" longitud="3" posicion="429" />
        <campo nombre="TITULARIDADACCIONESB" tipo="10" longitud="1" posicion="434" />
        <campo nombre="%TITULARIDADB" tipo="4" longitud="2" posicion="435" />
        <campo nombre="ACCIONTIPOC" tipo="10" longitud="1" posicion="438" />
        <campo nombre="NUMEROACCIONESC" tipo="4" longitud="3" posicion="439" />
        <campo nombre="TITULARIDADACCIONESC" tipo="10" longitud="1" posicion="444" />
        <campo nombre="%TITULARIDADC" tipo="4" longitud="2" posicion="445" />
        <campo nombre="ACCIONTIPOD" tipo="10" longitud="1" posicion="448" />
        <campo nombre="NUMEROACCIONESD" tipo="4" longitud="3" posicion="449" />
        <campo nombre="TITULARIDADACCIONESD" tipo="10" longitud="1" posicion="454" />
        <campo nombre="%TITULARIDADD" tipo="4" longitud="2" posicion="455" />
        <campo nombre="ACCIONTIPOE" tipo="10" longitud="1" posicion="458" />
        <campo nombre="NUMEROACCIONESE" tipo="4" longitud="3" posicion="459" />
        <campo nombre="TITULARIDADACCIONESE" tipo="10" longitud="1" posicion="464" />
        <campo nombre="%TITULARIDADE" tipo="4" longitud="2" posicion="465" />
        <campo nombre="%PARTICIPACION" tipo="4" longitud="3" posicion="478" decimales="4" />
        <campo nombre="%PARTICIPACION_ESTATUTOS" tipo="4" longitud="3" posicion="481" decimales="4" />
        <campo nombre="VALOR NOMINAL" tipo="4" longitud="6" posicion="484" />
        <campo nombre="SOC_PARTICIP_%PART" tipo="4" longitud="3" posicion="496"  decimales="3" />
        <campo nombre="SOC_VAL_NOM_TOTAL" tipo="4" longitud="6" posicion="499" />
        <campo nombre="SOC_COTIZA" tipo="10" longitud="1" posicion="505" />
        <campo nombre="SOC_VAL_LIBROS" tipo="4" longitud="6" posicion="509" />
        <campo nombre="SOC_INGR_DIVID" tipo="4" longitud="6" posicion="515" />
        <campo nombre="SOC_CAPITAL" tipo="4" longitud="6" posicion="557" />
        <campo nombre="SOC_RESERVAS" tipo="4" longitud="6" posicion="563" />
        <campo nombre="SOC_OTR_PATRIM" tipo="4" longitud="6" posicion="569" />
        <campo nombre="SOC_RES_ULT_EJ" tipo="4" longitud="6" posicion="575" />
        <campo nombre="SOC_CORREC_PYG" tipo="4" longitud="6" posicion="581" />
        <campo nombre="SOC_CORREC_RTDO" tipo="4" longitud="6" posicion="587" />
        <campo nombre="SOC_CORREC_BIMP" tipo="4" longitud="6" posicion="593" />
        <campo nombre="SOC_CORREC_PDTE" tipo="4" longitud="6" posicion="599" />
      </campos>
    </tabla>
    <tabla nombre="VINCULADAS">
      <campos>
        <campo nombre="ACTIVO" tipo="10" longitud="1" posicion="0"/>
        <campo nombre="NIF_SOCIEDAD" tipo="10" longitud="9" posicion="7" />
        <campo nombre="TIPO_REGISTRO" tipo="10" longitud="1" posicion="17" />
        <campo nombre="NIFPERSONA" tipo="10" longitud="14" posicion="21" />
        <campo nombre="FIS_JURI" tipo="10" longitud="1" posicion="35" />
        <campo nombre="NOMBRE" tipo="10" longitud="55" posicion="36" />
        <campo nombre="TIPO_VINCUL" tipo="10" longitud="1" posicion="91" />
        <campo nombre="PAIS" tipo="10" longitud="2" posicion="94" />
        <campo nombre="TIPO_OPER" tipo="10" longitud="2" posicion="96" />
        <campo nombre="ING_PAGO" tipo="10" longitud="1" posicion="99" />
        <campo nombre="METODO" tipo="10" longitud="2" posicion="100" />
        <campo nombre="IMPORTE" tipo="4" longitud="6" posicion="105" />
      </campos>
    </tabla>
    <tabla nombre="ACCIONSOCIE">
      <campos>
        <campo nombre="ACTIVO" tipo="10" longitud="1" posicion="0"/>
        <campo nombre="NIF_SOCIEDAD" tipo="10" longitud="9" posicion="7" />
        <campo nombre="TIPO_REGISTRO" tipo="10" longitud="1" posicion="17" />
        <campo nombre="TIPO2" tipo="4" longitud="1" posicion="20" />
        <campo nombre="TIPO3" tipo="10" longitud="2" posicion="21" />
        <campo nombre="ACCION_NRO_1" tipo="4" longitud="5" posicion="43" decimales="0" />
        <campo nombre="ACCION_NRO_2" tipo="4" longitud="5" posicion="48" decimales="0" />
        <campo nombre="ACCION_NRO_3" tipo="4" longitud="5" posicion="53" decimales="0" />
        <campo nombre="ACCION_NRO_4" tipo="4" longitud="5" posicion="58" decimales="0" />
        <campo nombre="ACCION_NRO_5" tipo="4" longitud="5" posicion="63" decimales="0" />
        <campo nombre="ACCION_NOMINAL_1" tipo="4" longitud="6" posicion="68"  decimales="6" />
        <campo nombre="ACCION_NOMINAL_2" tipo="4" longitud="6" posicion="74"  decimales="6" />
        <campo nombre="ACCION_NOMINAL_3" tipo="4" longitud="6" posicion="80"  decimales="6" />
        <campo nombre="ACCION_NOMINAL_4" tipo="4" longitud="6" posicion="86"  decimales="6" />
        <campo nombre="ACCION_NOMINAL_5" tipo="4" longitud="6" posicion="92"  decimales="6" />
        <campo nombre="COTIZA_BOLSA" tipo="10" longitud="1" posicion="98" />
        <campo nombre="ADMIN_HACIENDA" tipo="4" longitud="2" posicion="99" />
      </campos>
    </tabla>
    <tabla nombre="SOC0112D">
      <campos>
        <campo nombre="ACTIVO" tipo="10" longitud="1" posicion="0"/>
        <campo nombre="NIF_SOCIEDAD" tipo="10" longitud="9" posicion="7" />
        <campo nombre="TIPO_REGISTRO" tipo="10" longitud="1" posicion="17" />
        <campo nombre="TIPO2" tipo="4" longitud="1" posicion="20" />
        <campo nombre="ACCION_DESDE_NRO_1" tipo="4" longitud="5" posicion="43" />
        <campo nombre="ACCION DESDE_NRO_2" tipo="4" longitud="5" posicion="48" />
        <campo nombre="ACCION DESDE_NRO_3" tipo="4" longitud="5" posicion="53" />
        <campo nombre="ACCION DESDE_NRO_4" tipo="4" longitud="5" posicion="58" />
        <campo nombre="ACCION DESDE_NRO_5" tipo="4" longitud="5" posicion="63" />
      </campos>
    </tabla>
    <tabla nombre="SOC0112D">
      <campos>
        <campo nombre="ACTIVO" tipo="10" longitud="1" posicion="0"/>
        <campo nombre="NIF_SOCIEDAD" tipo="10" longitud="9" posicion="7" />
        <campo nombre="TIPO_REGISTRO" tipo="10" longitud="1" posicion="17" />
        <campo nombre="TIPO2" tipo="4" longitud="1" posicion="20" />
        <campo nombre="ACCION_HASTA_NRO_1" tipo="4" longitud="5" posicion="43" />
        <campo nombre="ACCION HASTA_NRO_2" tipo="4" longitud="5" posicion="48" />
        <campo nombre="ACCION HASTA_NRO_3" tipo="4" longitud="5" posicion="53" />
        <campo nombre="ACCION HASTA_NRO_4" tipo="4" longitud="5" posicion="58" />
        <campo nombre="ACCION HASTA_NRO_5" tipo="4" longitud="5" posicion="63" />
      </campos>
    </tabla>
    <tabla nombre="PERSASAL">
      <campos>
        <campo nombre="ACTIVO" tipo="10" longitud="1" posicion="0"/>
        <campo nombre="NIF_SOCIEDAD" tipo="10" longitud="9" posicion="7" />
        <campo nombre="TIPO3" tipo="10" longitud="1" posicion="16" />
        <campo nombre="TIPO_REGISTRO" tipo="10" longitud="1" posicion="17" />
        <campo nombre="TIPO2" tipo="4" longitud="1" posicion="20" />
        <campo nombre="PERS_MEDIO_FIJO" tipo="4" longitud="5" posicion="26" decimales="4"  />
        <campo nombre="PERS_MEDIO_NOFIJO" tipo="4" longitud="5" posicion="36" decimales="4"  />
        <campo nombre="PERS_MEDIO_33" tipo="4" longitud="5" posicion="45" decimales="4"  />
        <campo nombre="PERS_FIN_MUJER_FIJO" tipo="4" longitud="4" posicion="51" decimales="4"  />
        <campo nombre="PERS_FIN_HOMBRE_FIJO" tipo="4" longitud="4" posicion="56" decimales="4"  />
        <campo nombre="PERS_FIN_MUJER_NFIJO" tipo="4" longitud="4" posicion="61" decimales="4"  />
        <campo nombre="PERS_FIN_HOMBRE_NFIJO" tipo="4" longitud="4" posicion="66" decimales="4"  />
      </campos>
    </tabla>
    <tabla nombre="CARACTERES">
      <campos>
        <campo nombre="ACTIVO" tipo="10" longitud="1" posicion="0"/>
        <campo nombre="NIF_SOCIEDAD" tipo="10" longitud="9" posicion="7" />
        <campo nombre="TIPO3" tipo="10" longitud="1" posicion="16" />
        <campo nombre="TIPO_REGISTRO" tipo="10" longitud="1" posicion="17" />
        <campo nombre="INCLUS_BI_POS" tipo="10" longitud="1" posicion="22"  />
        <campo nombre="OPC_107_6" tipo="10" longitud="1" posicion="23"  />
        <campo nombre="VAL_EXTRANJERO" tipo="10" longitud="1" posicion="24"  />
        <campo nombre="ZEC" tipo="10" longitud="1" posicion="25"  />
        <campo nombre="OPC_51_2B" tipo="10" longitud="1" posicion="26"  />
        <campo nombre="RESTO_COOP" tipo="10" longitud="1" posicion="27"  />
        <campo nombre="ESTAB_PERMANENTE" tipo="10" longitud="1" posicion="28"  />
        <campo nombre="UTES" tipo="10" longitud="1" posicion="29"  />
        <campo nombre="AGRUP_EUR_INTER_ECONOM" tipo="10" longitud="1" posicion="30"  />
        <campo nombre="MONTES_VECINALES" tipo="10" longitud="1" posicion="45"  />
        <campo nombre="REG_CANARIAS" tipo="10" longitud="1" posicion="46"  />
        <campo nombre="CAP_Y_RIESGO" tipo="10" longitud="1" posicion="47"  />
        <campo nombre="DESARR_INDUS" tipo="10" longitud="1" posicion="48"  />
        <campo nombre="OPC_ART_431" tipo="10" longitud="1" posicion="49"  />
        <campo nombre="OPC_ART_433" tipo="10" longitud="1" posicion="50"  />
        <campo nombre="GRUPO_MERCANTIL" tipo="10" longitud="1" posicion="51"  />
        <campo nombre="OBLIG_INF_15" tipo="10" longitud="1" posicion="52"  />
        <campo nombre="OBLIG_INF_45" tipo="10" longitud="1" posicion="53"  />
        <campo nombre="ARREND_VDAS" tipo="10" longitud="1" posicion="54"  />
        <campo nombre="INVER_ANTIC_RIC" tipo="10" longitud="1" posicion="55"  />
        <campo nombre="ATRIB_RENTAS_EXTRAN" tipo="10" longitud="1" posicion="56"  />
        <campo nombre="FONDO_PENSIONES" tipo="10" longitud="1" posicion="58"  />
        <campo nombre="SOCIMI" tipo="10" longitud="1" posicion="60"  />
      </campos>
    </tabla>
    <tabla nombre="SOC0112M">
      <campos>
        <campo nombre="ACTIVO" tipo="10" longitud="1" posicion="0"/>
        <campo nombre="NIF_SOCIEDAD" tipo="10" longitud="9" posicion="7" />
        <campo nombre="NIF_SOCI" tipo="10" longitud="14" posicion="16" />
        <campo nombre="ACCION_DESDE_NRO_A" tipo="4" longitud="5" posicion="35" />
        <campo nombre="ACCION_HASTA_NRO_A" tipo="4" longitud="5" posicion="40" />
        <campo nombre="ACCION_DESDE_NRO_B" tipo="4" longitud="5" posicion="46" />
        <campo nombre="ACCION_HASTA_NRO_B" tipo="4" longitud="5" posicion="51" />
        <campo nombre="ACCION_DESDE_NRO_C" tipo="4" longitud="5" posicion="57" />
        <campo nombre="ACCION_HASTA_NRO_C" tipo="4" longitud="5" posicion="62" />
        <campo nombre="ACCION_DESDE_NRO_D" tipo="4" longitud="5" posicion="68" />
        <campo nombre="ACCION_HASTA_NRO_D" tipo="4" longitud="5" posicion="73" />
        <campo nombre="ACCION_DESDE_NRO_E" tipo="4" longitud="5" posicion="79" />
        <campo nombre="ACCION_HASTA_NRO_E" tipo="4" longitud="5" posicion="84" />
      </campos>
    </tabla>
    <tabla nombre="BALANCE_CTAS">
      <campos>
        <campo nombre="ACTIVO" tipo="10" longitud="1" posicion="0"/>
        <campo nombre="TIPO" tipo="10" longitud="1" posicion="1" />
        <campo nombre="NIF_SOCIEDAD" tipo="10" longitud="9" posicion="7" />
        <campo nombre="CUENTA" tipo="4" longitud="4" posicion="16" />
        <campo nombre="SALDO_INICIO_ACT" tipo="4" longitud="6" posicion="20" />
        <campo nombre="SALDO_FINAL_ACT" tipo="4" longitud="6" posicion="26" />
        <campo nombre="SALDO_DEBE_ACT" tipo="4" longitud="6" posicion="32" />
        <campo nombre="SALDO_HABER_ACT" tipo="4" longitud="6" posicion="38" />
        <campo nombre="SALDO_INICIO_ANT" tipo="4" longitud="6" posicion="44" />
        <campo nombre="SALDO_FINAL_ANT" tipo="4" longitud="6" posicion="50" />
        <campo nombre="SALDO_DEBE_ANT" tipo="4" longitud="6" posicion="56" />
        <campo nombre="SALDO_HABER_ANT" tipo="4" longitud="6" posicion="62" />
      </campos>
    </tabla>
    <tabla nombre="BASES_NEGATIVAS">
      <campos>
        <campo nombre="ACTIVO" tipo="10" longitud="1" posicion="0"/>
        <campo nombre="NIF_SOCIEDAD" tipo="10" longitud="9" posicion="7" />
        <campo nombre="EJER" tipo="10" longitud="4" posicion="17" />
        <campo nombre="TIPO_REGIS" tipo="10" longitud="29" posicion="21" />
        <campo nombre="SALDO_INICIO_EJER" tipo="4" longitud="6" posicion="51" />
        <campo nombre="APLICADO" tipo="4" longitud="6" posicion="57" />
        <campo nombre="SALDO_FIN_EJER" tipo="4" longitud="6" posicion="63" />
      </campos>
    </tabla>
    <tabla nombre="DEDUC_INVERS">
      <campos>
        <campo nombre="ACTIVO" tipo="10" longitud="1" posicion="0"/>
        <campo nombre="NIF_SOCIEDAD" tipo="10" longitud="9" posicion="7" />
        <campo nombre="EJER" tipo="10" longitud="4" posicion="17" />
        <campo nombre="TIPO_REGIS" tipo="10" longitud="29" posicion="21" />
        <campo nombre="SALDO_INICIO_EJER" tipo="4" longitud="6" posicion="51" />
        <campo nombre="APLICADO" tipo="4" longitud="6" posicion="57" />
        <campo nombre="SALDO_FIN_EJER" tipo="4" longitud="6" posicion="63" />
        <campo nombre="LIMIT_DEDUC" tipo="10" longitud="3" posicion="69" />
        <campo nombre="VINCUL_DESGLOSE" tipo="10" longitud="3" posicion="72" />
        <campo nombre="DEDUC_INICIO_EJER" tipo="4" longitud="6" posicion="82" />
      </campos>
    </tabla>
    <tabla nombre="BASE_DEDUCCION">
      <campos>
        <campo nombre="ACTIVO" tipo="10" longitud="1" posicion="0"/>
        <campo nombre="NIF_SOCIEDAD" tipo="10" longitud="9" posicion="7" />
        <campo nombre="TIPO_REG" tipo="10" longitud="2" posicion="16" />
        <campo nombre="NRO_REGIS" tipo="4" longitud="3" posicion="18" />
        <campo nombre="BASE_DOBLE_IMP5" tipo="4" longitud="6" posicion="21" />
        <campo nombre="BASE_DOBLE_IMP10" tipo="4" longitud="6" posicion="27" />
        <campo nombre="BASE_DOBLE_IMP50" tipo="4" longitud="6" posicion="33" />
        <campo nombre="BASE_DOBLE_IMP100" tipo="4" longitud="6" posicion="40" />
        <campo nombre="BASE_DONACION" tipo="4" longitud="6" posicion="96" />
        <campo nombre="PORCEN" tipo="4" longitud="1" posicion="106" />
      </campos>
    </tabla>
    <tabla nombre="BASE_IMPOSICION">
      <campos>
        <campo nombre="ACTIVO" tipo="10" longitud="1" posicion="0"/>
        <campo nombre="NIF_SOCIEDAD" tipo="10" longitud="9" posicion="7" />
        <campo nombre="TIPO_REG" tipo="10" longitud="2" posicion="16" />
        <campo nombre="NRO_REGIS" tipo="4" longitud="3" posicion="18" />
        <campo nombre="DESCRIPCION" tipo="10" longitud="29" posicion="21" />
        <campo nombre="IMPORTE1" tipo="4" longitud="6" posicion="51" />
        <campo nombre="IMPORTE2" tipo="4" longitud="6" posicion="57" />
        <campo nombre="IMPORTE3" tipo="4" longitud="6" posicion="63" />
      </campos>
    </tabla>
    <tabla nombre="POR_GRAVAMEN">
      <campos>
        <campo nombre="ACTIVO" tipo="10" longitud="1" posicion="0"/>
        <campo nombre="NIF_SOCIEDAD" tipo="10" longitud="9" posicion="7" />
        <campo nombre="TIPO_REG" tipo="10" longitud="2" posicion="16" />
        <campo nombre="POR_GRAV_EJ_ANT_1" tipo="4" longitud="2" posicion="23" />
        <campo nombre="POR_GRAV_EJ_ANT_2" tipo="4" longitud="2" posicion="25" />
        <campo nombre="POR_GRAV_EJ_ANT_3" tipo="4" longitud="2" posicion="27" />
        <campo nombre="POR_GRAV_EJ_ANT_4" tipo="4" longitud="2" posicion="29" />
        <campo nombre="POR_GRAV_EJ_ANT_5" tipo="4" longitud="2" posicion="31" />
        <campo nombre="POR_GRAV_EJ_ANT_6" tipo="4" longitud="2" posicion="33" />
        <campo nombre="POR_GRAV_EJ_ANT_7" tipo="4" longitud="2" posicion="35" />
        <campo nombre="POR_GRAV_EJ_ANT_8" tipo="4" longitud="2" posicion="37" />
        <campo nombre="POR_GRAV_EJ_ACT" tipo="4" longitud="3" posicion="61" decimales="4" />
        <campo nombre="POR_GRAV_EJ_ANT" tipo="4" longitud="3" posicion="65" decimales="4" />
      </campos>
    </tabla>
    <tabla nombre="BONIFICACIONES">
      <campos>
        <campo nombre="ACTIVO" tipo="10" longitud="1" posicion="0"/>
        <campo nombre="NIF_SOCIEDAD" tipo="10" longitud="9" posicion="7" />
        <campo nombre="TIPO_REG" tipo="10" longitud="2" posicion="16" />
        <campo nombre="NRO_REGIS" tipo="4" longitud="3" posicion="18" />
        <campo nombre="DESCRIPCION1" tipo="10" longitud="29" posicion="21" />
        <campo nombre="PORCEN1" tipo="4" longitud="2" posicion="51" decimales="0" />
        <campo nombre="INGRESO1" tipo="4" longitud="5" posicion="53" />
        <campo nombre="GASTO1" tipo="4" longitud="5" posicion="58" />
        <campo nombre="CODI_BONIF1" tipo="4" longitud="1" posicion="63" />
        <campo nombre="DESCRIPCION2" tipo="10" longitud="29" posicion="64" />
        <campo nombre="PORCEN2" tipo="4" longitud="2" posicion="94" decimales="0" />
        <campo nombre="INGRESO2" tipo="4" longitud="5" posicion="96" />
        <campo nombre="GASTO2" tipo="4" longitud="5" posicion="101" />
        <campo nombre="CODI_BONIF2" tipo="4" longitud="1" posicion="106" />
      </campos>
    </tabla>
    <tabla nombre="DISTRIBUCION">
      <campos>
        <campo nombre="ACTIVO" tipo="10" longitud="1" posicion="0"/>
        <campo nombre="NIF_SOCIEDAD" tipo="10" longitud="9" posicion="7" />
        <campo nombre="TIPO_REG" tipo="10" longitud="2" posicion="16" />
        <campo nombre="NRO_REGIS" tipo="4" longitud="3" posicion="18" />
        <campo nombre="REMANENTE" tipo="4" longitud="6" posicion="21" />
        <campo nombre="RES_VOLUNTARIA" tipo="4" longitud="6" posicion="27" />
        <campo nombre="OTRAS_RESERVAS" tipo="4" longitud="6" posicion="33" />
        <campo nombre="A_RES_LEGAL" tipo="4" longitud="6" posicion="39" />
        <campo nombre="A_RES_ESPEC" tipo="4" longitud="6" posicion="45" />
        <campo nombre="A_RES_VOLUN" tipo="4" longitud="6" posicion="51" />
        <campo nombre="A_OTRAS_RES" tipo="4" longitud="6" posicion="57" />
        <campo nombre="A_DIVIDENDO" tipo="4" longitud="6" posicion="63" />
        <campo nombre="A_COMPEN_PERD" tipo="4" longitud="6" posicion="69" />
        <campo nombre="A_REMANENTE" tipo="4" longitud="6" posicion="75" />
        <campo nombre="A_OTRAS_APLIC" tipo="4" longitud="6" posicion="81" />
      </campos>
    </tabla>
    <tabla nombre="FORMAPAGO">
      <campos>
        <campo nombre="ACTIVO" tipo="10" longitud="1" posicion="0"/>
        <campo nombre="NIF_SOCIEDAD" tipo="10" longitud="9" posicion="7" />
        <campo nombre="TIPO_REG" tipo="10" longitud="2" posicion="16" />
        <campo nombre="NRO_REGIS" tipo="4" longitud="3" posicion="18" />
        <campo nombre="FORMA_PAGO" tipo="10" longitud="1" posicion="21" />
        <campo nombre="FORMA_COBRO" tipo="10" longitud="1" posicion="22" />
        <campo nombre="BANCO" tipo="10" longitud="4" posicion="23" />
        <campo nombre="OFICINA" tipo="10" longitud="4" posicion="27" />
        <campo nombre="DC" tipo="10" longitud="2" posicion="31" />
        <campo nombre="CUENTA" tipo="10" longitud="10" posicion="33" />
      </campos>
    </tabla>
    <tabla nombre="LIQUIDA001">
      <campos>
        <campo nombre="ACTIVO" tipo="10" longitud="1" posicion="0"/>
        <campo nombre="NIF_SOCIEDAD" tipo="10" longitud="9" posicion="7" />
        <campo nombre="TIPO_REG" tipo="10" longitud="2" posicion="16" />
        <campo nombre="NRO_REGIS" tipo="4" longitud="3" posicion="18" />
        <campo nombre="RTDO_CONTABLE" tipo="4" longitud="6" posicion="21" />
        <campo nombre="AUM_TEMPORAL" tipo="4" longitud="6" posicion="27" />
        <campo nombre="DISM_PERMANEN" tipo="4" longitud="6" posicion="33" />
        <campo nombre="DOTAC_FRO" tipo="4" longitud="6" posicion="51" />
        <campo nombre="COMPEN_BASES" tipo="4" longitud="6" posicion="57" />
        <campo nombre="BASE_IMPONIBLE" tipo="4" longitud="6" posicion="63" />
        <campo nombre="RESULT_COOPERATIVO" tipo="4" longitud="6" posicion="69" />
        <campo nombre="RESULT_EXTRACOOP" tipo="4" longitud="6" posicion="75" />
        <campo nombre="GRAVAMEN" tipo="4" longitud="2" posicion="81"  />
        <campo nombre="CUOT_INT_PREV" tipo="4" longitud="6" posicion="87" />
        <campo nombre="CUOTA_NEG_ANTER" tipo="4" longitud="6" posicion="93" />
        <campo nombre="CUOTA_INTEGRA" tipo="4" longitud="6" posicion="99" />
        <campo nombre="INTERNA_5_10" tipo="4" longitud="6" posicion="105" />
        <campo nombre="INTERNA_SOC_50" tipo="4" longitud="6" posicion="111" />
        <campo nombre="INTERNA_SOC_100" tipo="4" longitud="6" posicion="117" />
        <campo nombre="INTERNACIONAL_ISS" tipo="4" longitud="6" posicion="123" />
      </campos>
    </tabla>
    <tabla nombre="LIQUIDA001B">
      <campos>
        <campo nombre="ACTIVO" tipo="10" longitud="1" posicion="0"/>
        <campo nombre="NIF_SOCIEDAD" tipo="10" longitud="9" posicion="7" />
        <campo nombre="TIPO_REG" tipo="10" longitud="2" posicion="16" />
        <campo nombre="NRO_REGIS" tipo="4" longitud="3" posicion="18" />
        <campo nombre="CORREC_ISS" tipo="4" longitud="6" posicion="21" />
      </campos>
    </tabla>
    <tabla nombre="LIQUIDA002">
      <campos>
        <campo nombre="ACTIVO" tipo="10" longitud="1" posicion="0"/>
        <campo nombre="NIF_SOCIEDAD" tipo="10" longitud="9" posicion="7" />
        <campo nombre="TIPO_REG" tipo="10" longitud="2" posicion="16" />
        <campo nombre="NRO_REGIS" tipo="4" longitud="3" posicion="18" />
        <campo nombre="INTERNACIONAL_DIVIDENDO" tipo="4" longitud="6" posicion="21" />
        <campo nombre="DOBLE_IMPOS_SALDO_PDTE" tipo="4" longitud="6" posicion="27" />
        <campo nombre="CUOTA_INTEGRA_POS" tipo="4" longitud="6" posicion="33" />
        <campo nombre="BONIF_NAVIERAS" tipo="4" longitud="6" posicion="39" />
        <campo nombre="BONIF_ARRENDAMIENTO" tipo="4" longitud="6" posicion="45" />
        <campo nombre="BONIF_COOPERATIVA" tipo="4" longitud="6" posicion="51" />
        <campo nombre="OTRAS_BONIF" tipo="4" longitud="6" posicion="57" />
        <campo nombre="DED_ART_42" tipo="4" longitud="6" posicion="63" />
        <campo nombre="DED_APOYO_FISCAL" tipo="4" longitud="6" posicion="69" />
        <campo nombre="DED_TRANS_8" tipo="4" longitud="6" posicion="75" />
        <campo nombre="DED_LIM_CONJUNTO" tipo="4" longitud="6" posicion="81" />
        <campo nombre="DONACIONES" tipo="4" longitud="6" posicion="87" />
        <campo nombre="DED_CANARIAS" tipo="4" longitud="6" posicion="99" />
        <campo nombre="CUOT_LIQ_POSITIVA" tipo="4" longitud="6" posicion="111" />
        <campo nombre="DED_SOCIMI" tipo="4" longitud="6" posicion="117" />
      </campos>
    </tabla>
    <tabla nombre="LIQUIDA003">
      <campos>
        <campo nombre="ACTIVO" tipo="10" longitud="1" posicion="0"/>
        <campo nombre="NIF_SOCIEDAD" tipo="10" longitud="9" posicion="7" />
        <campo nombre="TIPO_REG" tipo="10" longitud="2" posicion="16" />
        <campo nombre="NRO_REGIS" tipo="4" longitud="3" posicion="18" />
        <campo nombre="RETENCIONES" tipo="4" longitud="6" posicion="21" />
        <campo nombre="RIC" tipo="4" longitud="6" posicion="27" />
        <campo nombre="CUOTA_A_INGRESAR" tipo="4" longitud="6" posicion="39" />
        <campo nombre="PRIMER_PAGO" tipo="4" longitud="6" posicion="45" />
        <campo nombre="SEGUNDO_PAGO" tipo="4" longitud="6" posicion="51" />
        <campo nombre="TERCER_PAGO" tipo="4" longitud="6" posicion="57" />
        <campo nombre="CUOTA_DIFERENCIAL" tipo="4" longitud="6" posicion="63" />
        <campo nombre="INCREM_PERD_BFOS" tipo="4" longitud="6" posicion="69" />
        <campo nombre="INTERES_DEMORA" tipo="4" longitud="6" posicion="75" />
        <campo nombre="IMPORTE_DEC_ORIG" tipo="4" longitud="6" posicion="81" />
        <campo nombre="LIQUIDO_INGR_DEVOL" tipo="4" longitud="6" posicion="87" />
        <campo nombre="INCREM_INCUMP_SOCIMI" tipo="4" longitud="6" posicion="93" />
      </campos>
    </tabla>
    <tabla nombre="LIQUIDA005">
      <campos>
        <campo nombre="ACTIVO" tipo="10" longitud="1" posicion="0"/>
        <campo nombre="NIF_SOCIEDAD" tipo="10" longitud="9" posicion="7" />
        <campo nombre="TIPO_REG" tipo="10" longitud="2" posicion="16" />
        <campo nombre="NRO_REGIS" tipo="4" longitud="3" posicion="18" />
        <campo nombre="RED_MONTES_VECINALES" tipo="4" longitud="6" posicion="117" />
        <campo nombre="BONIF_CEUTA" tipo="4" longitud="6" posicion="123" />
      </campos>
    </tabla>
    <tabla nombre="LIQUIDA006">
      <campos>
        <campo nombre="ACTIVO" tipo="10" longitud="1" posicion="0"/>
        <campo nombre="NIF_SOCIEDAD" tipo="10" longitud="9" posicion="7" />
        <campo nombre="TIPO_REG" tipo="10" longitud="2" posicion="16" />
        <campo nombre="NRO_REGIS" tipo="4" longitud="3" posicion="18" />
        <campo nombre="BONIF_EXPORTADORA" tipo="4" longitud="6" posicion="21" />
        <campo nombre="DOBLE_IMPOS_PLUSVALUA" tipo="4" longitud="6" posicion="27" />
        <campo nombre="FACTOR_AGOTAM" tipo="4" longitud="6" posicion="75" />
        <campo nombre="TRANSP_FISCAL_INTERNAC" tipo="4" longitud="6" posicion="105" />
        <campo nombre="RETEN_UTES" tipo="4" longitud="6" posicion="117" />
        <campo nombre="BONIF_BIENES_CORPORALES" tipo="4" longitud="6" posicion="123" />
      </campos>
    </tabla>
    <tabla nombre="PAGOS_CTA1">
      <campos>
        <campo nombre="ACTIVO" tipo="10" longitud="1" posicion="0"/>
        <campo nombre="NIF_SOCIEDAD" tipo="10" longitud="9" posicion="7" />
        <campo nombre="TIPO_REG" tipo="10" longitud="2" posicion="16" />
        <campo nombre="NRO_REGIS" tipo="4" longitud="3" posicion="18" />
        <campo nombre="MODALIDAD" tipo="10" longitud="1" posicion="21" />
        <campo nombre="BASE_PAGO1_MODA" tipo="4" longitud="6" posicion="22" />
        <campo nombre="CUOTA_PAGO1_MODA" tipo="4" longitud="6" posicion="29" />
        <campo nombre="BASE_PAGO1_MODB" tipo="4" longitud="6" posicion="35" />
        <campo nombre="PORCEN_PAGO1_MODB" tipo="4" longitud="1" decimales="0" posicion="41" />
        <campo nombre="RESUL_PAGO1_MODB" tipo="4" longitud="6" posicion="42" />
        <campo nombre="RETEN_PAG1" tipo="4" longitud="6" posicion="48" />
        <campo nombre="PAGOS_ANT_PAG1" tipo="4" longitud="6" posicion="54" />
        <campo nombre="BASE_PAGO2_MODA" tipo="4" longitud="6" posicion="64" />
        <campo nombre="CUOTA_PAGO2_MODA" tipo="4" longitud="6" posicion="71" />
        <campo nombre="BASE_PAGO2_MODB" tipo="4" longitud="6" posicion="77" />
        <campo nombre="PORCEN_PAGO2_MODB" tipo="4" longitud="1" decimales="0" posicion="83" />
        <campo nombre="RESUL_PAGO2_MODB" tipo="4" longitud="6" posicion="84" />
        <campo nombre="RETEN_PAG2" tipo="4" longitud="6" posicion="90" />
        <campo nombre="PAGOS_ANT_PAG2" tipo="4" longitud="6" posicion="96" />
        <campo nombre="BASE_PAGO3_MODA" tipo="4" longitud="6" posicion="106" />
        <campo nombre="CUOTA_PAGO3_MODA" tipo="4" longitud="6" posicion="113" />
        <campo nombre="BASE_PAGO3_MODB" tipo="4" longitud="6" posicion="119" />
        <campo nombre="PORCEN_PAGO3_MODB" tipo="4" longitud="1" decimales="0" posicion="125" />
        <campo nombre="RESUL_PAGO3_MODB" tipo="4" longitud="6" posicion="126" />
        <campo nombre="RETEN_PAG3" tipo="4" longitud="6" posicion="132" />
        <campo nombre="PAGOS_ANT_PAG3" tipo="4" longitud="6" posicion="138" />
      </campos>
    </tabla>
    <tabla nombre="PAGOS_CTA2">
      <campos>
        <campo nombre="ACTIVO" tipo="10" longitud="1" posicion="0"/>
        <campo nombre="NIF_SOCIEDAD" tipo="10" longitud="9" posicion="7" />
        <campo nombre="TIPO_REG" tipo="10" longitud="2" posicion="16" />
        <campo nombre="NRO_REGIS" tipo="4" longitud="3" posicion="18" />
        <campo nombre="CORREC_RDTO_PAG1" tipo="4" longitud="6" posicion="21" />
        <campo nombre="COMPEN_BASES_PAG1" tipo="4" longitud="6" posicion="27" />
        <campo nombre="CORREC_RDTO_PAG2" tipo="4" longitud="6" posicion="51" />
        <campo nombre="COMPEN_BASES_PAG2" tipo="4" longitud="6" posicion="57" />
        <campo nombre="CORREC_RDTO_PAG3" tipo="4" longitud="6" posicion="81" />
        <campo nombre="COMPEN_BASES_PAG3" tipo="4" longitud="6" posicion="87" />
      </campos>
    </tabla>
    <tabla nombre="PAGOS_CTA3">
      <campos>
        <campo nombre="ACTIVO" tipo="10" longitud="1" posicion="0"/>
        <campo nombre="NIF_SOCIEDAD" tipo="10" longitud="9" posicion="7" />
        <campo nombre="TIPO_REG" tipo="10" longitud="2" posicion="16" />
        <campo nombre="NRO_REGIS" tipo="4" longitud="3" posicion="18" />
        <campo nombre="BONIFICACION_PAG1" tipo="4" longitud="6" posicion="21" />
        <campo nombre="BONIFICACION_PAG2" tipo="4" longitud="6" posicion="51" />
        <campo nombre="BONIFICACION_PAG3" tipo="4" longitud="6" posicion="81" />
      </campos>
    </tabla>
    <tabla nombre="PAGOS_CTA4">
      <campos>
        <campo nombre="ACTIVO" tipo="10" longitud="1" posicion="0"/>
        <campo nombre="NIF_SOCIEDAD" tipo="10" longitud="9" posicion="7" />
        <campo nombre="TIPO_REG" tipo="10" longitud="2" posicion="16" />
        <campo nombre="NRO_REGIS" tipo="4" longitud="3" posicion="18" />
        <campo nombre="RDTO_DEC_ANT_PAG1" tipo="4" longitud="6" posicion="21" />
        <campo nombre="RDTO_DEC_ANT_PAG2" tipo="4" longitud="6" posicion="43" />
        <campo nombre="RDTO_DEC_ANT_PAG3" tipo="4" longitud="6" posicion="65" />
      </campos>
    </tabla>
    <tabla nombre="PAGOS_CTA5">
      <campos>
        <campo nombre="ACTIVO" tipo="10" longitud="1" posicion="0"/>
        <campo nombre="NIF_SOCIEDAD" tipo="10" longitud="9" posicion="7" />
        <campo nombre="TIPO_REG" tipo="10" longitud="2" posicion="16" />
        <campo nombre="NRO_REGIS" tipo="4" longitud="3" posicion="18" />
        <campo nombre="RESULT_CONTAB_PAG1" tipo="4" longitud="6" posicion="25" />
        <campo nombre="VOL_OPER_PAG1" tipo="4" longitud="2" posicion="31" />
        <campo nombre="RESULT_CONTAB_PAG2" tipo="4" longitud="6" posicion="67" />
        <campo nombre="VOL_OPER_PAG2" tipo="4" longitud="2" posicion="73" />
        <campo nombre="RESULT_CONTAB_PAG3" tipo="4" longitud="6" posicion="109" />
        <campo nombre="VOL_OPER_PAG3" tipo="4" longitud="2" posicion="115" />
      </campos>
    </tabla>
    <tabla nombre="PAGOS_CTA6">
      <campos>
        <campo nombre="ACTIVO" tipo="10" longitud="1" posicion="0"/>
        <campo nombre="NIF_SOCIEDAD" tipo="10" longitud="9" posicion="7" />
        <campo nombre="TIPO_REG" tipo="10" longitud="2" posicion="16" />
        <campo nombre="NRO_REGIS" tipo="4" longitud="3" posicion="18" />
        <campo nombre="ES_PYME" tipo="10" longitud="1" posicion="21" />
      </campos>
    </tabla>
    <tabla nombre="PAGOS_CTA7">
      <campos>
        <campo nombre="ACTIVO" tipo="10" longitud="1" posicion="0"/>
        <campo nombre="NIF_SOCIEDAD" tipo="10" longitud="9" posicion="7" />
        <campo nombre="TIPO_REG" tipo="10" longitud="2" posicion="16" />
        <campo nombre="NRO_REGIS" tipo="4" longitud="3" posicion="18" />
        <campo nombre="FORMA_PAGO" tipo="10" longitud="1" posicion="21" />
        <campo nombre="BANCO" tipo="10" longitud="4" posicion="22" />
        <campo nombre="OFICINA" tipo="10" longitud="4" posicion="26" />
        <campo nombre="DC" tipo="10" longitud="2" posicion="30" />
        <campo nombre="CUENTA" tipo="10" longitud="10" posicion="32" />
      </campos>
    </tabla>
    <tabla nombre="OBSERVACION">
      <campos>
        <campo nombre="ACTIVO" tipo="10" longitud="1" posicion="0"/>
        <campo nombre="NIF_SOCIEDAD" tipo="10" longitud="9" posicion="7" />
        <campo nombre="TIPO_REG" tipo="10" longitud="2" posicion="16" />
        <campo nombre="NRO_REGIS" tipo="4" longitud="3" posicion="18" />
        <campo nombre="DESCRIPCION" tipo="10" longitud="199" posicion="21" />
      </campos>
    </tabla>
    <tabla nombre="DAT_REGISTRAL">
      <campos>
        <campo nombre="ACTIVO" tipo="10" longitud="1" posicion="0"/>
        <campo nombre="NIF_SOCIEDAD" tipo="10" longitud="9" posicion="7" />
        <campo nombre="TIPO_REGISTRO" tipo="10" longitud="2" posicion="16" />
        <campo nombre="TOMO" tipo="10" longitud="10" posicion="21" />
        <campo nombre="LIBRO" tipo="10" longitud="10" posicion="31" />
        <campo nombre="HOJA" tipo="10" longitud="10" posicion="41" />
        <campo nombre="FOLIO" tipo="10" longitud="10" posicion="51" />
        <campo nombre="SECCION" tipo="10" longitud="10" posicion="61" />
        <campo nombre="INSCRIPCION" tipo="10" longitud="10" posicion="71" />
        <campo nombre="REGISTRO" tipo="4" longitud="1" posicion="130" />
        <campo nombre="FECHA_INSCRIPCION" tipo="4" longitud="4" posicion="131" />
      </campos>
    </tabla>
  </tablas>
</mdb>
