<?xml version="1.0" encoding="UTF-8"?>
<mdb archivo="GFFCUOTA.DAT">
	<tablas>
		<tabla nombre="CargosPeriodicos">
			<campos>
				<campo nombre="TipoTramite" tipo="4" longitud="1" posicion="0"/>	<!-- valido if 40 -->	
				<campo nombre="CodigoCliente" tipo="4" longitud="3" posicion="2"/>
				<campo nombre="CodigoTramite" tipo="10" longitud="6" posicion="8"/>
				<campo nombre="ImporteCargo" tipo="5" longitud="5" posicion="14"/>
				<campo nombre="TipoCargo" tipo="10" longitud="1"/>
				<campo nombre="FechaProxEmision" tipo="8" longitud="4" posicion="24"/>
				<campo nombre="FechaVigencia" tipo="4" longitud="3"/>
				<campo nombre="EmpresaEmisora" tipo="4" longitud="1" posicion="35"/>
				<!--<campo nombre="Expediente" tipo="4" longitud="1" posicion="37"/>-->
				<campo nombre="Expediente" tipo="4" longitud="3" posicion="37"/>
				<campo nombre="Descripcion" tipo="10" longitud="45" posicion="43"/>
				<campo nombre="Unidades" tipo="5" longitud="3" posicion="93"/>
				<campo nombre="Tipo" tipo="10" longitud="1" posicion="111"/> <!-- C=Concepto facturable  P=Pago delegado (suplido) -->	
			</campos>
		</tabla>
	</tablas>
</mdb>