<?xml version="1.0" encoding="UTF-8"?><mdb archivo="GFFCLIEN.DAT">	<tablas>		<tabla nombre="ContactoFechas">			<campos>				<campo nombre="CodigoCliente" tipo="4" longitud="3" posicion="2"/>				<campo nombre="Responsable" tipo="10" longitud="3" posicion="8"/>				<campo nombre="NombreContacto" tipo="10" longitud="25" posicion="11"/>				<campo nombre="TipoNegocio" tipo="10" longitud="26"/>				<campo nombre="FechaAlta" tipo="8" longitud="4"/>				<campo nombre="FechaUltFact" tipo="8" longitud="4"/>				<campo nombre="Comercial" tipo="10" longitud="3" posicion="77"/>				<campo nombre="CodigoBanco1" tipo="4" longitud="2" posicion ="93"/>				<campo nombre="AgenciaBanco1" tipo="4" longitud="2"/>				<campo nombre="DCBanco1" tipo="4" longitud="1"/>				<campo nombre="CuentaBanco1" tipo="4" longitud="5"/>				<campo nombre="NombreAgenciaBanco1" tipo="10" longitud="20"/>				<campo nombre="DomicilioBanco1" tipo="10" longitud="25"/>				<campo nombre="CodigoBanco2" tipo="4" longitud="2"/>				<campo nombre="AgenciaBanco2" tipo="4" longitud="2"/>				<campo nombre="DCBanco2" tipo="4" longitud="1"/>				<campo nombre="CuentaBanco2" tipo="4" longitud="5"/>				<campo nombre="NombreAgenciaBanco2" tipo="10" longitud="20"/>				<campo nombre="DomicilioBanco2" tipo="10" longitud="25"/>				<!-- campo nombre="FechaBaja" tipo="8" longitud="4"/-->			</campos>		</tabla>	</tablas></mdb>