<?xml version="1.0" encoding="UTF-8"?>
<mdb archivo="STAPERSO.DAT">
	<tablas>
		<tabla nombre="ClientesDatos">
			<campos>
				<campo nombre="TipoRegistro" tipo="4" longitud="1" posicion="0"/>   <!-- si es 66 es valido!!-->
				<campo nombre="CodigoCliente" tipo="4" longitud="3" posicion="2"/>
				<campo nombre="DNICliente" tipo="10" longitud="9"/>
				<campo nombre="Nombre" tipo="10" longitud="40" posicion="19"/>	
				<campo nombre="FisicaJuridica" tipo="10" longitud="1"/>	
				<campo nombre="CodigoPais" tipo="4" longitud="2"/>	
				<campo nombre="CNAE" tipo="10" longitud="4"/>
				<campo nombre="Via" tipo="10" longitud="5" posicion="68"/>
				<campo nombre="Calle" tipo="10" longitud="30"/>
				<campo nombre="Numero" tipo="10" longitud="5"/>
				<campo nombre="Escalera" tipo="10" longitud="2"/>
				<campo nombre="Piso" tipo="10" longitud="2"/>
				<campo nombre="Puerta" tipo="10" longitud="2"/>
				<campo nombre="CodigoPostal" tipo="4" longitud="3"/>
				<campo nombre="CodigoMunicipio" tipo="4" longitud="3" Posicion="117"/>
				<campo nombre="Municipio" tipo="10" longitud="20" Posicion="120"/>
				<campo nombre="Provincia" tipo="10" longitud="15"/>
				<campo nombre="Telefono1" tipo="10" longitud="12" posicion="155"/>
				<campo nombre="Extension1" tipo="10" longitud="4"/>
				<campo nombre="Telefono2" tipo="10" longitud="12"/>
				<campo nombre="Extension2" tipo="10" longitud="4"/>
				<campo nombre="Fax" tipo="10" longitud="12"/>
				<campo nombre="ViaFiscal" tipo="10" longitud="5"/>
				<campo nombre="CalleFiscal" tipo="10" longitud="30"/>
				<campo nombre="NumeroFiscal" tipo="10" longitud="5"/>
				<campo nombre="EscaleraFiscal" tipo="10" longitud="2"/>
				<campo nombre="PisoFiscal" tipo="10" longitud="2"/>
				<campo nombre="PuertaFiscal" tipo="10" longitud="2"/>
				<campo nombre="CodigoPostalFiscal" tipo="4" longitud="3"/>
				<campo nombre="MunicipioFiscal" tipo="10" longitud="20" posicion ="248"/>
				<campo nombre="ProvinciaFiscal" tipo="10" longitud="15"/>
				<campo nombre="Telefono1Fiscal" tipo="10" longitud="12"/>
				
				<campo nombre="Aplicacion1" tipo="10" longitud="3" posicion="330"/>
				<campo nombre="CodigoClienteApl1" tipo="4" longitud="3"/>
				<campo nombre="DatoOpcionalApl1" tipo="10" longitud="1"/>
				
				<campo nombre="Aplicacion2" tipo="10" longitud="3"/>
				<campo nombre="CodigoClienteApl2" tipo="4" longitud="3"/>
				<campo nombre="DatoOpcionalApl2" tipo="10" longitud="1"/>
				
				<campo nombre="Aplicacion3" tipo="10" longitud="3"/>
				<campo nombre="CodigoClienteApl3" tipo="4" longitud="3"/>
				<campo nombre="DatoOpcionalApl3" tipo="10" longitud="1"/>
				
				<campo nombre="Aplicacion4" tipo="10" longitud="3"/>
				<campo nombre="CodigoClienteApl4" tipo="4" longitud="3"/>
				<campo nombre="DatoOpcionalApl4" tipo="10" longitud="1"/>
				
				<campo nombre="Aplicacion5" tipo="10" longitud="3"/>
				<campo nombre="CodigoClienteApl5" tipo="4" longitud="3"/>
				<campo nombre="DatoOpcionalApl5" tipo="10" longitud="1"/>
				
				<campo nombre="Aplicacion6" tipo="10" longitud="3"/>
				<campo nombre="CodigoClienteApl6" tipo="4" longitud="3"/>
				<campo nombre="DatoOpcionalApl6" tipo="10" longitud="1"/>
				
				<campo nombre="Aplicacion7" tipo="10" longitud="3"/>
				<campo nombre="CodigoClienteApl7" tipo="4" longitud="3"/>
				<campo nombre="DatoOpcionalApl7" tipo="10" longitud="1"/>
				
				<campo nombre="Aplicacion8" tipo="10" longitud="3"/>
				<campo nombre="CodigoClienteApl8" tipo="4" longitud="3"/>
				<campo nombre="DatoOpcionalApl8" tipo="10" longitud="1"/>
				
				<campo nombre="Aplicacion9" tipo="10" longitud="3"/>
				<campo nombre="CodigoClienteApl9" tipo="4" longitud="3"/>
				<campo nombre="DatoOpcionalApl9" tipo="10" longitud="1"/>
				
				<campo nombre="Aplicacion10" tipo="10" longitud="3"/>
				<campo nombre="CodigoClienteApl10" tipo="4" longitud="3"/>
				<campo nombre="DatoOpcionalApl10" tipo="10" longitud="1"/>
				
				<campo nombre="Aplicacion11" tipo="10" longitud="3"/>
				<campo nombre="CodigoClienteApl11" tipo="4" longitud="3"/>
				<campo nombre="DatoOpcionalApl11" tipo="10" longitud="1"/>
				  
				
				<campo nombre="Aplicacion12" tipo="10" longitud="3"/>
				<campo nombre="CodigoClienteApl12" tipo="4" longitud="3"/>
				<campo nombre="DatoOpcionalApl12" tipo="10" longitud="1"/>
				
				<campo nombre="Aplicacion13" tipo="10" longitud="3"/>
				<campo nombre="CodigoClienteApl13" tipo="4" longitud="3"/>
				<campo nombre="DatoOpcionalApl13" tipo="10" longitud="1"/>
				
				<campo nombre="Aplicacion14" tipo="10" longitud="3"/>
				<campo nombre="CodigoClienteApl14" tipo="4" longitud="3"/>
				<campo nombre="DatoOpcionalApl14" tipo="10" longitud="1"/>
				
				<campo nombre="Aplicacion15" tipo="10" longitud="3"/>
				<campo nombre="CodigoClienteApl15" tipo="4" longitud="3"/>
				<campo nombre="DatoOpcionalApl15" tipo="10" longitud="1"/>
				
				<campo nombre="Aplicacion16" tipo="10" longitud="3"/>
				<campo nombre="CodigoClienteApl16" tipo="4" longitud="3"/>
				<campo nombre="DatoOpcionalApl16" tipo="10" longitud="1"/>
				
				<campo nombre="Aplicacion17" tipo="10" longitud="3"/>
				<campo nombre="CodigoClienteApl17" tipo="4" longitud="3"/>
				<campo nombre="DatoOpcionalApl17" tipo="10" longitud="1"/>
				
				<campo nombre="Aplicacion18" tipo="10" longitud="3"/>
				<campo nombre="CodigoClienteApl18" tipo="4" longitud="3"/>
				<campo nombre="DatoOpcionalApl18" tipo="10" longitud="1"/>
				
				<campo nombre="Aplicacion19" tipo="10" longitud="3"/>
				<campo nombre="CodigoClienteApl19" tipo="4" longitud="3"/>
				<campo nombre="DatoOpcionalApl19" tipo="10" longitud="1"/>
				
				<campo nombre="Aplicacion20" tipo="10" longitud="3"/>
				<campo nombre="CodigoClienteApl20" tipo="4" longitud="3"/>
				<campo nombre="DatoOpcionalApl20" tipo="10" longitud="1"/>
				
				<campo nombre="Aplicacion1" tipo="10" longitud="3"/>
				<campo nombre="CodigoClienteApl1" tipo="4" longitud="3"/>
				<campo nombre="DatoOpcionalApl1" tipo="10" longitud="1"/>
				
				<campo nombre="Aplicacion21" tipo="10" longitud="3"/>
				<campo nombre="CodigoClienteApl21" tipo="4" longitud="3"/>
				<campo nombre="DatoOpcionalApl21" tipo="10" longitud="1"/>
				
				<campo nombre="Aplicacion22" tipo="10" longitud="3"/>
				<campo nombre="CodigoClienteApl22" tipo="4" longitud="3"/>
				<campo nombre="DatoOpcionalApl22" tipo="10" longitud="1"/>
				
				<campo nombre="Aplicacion23" tipo="10" longitud="3"/>
				<campo nombre="CodigoClienteApl23" tipo="4" longitud="3"/>
				<campo nombre="DatoOpcionalApl23" tipo="10" longitud="1"/>
				
				<campo nombre="Aplicacion24" tipo="10" longitud="3"/>
				<campo nombre="CodigoClienteApl24" tipo="4" longitud="3"/>
				<campo nombre="DatoOpcionalApl25" tipo="10" longitud="1"/>
				
				<campo nombre="Aplicacion25" tipo="10" longitud="3"/>
				<campo nombre="CodigoClienteApl25" tipo="4" longitud="3"/>
				<campo nombre="DatoOpcionalApl25" tipo="10" longitud="1"/>
				
				<campo nombre="Aplicacion25" tipo="10" longitud="3"/>
				<campo nombre="CodigoClienteApl25" tipo="4" longitud="3"/>
				<campo nombre="DatoOpcionalApl25" tipo="10" longitud="1"/>
				
				<campo nombre="Email" tipo="10" longitud="45" posicion="667"/>
				<campo nombre="FechaBaja" tipo="8" longitud="4" posicion="610"/>
			</campos>
		</tabla>
	</tablas>
</mdb>
