<?xml version="1.0" encoding="UTF-8"?><mdb archivo="GFTPAREM.DAT">	<tablas>		<tabla nombre="despacho">			<campos>				<campo nombre="NIFdespacho" tipo="10" longitud="9" posicion="0"/>				<campo nombre="NombreDespacho" tipo="10" longitud="40"/>				<campo nombre="Telefono1" tipo="10" longitud="12"/>				<campo nombre="Telefono2" tipo="10" longitud="12" posicion="70"/>				<campo nombre="Fax" tipo="10" longitud="12" posicion="86"/>				<campo nombre="TipoCalle" tipo="10" longitud="2" posicion="100"/>				<campo nombre="Via" tipo="10" longitud="2" posicion="100"/>								<campo nombre="CodigoBanco1" tipo="4" longitud="2" posicion="287"/>				<campo nombre="CodigoEntidad1" tipo="4" longitud="2"/>				<campo nombre="DigitoControl1" tipo="4" longitud="1"/>				<campo nombre="CuentaBancaria1" tipo="5" longitud="5"/>				<campo nombre="CodigoBanco2" tipo="4" longitud="2" posicion="347"/>				<campo nombre="CodigoEntidad2" tipo="4" longitud="2"/>				<campo nombre="DigitoControl2" tipo="4" longitud="1"/>				<campo nombre="CuentaBancaria2" tipo="5" longitud="5"/>				<campo nombre="CodigoBanco3" tipo="4" longitud="2" posicion="407"/>				<campo nombre="CodigoEntidad3" tipo="4" longitud="2"/>				<campo nombre="DigitoControl3" tipo="4" longitud="1"/>				<campo nombre="CuentaBancaria3" tipo="5" longitud="5"/>				<campo nombre="CodigoBanco4" tipo="4" longitud="2" posicion="467"/>				<campo nombre="CodigoEntidad4" tipo="4" longitud="2"/>				<campo nombre="DigitoControl4" tipo="4" longitud="1"/>				<campo nombre="CuentaBancaria4" tipo="5" longitud="5"/>				<campo nombre="CodigoBanco5" tipo="4" longitud="2" posicion="527"/>				<campo nombre="CodigoEntidad5" tipo="4" longitud="2"/>				<campo nombre="DigitoControl5" tipo="4" longitud="1"/>				<campo nombre="CuentaBancaria5" tipo="5" longitud="5"/>				<campo nombre="CodigoBanco6" tipo="4" longitud="2" posicion="587"/>				<campo nombre="CodigoEntidad6" tipo="4" longitud="2"/>				<campo nombre="DigitoControl6" tipo="4" longitud="1"/>				<campo nombre="CuentaBancaria6" tipo="5" longitud="5"/>				<campo nombre="CodigoBanco7" tipo="4" longitud="2" posicion="647"/>				<campo nombre="CodigoEntidad7" tipo="4" longitud="2"/>				<campo nombre="DigitoControl7" tipo="4" longitud="1"/>				<campo nombre="CuentaBancaria7" tipo="5" longitud="5"/>				<campo nombre="CodigoBanco8" tipo="4" longitud="2" posicion="707"/>				<campo nombre="CodigoEntidad8" tipo="4" longitud="2"/>				<campo nombre="DigitoControl8" tipo="4" longitud="1"/>				<campo nombre="CuentaBancaria8" tipo="5" longitud="5"/>				<campo nombre="CodigoBanco9" tipo="4" longitud="2" posicion="767"/>				<campo nombre="CodigoEntidad9" tipo="4" longitud="2"/>				<campo nombre="DigitoControl9" tipo="4" longitud="1"/>				<campo nombre="CuentaBancaria9" tipo="5" longitud="5"/>				<campo nombre="CodigoBanco10" tipo="4" longitud="2" posicion="827"/>				<campo nombre="CodigoEntidad10" tipo="4" longitud="2"/>				<campo nombre="DigitoControl10" tipo="4" longitud="1"/>				<campo nombre="CuentaBancaria10" tipo="5" longitud="5"/>								<campo nombre="TipoSerie1" tipo="10" longitud="1" posicion="887"/>				<campo nombre="TipoSerie2" tipo="10" longitud="1" posicion="897"/>				<campo nombre="TipoSerie3" tipo="10" longitud="1" posicion="907"/>				<campo nombre="TipoSerie4" tipo="10" longitud="1" posicion="917"/>				<campo nombre="TipoSerie5" tipo="10" longitud="1" posicion="927"/>				<campo nombre="TipoSerie6" tipo="10" longitud="1" posicion="937"/>				<campo nombre="TipoSerie7" tipo="10" longitud="1" posicion="947"/>				<campo nombre="TipoSerie8" tipo="10" longitud="1" posicion="957"/>				<campo nombre="TipoSerie9" tipo="10" longitud="1" posicion="967"/>			</campos>		</tabla>	</tablas></mdb>		