<?xml version="1.0" encoding="UTF-8"?>
<mdb archivo="GFFEXPED.DAT">
	<tablas>
		<tabla nombre="Expedientes">
			<campos>
				<campo nombre="TipoTramite" tipo="4" longitud="1" posicion="0"/>	<!-- valido if 40 -->	
				<!--<campo nombre="CodigoDespacho" tipo="4" longitud="3" posicion="2"/>  -->	<!-- IntInv -->
				<campo nombre="NumeroExpediente" tipo="4" longitud="3" posicion="2"/>	<!-- IntInv -->
				<campo nombre="CodigoCliente" tipo="4" longitud="3" posicion="5"/>	<!-- IntInv -->				
				<campo nombre="CodigoDespacho" tipo="4" longitud="1" posicion="126"/>	<!-- IntInv -->
				<campo nombre="CodigoExpe" tipo="10" longitud="22" posicion="14"/>
				<campo nombre="DescripcionExpe" tipo="10" longitud="25"/>
				<campo nombre="TipoExpe" tipo="4" longitud="1" posicion ="61"/>	
				<campo nombre="Responsable" tipo="10" longitud="3"/>	
				<campo nombre="Comercial" tipo="10" longitud="3"/>
				<campo nombre="Telefono" tipo="10" longitud="12" posicion="93"/>
				<campo nombre="Titulo" tipo="10" longitud="9" posicion="109"/>
				<campo nombre="FechaApertura" tipo="8" longitud="4" posicion="118"/>
				<campo nombre="FechaCierre" tipo="8" longitud="4"/>
			</campos>
		</tabla>
	</tablas>
</mdb>