<?xml version="1.0" encoding="UTF-8"?>
<mdb archivo="GFFXXCOF.DAT.DAT">
	<tablas>
		<tabla nombre="Facturas">
			<campos>
				<campo nombre="Prefijo" tipo="4" longitud="1" posicion="0"/> <!-- 66 (B) ok -->
				<campo nombre="Anyo" tipo="4" longitud="1" posicion="2"/> <!-- 2 digitos: 14,15,16, etc -->				
				<campo nombre="SerieFactura" tipo="10" longitud="1" posicion="3"/> 
				<campo nombre="Tipo" tipo="4" longitud="1" posicion="4"/> <!-- F:factura, R:rectificativa, T: Proforma presupuestos, A:Abono -->
				<campo nombre="NumeroFactura" tipo="4" longitud="3" posicion="5"/>
				<campo nombre="CodigoCliente" tipo="4" longitud="3" posicion="8"/>
				<campo nombre="FechaExpedicion" tipo="8" longitud="4"/>
				<campo nombre="DNICliente" tipo="10" longitud="9"/>
				<campo nombre="Nombre" tipo="10" longitud="40" posicion="29"/>	
				<campo nombre="FormatoCuerpoRecibo" tipo="4" longitud="1"/>	
				<campo nombre="BancoDomiciliacion1" tipo="4" longitud="2"/>	
				<campo nombre="OficinaDomiciliacion1" tipo="4" longitud="2"/>	
				<campo nombre="AgenciaDomiciliacion1" tipo="10" longitud="20"/>	
				<campo nombre="CalleDomiciliacion1" tipo="10" longitud="25"/>
				<campo nombre="DCDomiciliacion1" tipo="4" longitud="1"/>	
				<campo nombre="DNumeroCuentaDomiciliacion1" tipo="4" longitud="4"/>
				<campo nombre="TitularTarjetaCredito" tipo="10" longitud="35"/>
				<campo nombre="TipoTarjetaCredito" tipo="10" longitud="15"/>
				<campo nombre="NumeroTC1" tipo="10" longitud="4"/>
				<campo nombre="NumeroTC2" tipo="10" longitud="4"/>
				<campo nombre="NumeroTC3" tipo="10" longitud="4"/>
				<campo nombre="NumeroTC4" tipo="10" longitud="4"/>
				<campo nombre="FechaCaducidadTC" tipo="8" longitud="4"/>
				<campo nombre="ViaDomicilioFactura" tipo="10" longitud="5"/>
				<campo nombre="DomicilioFactura" tipo="10" longitud="30"/>
				<campo nombre="NumeroDomicilioFactura" tipo="10" longitud="4"/>
				<campo nombre="EscaleraDomicilioFactura" tipo="10" longitud="2"/>
				<campo nombre="PisoDomicilioFactura" tipo="10" longitud="2"/>
				<campo nombre="PuertaDomicilioFactura" tipo="10" longitud="2"/>		
				<campo nombre="MunicipioDomicilioFactura" tipo="10" longitud="20"/>
				<campo nombre="ProvinciaDomicilioFactura" tipo="10" longitud="15"/>
				<campo nombre="CodigoPostal" tipo="4" longitud="2"/>
				
				<campo nombre="Comercial" tipo="10" longitud="3" posicion="279"/>
				<campo nombre="CheckNoseSabe" tipo="10" longitud="1"/>
				<campo nombre="FechaVencimiento1" tipo="8" longitud="4"/>
				<campo nombre="FechaVencimiento2" tipo="8" longitud="4"/>
				<campo nombre="FechaVencimiento3" tipo="8" longitud="4"/>
				<campo nombre="FechaVencimiento4" tipo="8" longitud="4"/>
				<campo nombre="FechaVencimiento5" tipo="8" longitud="4"/>
				<campo nombre="FechaVencimiento6" tipo="8" longitud="4"/>
				
				<campo nombre="ImporteVencimiento1" tipo="5" longitud="5"/>
				<campo nombre="ImporteVencimiento2" tipo="5" longitud="5"/>
				<campo nombre="ImporteVencimiento3" tipo="5" longitud="5"/>
				<campo nombre="ImporteVencimiento4" tipo="5" longitud="5"/>
				<campo nombre="ImporteVencimiento5" tipo="5" longitud="5"/>
				<campo nombre="ImporteVencimiento6" tipo="5" longitud="5"/>
								
				<campo nombre="FormaDePago" tipo="4" longitud="1" posicion="337"/>
				<campo nombre="DiadePago1" tipo="4" longitud="1"/>
				<campo nombre="DiadePago2" tipo="4" longitud="1"/>
				<campo nombre="DescuentoCliente" tipo="5" longitud="3"/>
				<campo nombre="DescuentoPP" tipo="5" longitud="3"/>
				<campo nombre="IndiceRetencion" tipo="5" longitud="1" posicion="347"/> <!-- Mirar a que tabla hace referencia para sacar el porcentaje de retencion -->
				<campo nombre="FechaFactura" tipo="8" longitud="4" posicion ="355"/>
				<campo nombre="EnlaceContable" tipo="10" longitud="8" posicion ="369"/>
				<campo nombre="IndiceComision" tipo="5" longitud="3" posicion="384"/>
				
			</campos>
		</tabla>
	</tablas>
</mdb>