<?xml version="1.0" encoding="UTF-8"?>
<mdb archivo="GFFXXCOF.DAT.DAT">
	<tablas>
		<tabla nombre="Movimientos">
			<campos>
				<campo nombre="Prefijo" tipo="4" longitud="1" posicion="0"/> <!-- 64 (@) ok -->
				<campo nombre="CodigoNumericoMovimiento" tipo="4" longitud="4" posicion="3"/> <!-- -->
				<campo nombre="ColumnaTipo" tipo="10" longitud="1"/> <!-- 1:columna1    2:columna2    3:columna3   A:columna3 negativo  F:sin columna -->
				<campo nombre="TipoMovimiento" tipo="10" longitud="1"/> <!--H:honorario
																			G:gasto
																			P:pago pagado
																			S:provision en factura solicitada
																			V:pago previsto
																			R:provision en factura recibida -->
				<campo nombre="TipoFactura" tipo="10" longitud="1"/><!--F:factura
																		R:rectificativa
																		T:proforma presupuestos-->	
				<campo nombre="CampoIncognitoZero" tipo="10" longitud="1"/>
				<campo nombre="CodigoMovimiento" tipo="10" longitud="5"/>	
				<campo nombre="DescripcionMovimiento" tipo="10" longitud="50"/>		
				<campo nombre="FechaMovimiento" tipo="8" longitud="4" posicion="67"/>		
				<campo nombre="CodigoCliente" tipo="4" longitud="3"/>	
				<campo nombre="CodigoExpediente" tipo="4" longitud="3"/>	<!-- El numero autoincremental (NumeroExpediente) del fichero de expedientes-->				
				<campo nombre="ImporteUnitario" tipo="5" longitud="5"/>				
				<campo nombre="NoSeSabe2" tipo="4" longitud="4" posicion="89"/>
				<campo nombre="Usuario" tipo="10" longitud="3"/>
				<campo nombre="NoSeSabe3" tipo="10" longitud="1"/>
				<campo nombre="Unidades" tipo="5" longitud="3"/> <!-- Inverso? -->
				<campo nombre="Descuento" tipo="5" longitud="2"/> 
				<campo nombre="NoSeSabe4" tipo="10" longitud="1"/>
				<campo nombre="TablaIva" tipo="10" longitud="1"/>
				<campo nombre="DescuentoPorcentaje" tipo="5" longitud="2" posicion="100"/><!-- Inverso? -->
				<campo nombre="CodigoFactura" tipo="4" longitud="6" posicion="108"/><!-- Inverso? long -->
				<campo nombre="FechaFactura" tipo="8" longitud="4"/><!-- Inverso? long -->
				
	  		</campos>
		</tabla>
		<tabla nombre="Movtotext">
			<campos>
				<campo nombre="Prefijo" tipo="4" longitud="1" posicion="0"/> <!-- 64 (@) ok -->
				<campo nombre="CodigoNumericoMovimiento" tipo="4" longitud="4" posicion="3"/>
				<campo nombre="NumeroLinia" tipo="4" longitud="2"/>
				<campo nombre="Descripcion" tipo="10" longitud="50"/>
			</campos>
		</tabla>		
	</tablas>
</mdb>
