<?xml version="1.0" encoding="UTF-8"?>
<mdb archivo="STAIVARE.DAT">
	<tablas>
		<tabla nombre="TipoIva">
			<campos>
				<campo nombre="TipoTramite" tipo="4" longitud="1" posicion="0"/>	<!-- valido if 40 -->	
				<campo nombre="TipoIvaRetencion" tipo="10" longitud="1" posicion="2"/>	<!-- I=IVA R=Retencion C=IGIC-->	
				<campo nombre="FechaFinVigencia" tipo="8" longitud="4" posicion="3"/>
				<campo nombre="TipoIva1" tipo="5" longitud="3"/>
				<campo nombre="TipoIva2" tipo="5" longitud="3"/>
				<campo nombre="TipoIva3" tipo="5" longitud="3"/>
				<campo nombre="TipoIva4" tipo="5" longitud="3"/>
				<campo nombre="TipoIva5" tipo="5" longitud="3"/>
				<campo nombre="TipoIva6" tipo="5" longitud="3"/>
				<campo nombre="TipoIva7" tipo="5" longitud="3"/>
				<campo nombre="TipoIva8" tipo="5" longitud="3"/>
				<campo nombre="TipoIva1" tipo="5" longitud="3"/>
				<campo nombre="RetencionIva1" tipo="5" longitud="3"/>
				<campo nombre="RetencionIva2" tipo="5" longitud="3"/>
				<campo nombre="RetencionIva3" tipo="5" longitud="3"/>
				<campo nombre="RetencionIva4" tipo="5" longitud="3"/>
				<campo nombre="RetencionIva5" tipo="5" longitud="3"/>
				<campo nombre="RetencionIva6" tipo="5" longitud="3"/>
				<campo nombre="RetencionIva7" tipo="5" longitud="3"/>
				<campo nombre="RetencionIva8" tipo="5" longitud="3"/>
				<campo nombre="RetencionIva9" tipo="5" longitud="3"/>
			</campos>
		</tabla>
	</tablas>
</mdb>