<?xml version="1.0" encoding="UTF-8"?>
<mdb archivo="GFTCONFA.DAT">
	<tablas>
		<tabla nombre="Tramites">
			<campos>		
				<campo nombre="TipoTramite" tipo="4" longitud="1" posicion="0"/>	<!-- valido if 40 -->	
				<campo nombre="CodigoTramite" tipo="10" longitud="6" posicion="2"/>
				<campo nombre="HonorarioGasto" tipo="10" longitud="1"/> <!-- G=gasto H=Honorario -->
				<campo nombre="TipoIva" tipo="10" longitud="1"/>
				<campo nombre="CodigoGestion" tipo="10" longitud="1"/>
				<campo nombre="DescripcionTramite" tipo="10" longitud="50" posicion="63"/>
			</campos>
		</tabla>
	</tablas>
</mdb>