<?xml version="1.0" encoding="UTF-8"?><mdb archivo="C:\Documents and Settings\Administrador\Escritorio\Handydrive\Imesd\CobolExport\DatosA3\empresa26\N2800026.MDB">	<tablas>		<tabla nombre="Empresa">			<campos>			<campo nombre="Tipo" tipo="10" longitud="2" posicion="4"/>			<campo nombre="Código" tipo="10" longitud="5"/>			<campo nombre="Nombre" tipo="10" longitud="40" posicion="13"/>			<campo nombre="NIF" tipo="10" longitud="14"/>			<campo nombre="SiglaDomicilio" tipo="10" longitud="5"/>			<campo nombre="ViaDomicilio" tipo="10" longitud="30"/>			<campo nombre="NUM_Domicilio" tipo="10" longitud="5"/>			<campo nombre="EscaleraDomicilio" tipo="10" longitud="2"/>			<campo nombre="PisoDomicilio" tipo="10" longitud="2"/>			<campo nombre="PuertaDomicilio" tipo="10" longitud="2"/>			<campo nombre="MunicipioDomicilio" tipo="10" longitud="20"/>			<campo nombre="ProvinciaDomicilio" tipo="10" longitud="20"/>			<campo nombre="COD_PostalDomicilio" tipo="10" longitud="5"/>			<campo nombre="Telefono1" tipo="10" longitud="12"/>			<campo nombre="ExtTelefono1" tipo="10" longitud="4"/>			<campo nombre="Telefono2" tipo="10" longitud="12"/>			<campo nombre="ExtTelefono2" tipo="10" longitud="4"/>			<campo nombre="FAX" tipo="10" longitud="12"/>			<campo nombre="CorreoElectronico" tipo="10" longitud="255"  posicion="256"/>			<campo nombre="SiglaDomicilioFiscal" tipo="10" longitud="5"/>			<campo nombre="ViaDomicilioFiscal" tipo="10" longitud="30"/>			<campo nombre="NUM_DomicilioFiscal" tipo="10" longitud="5"/>			<campo nombre="EscaleraDomicilioFiscal" tipo="10" longitud="2"/>			<campo nombre="PisoDomicilioFiscal" tipo="10" longitud="2"/>			<campo nombre="PuertaDomicilioFiscal" tipo="10" longitud="2"/>			<campo nombre="MunicipioDomicilioFiscal" tipo="10" longitud="20"/>			<campo nombre="ProvinciaDomicilioFiscal" tipo="10" longitud="20"/>			<campo nombre="COD_PostalDomicilioFiscal" tipo="10" longitud="5"/>			<campo nombre="TelefonoDomicilioFiscal" tipo="10" longitud="12"/>			<campo nombre="ExtTelefonoDomicilioFiscal" tipo="10" longitud="4"/>			<campo nombre="COD_CentroGestion" tipo="4" longitud="3" posicion="623"/>			<campo nombre="COD_TablaConceptos" tipo="4" longitud="1"/>			<campo nombre="COD_TablaImputacion" tipo="4" longitud="1"/>			<!--campo nombre="F_PrimerIndefinido" tipo="8" longitud="8"/-->			<campo nombre="TipoPagoIRPF" tipo="10" longitud="1" posicion="632"/>			<campo nombre="COD_ClienteGestion" tipo="4" longitud="3" posicion="635"/>						<campo nombre="COD_ExpedienteGestion" tipo="10" longitud="8" posicion="638"/>			<campo nombre="IND_TraspasarImporteTC1Gestion" tipo="10" longitud="1"/>			<campo nombre="IND_TraspasarImporte110Gestion" tipo="10" longitud="1"/>			<campo nombre="COD_TablaServiciosFacturablesGestion" tipo="4" longitud="1"/>			<campo nombre="F_AltaEmpresa" tipo="8" longitud="4"/>			<!-- informacio 110 de empresa es calcula dinamicament a partir del 2003					<tabla nombre="EmpresasDatosIRPF110">						<campos>							<campo nombre="Ocurrencia" tipo="4" longitud="4"/>							<campo nombre="Diputacion" tipo="4" longitud="4"/>							<campo nombre="Año" tipo="4" longitud="4"/>							<campo nombre="Periodo" tipo="4" longitud="4"/>							<campo nombre="F_Pago" tipo="8" longitud="8"/>							<campo nombre="BaseDineraria" tipo="5" longitud="8"/>							<campo nombre="RetencionDineraria" tipo="5" longitud="8"/>							<campo nombre="BaseEspecies" tipo="5" longitud="8"/>							<campo nombre="RetencionEspecies" tipo="5" longitud="8"/>							<campo nombre="I_Apagar" tipo="5" longitud="8"/>						</campos>					</tabla>-->		    <campo nombre="LiteralAmpliacionDatos01" tipo="10" longitud="8" posicion ="16553"/>			<campo nombre="LiteralAmpliacionDatos02" tipo="10" longitud="8"/>			<campo nombre="LiteralAmpliacionDatos03" tipo="10" longitud="8"/>			<campo nombre="LiteralAmpliacionDatos04" tipo="10" longitud="8"/>			<campo nombre="LiteralAmpliacionDatos05" tipo="10" longitud="8"/>			<campo nombre="LiteralAmpliacionDatos06" tipo="10" longitud="8"/>			<campo nombre="LiteralAmpliacionDatos07" tipo="10" longitud="8"/>			<campo nombre="LiteralAmpliacionDatos08" tipo="10" longitud="8"/>			<campo nombre="LiteralAmpliacionDatos09" tipo="10" longitud="8"/>			<campo nombre="LiteralAmpliacionDatos10" tipo="10" longitud="8"/>			<campo nombre="LiteralAmpliacionDatos11" tipo="10" longitud="8"/>			<campo nombre="LiteralAmpliacionDatos12" tipo="10" longitud="8"/>			<campo nombre="LiteralAmpliacionDatos13" tipo="10" longitud="8"/>			<campo nombre="LiteralAmpliacionDatos14" tipo="10" longitud="8"/>			<campo nombre="LiteralAmpliacionDatos15" tipo="10" longitud="8"/>			<campo nombre="LiteralAmpliacionDatos16" tipo="10" longitud="8"/>			<campo nombre="LiteralAmpliacionDatos17" tipo="10" longitud="8"/>			<campo nombre="LiteralAmpliacionDatos18" tipo="10" longitud="8"/>			<campo nombre="LiteralAmpliacionDatos19" tipo="10" longitud="8"/>			<campo nombre="LiteralAmpliacionDatos20" tipo="10" longitud="8"/>			<campo nombre="COD_TipoEmpresario" tipo="4" longitud="1" posicion="16716"/>			<campo nombre="COD_Pais" tipo="4" longitud="2"/>			<campo nombre="IND_CambioCentro" tipo="10" longitud="1"/>			<campo nombre="IND_Moneda" tipo="10" longitud="1"/>			<campo nombre="COD_ClaveAutorizacionSistemaRED" tipo="4" longitud="1" posicion="16728"/>			<campo nombre="FechaBajaEmp" tipo="8" longitud="3"/> <!-- es una fecha de tipo STRING!!-->			<campo nombre="IND_GenerarDocContrato" tipo="10" longitud="1" posicion ="16865"/>			<campo nombre="Cod_Responsable" tipo="10" longitud="3" posicion="16948"/>			<campo nombre="FormaPago_IRPF" tipo="10" longitud="1"/>						</campos>		</tabla>		<tabla nombre="Observaciones">			<campos>			    <campo nombre="Tipo" tipo="4" longitud="1" posicion="4"/>			    <campo nombre="COD_Empresa" tipo="10" longitud="6" posicion="5"/>				<campo nombre="ObservacionesEmpresa" tipo="10" longitud="3959" posicion="36"/>			</campos>		</tabla>	</tablas></mdb>