<?xml version="1.0" encoding="UTF-8"?>
<mdb archivo="NPTXXXXXX.DAT">
	<tablas>
		<tabla nombre="Recibo">
			<campos>
				<campo nombre="tipoRebut" tipo="4" longitud="1" posicion="2"/>
				<campo nombre="FechaCobro" tipo="8" longitud="4" posicion="3"/> <!-- getDateBigEndian -->
				<campo nombre="centroTrab" tipo="4" longitud="3" posicion="17"/>
			 	<campo nombre="codTrabajador" tipo="10" longitud="6" posicion="11"/>	
			 	<campo nombre="Nombre" tipo="10" longitud="49" posicion="20"/>
			 	<campo nombre="NIF" tipo="10" longitud="14" posicion="70"/>
			 	<campo nombre="GrupoTarifa" tipo="4" longitud="1" posicion="84"/>
			 	<campo nombre="EpigrafeAccidentes" tipo="4" longitud="2" posicion="85"/>
			 	<campo nombre="CodigoCategoria" tipo="4" longitud="2" posicion="87"/>
			 	<campo nombre="TipoCobro" tipo="10" longitud="1" posicion="89"/> <!-- M(mensual),D(diario) -->
			 	<campo nombre="FechaInicio" tipo="8" longitud="4" posicion="99"/>		
			 	<campo nombre="FechaFin" tipo="8" longitud="4" posicion="103"/>	
			 	<campo nombre="DiasCotizacion" tipo="4" longitud="1" posicion="107"/>
			 	<campo nombre="AltaDiasN" tipo="5" longitud="2"/>	
			 	<campo nombre="AltaDiasL" tipo="5" longitud="2"/>
			 	<campo nombre="AltaDiasX" tipo="5" longitud="2"/>
			 	<campo nombre="AltaNoSequees1" tipo="5" longitud="2"/>
			 	<campo nombre="AltaNoSequees2" tipo="5" longitud="2"/>
			 	<campo nombre="AltaHoras" tipo="5" longitud="3"/>
			 	<campo nombre="ParcialDiasN" tipo="5" longitud="2"/>	
			 	<campo nombre="ParcialDiasL" tipo="5" longitud="2"/>
			 	<campo nombre="ParcialDiasX" tipo="5" longitud="2"/>
			 	<campo nombre="ParcialNoSequees1" tipo="5" longitud="2"/>
			 	<campo nombre="ParcialNoSequees2" tipo="5" longitud="2"/>
			 	<campo nombre="ParcialHoras" tipo="5" longitud="3"/>					 	
			 	<campo nombre="TiempoParcial" tipo="4" longitud="1" posicion="297"/> <!-- N no, D dias, H horas, P porcentaje -->
			 	<campo nombre="ValorTiempoParcial" tipo="5" longitud="3"/>
			 	<campo nombre="TipoContrato" tipo="4" longitud="2" posicion="1521"/>
			 	<campo nombre="BaseIRPF" tipo="5" longitud="3" posicion="1481"/>
			 	<campo nombre="RetencionIRPF" tipo="5" longitud="2" posicion="1484"/>
			 	<campo nombre="ContingenciasComunes" tipo="5" longitud="6" posicion="1299"/>
			 	<campo nombre="HEEstructurales" tipo="5" longitud="6" posicion="1311"/>
			 	<campo nombre="HENOEstructurales" tipo="5" longitud="6" posicion="1317"/>
			 	<campo nombre="ContingenciasComunes" tipo="5" longitud="6" posicion="1299"/>
			 	<campo nombre="Accidentes" tipo="5" longitud="6" posicion="1305"/>
			 	<campo nombre="ImpAfectoBenef" tipo="5" longitud="6" posicion="1347"/>
			 	<campo nombre="ImporteIncentivos" tipo="5" longitud="6" posicion="1323"/>
			 	<campo nombre="ProvisionVacaciones" tipo="5" longitud="6" posicion="1329"/>
			 	<campo nombre="ProvisionPExtras" tipo="5" longitud="6" posicion="1335"/>			 	
			 	<campo nombre="ProcVacProcExtras" tipo="5" longitud="6" posicion="1341"/>
			 	<campo nombre="ImporteLiquido" tipo="5" longitud="6" posicion="1383"/>
			 	<campo nombre="ImporteBruto" tipo="5" longitud="6" posicion="1377"/>		 	
				<campo nombre="RetDinerariaBase" tipo="5" longitud="6" posicion="1401"/>
				<campo nombre="RetDinerariaRetencion" tipo="5" longitud="6" posicion="1407"/>
				<campo nombre="RendIrregularesBase" tipo="5" longitud="6" posicion="1413"/>
				<campo nombre="RendIrregularesRetencion" tipo="5" longitud="6" posicion="1419"/>
				<campo nombre="PercepExentasBase" tipo="5" longitud="6" posicion="1451"/>
				<campo nombre="RetribEspecieBase" tipo="5" longitud="6" posicion="1425"/>
				<campo nombre="RetribEspecieIngCtaEmp" tipo="5" longitud="6" posicion="1439"/>
				<campo nombre="RetribEspecieIngCtaTrab" tipo="5" longitud="6" posicion="1445"/>
				<campo nombre="ContinComunesSS" tipo="5" longitud="6" posicion="1463"/>
				<campo nombre="AccidentesSS" tipo="5" longitud="6" posicion="1469"/>
				<campo nombre="HorasExtrasSS" tipo="5" longitud="6" posicion="1475"/>
				<campo nombre="PensMutEmpSS" tipo="5" longitud="6" posicion="1457"/>
				<campo nombre="PensMutTrabSS" tipo="5" longitud="6" posicion="1620"/>
				<campo nombre="ImporteTotalEmbargo" tipo="5" longitud="6" posicion="1768"/>
				<campo nombre="ConceptoEmbargo" tipo="4" longitud="2" posicion="1774"/>
				<campo nombre="AfectaPagaEmbargo" tipo="10" longitud="1" posicion="1776"/>
				<campo nombre="ImportePendienteEmbargo" tipo="5" longitud="6" posicion="1777"/>
				
				<!-- retribucions. Son tots els conceptes que apareixen a la pestaña conceptos d'a3. Hi han els de retribucio i deduccio, nomes hem d'agafar els de retribucions -->
				<campo nombre="COD_Concepto1" tipo="4" longitud="2" posicion="659"/>
				<campo nombre="Importe1" tipo="5" longitud="5"/>	
				<campo nombre="NoseSabe1" tipo="4" longitud="1"/>
				<campo nombre="UnidadesCobro1" tipo="5" longitud="2"/>
			  <campo nombre="NoesSap1" tipo="4" longitud="2"/>
				<campo nombre="IndicadoresConcepto1" tipo="4" longitud="4"/>						
				<campo nombre="COD_Concepto2" tipo="4" longitud="2"/>
				<campo nombre="Importe2" tipo="5" longitud="5"/>	
				<campo nombre="NoseSabe2" tipo="4" longitud="1"/>
				<campo nombre="UnidadesCobro2" tipo="5" longitud="2"/>
			  <campo nombre="NoesSap2" tipo="4" longitud="2"/>
				<campo nombre="IndicadoresConcepto2" tipo="4" longitud="4"/>					
				<campo nombre="COD_Concepto3" tipo="4" longitud="2"/>
				<campo nombre="Importe3" tipo="5" longitud="5"/>	
				<campo nombre="NoseSabe3" tipo="4" longitud="1"/>
				<campo nombre="UnidadesCobro3" tipo="5" longitud="2"/>
			  <campo nombre="NoesSap3" tipo="4" longitud="2"/>
				<campo nombre="IndicadoresConcepto3" tipo="4" longitud="4"/>				
				<campo nombre="COD_Concepto4" tipo="4" longitud="2"/>
				<campo nombre="Importe4" tipo="5" longitud="5"/>	
				<campo nombre="NoseSabe4" tipo="4" longitud="1"/>
				<campo nombre="UnidadesCobro4" tipo="5" longitud="2"/>
			  <campo nombre="NoesSap4" tipo="4" longitud="2"/>
				<campo nombre="IndicadoresConcepto4" tipo="4" longitud="4"/>				
				<campo nombre="COD_Concepto5" tipo="4" longitud="2"/>
				<campo nombre="Importe5" tipo="5" longitud="5"/>	
				<campo nombre="NoseSabe5" tipo="4" longitud="1"/>
				<campo nombre="UnidadesCobro5" tipo="5" longitud="2"/>
			  <campo nombre="NoesSap5" tipo="4" longitud="2"/>
				<campo nombre="IndicadoresConcepto5" tipo="4" longitud="4"/>				
				<campo nombre="COD_Concepto6" tipo="4" longitud="2"/>
				<campo nombre="Importe6" tipo="5" longitud="5"/>	
				<campo nombre="NoseSabe6" tipo="4" longitud="1"/>
				<campo nombre="UnidadesCobro6" tipo="5" longitud="2"/>
			  <campo nombre="NoesSap6" tipo="4" longitud="2"/>
				<campo nombre="IndicadoresConcepto6" tipo="4" longitud="4"/>				
				<campo nombre="COD_Concepto7" tipo="4" longitud="2"/>
				<campo nombre="Importe7" tipo="5" longitud="5"/>	
				<campo nombre="NoseSabe7" tipo="4" longitud="1"/>
				<campo nombre="UnidadesCobro7" tipo="5" longitud="2"/>
			  <campo nombre="NoesSap7" tipo="4" longitud="2"/>
				<campo nombre="IndicadoresConcepto7" tipo="4" longitud="4"/>				
				<campo nombre="COD_Concepto8" tipo="4" longitud="2"/>
				<campo nombre="Importe8" tipo="5" longitud="5"/>	
				<campo nombre="NoseSabe8" tipo="4" longitud="1"/>
				<campo nombre="UnidadesCobro8" tipo="5" longitud="2"/>
			  <campo nombre="NoesSap8" tipo="4" longitud="2"/>
				<campo nombre="IndicadoresConcepto8" tipo="4" longitud="4"/>				
				<campo nombre="COD_Concepto9" tipo="4" longitud="2"/>
				<campo nombre="Importe9" tipo="5" longitud="5"/>	
				<campo nombre="NoseSabe9" tipo="4" longitud="1"/>
				<campo nombre="UnidadesCobro9" tipo="5" longitud="2"/>
			  <campo nombre="NoesSap9" tipo="4" longitud="2"/>
				<campo nombre="IndicadoresConcepto9" tipo="4" longitud="4"/>				
				<campo nombre="COD_Concepto10" tipo="4" longitud="2"/>
				<campo nombre="Importe10" tipo="5" longitud="5"/>	
				<campo nombre="NoseSabe10" tipo="4" longitud="1"/>
				<campo nombre="UnidadesCobro10" tipo="5" longitud="2"/>
			  <campo nombre="NoesSap10" tipo="4" longitud="2"/>
				<campo nombre="IndicadoresConcepto10" tipo="4" longitud="4"/>				
				<campo nombre="COD_Concepto11" tipo="4" longitud="2"/>
				<campo nombre="Importe11" tipo="5" longitud="5"/>	
				<campo nombre="NoseSabe11" tipo="4" longitud="1"/>
				<campo nombre="UnidadesCobro11" tipo="5" longitud="2"/>
			  <campo nombre="NoesSap11" tipo="4" longitud="2"/>
				<campo nombre="IndicadoresConcepto11" tipo="4" longitud="4"/>				
				<campo nombre="COD_Concepto12" tipo="4" longitud="2"/>
				<campo nombre="Importe12" tipo="5" longitud="5"/>	
				<campo nombre="NoseSabe12" tipo="4" longitud="1"/>
				<campo nombre="UnidadesCobro12" tipo="5" longitud="2"/>
			  <campo nombre="NoesSap12" tipo="4" longitud="2"/>
				<campo nombre="IndicadoresConcepto12" tipo="4" longitud="4"/>				
				<campo nombre="COD_Concepto13" tipo="4" longitud="2"/>
				<campo nombre="Importe13" tipo="5" longitud="5"/>	
				<campo nombre="NoseSabe13" tipo="4" longitud="1"/>
				<campo nombre="UnidadesCobro13" tipo="5" longitud="2"/>
			  <campo nombre="NoesSap13" tipo="4" longitud="2"/>
				<campo nombre="IndicadoresConcepto13" tipo="4" longitud="4"/>				
				<campo nombre="COD_Concepto14" tipo="4" longitud="2"/>
				<campo nombre="Importe14" tipo="5" longitud="5"/>	
				<campo nombre="NoseSabe14" tipo="4" longitud="1"/>
				<campo nombre="UnidadesCobro14" tipo="5" longitud="2"/>
			  <campo nombre="NoesSap14" tipo="4" longitud="2"/>
				<campo nombre="IndicadoresConcepto14" tipo="4" longitud="4"/>				
				<campo nombre="COD_Concepto15" tipo="4" longitud="2"/>
				<campo nombre="Importe15" tipo="5" longitud="5"/>	
				<campo nombre="NoseSabe15" tipo="4" longitud="1"/>
				<campo nombre="UnidadesCobro15" tipo="5" longitud="2"/>
			  <campo nombre="NoesSap15" tipo="4" longitud="2"/>
				<campo nombre="IndicadoresConcepto15" tipo="4" longitud="4"/>				
				<campo nombre="COD_Concepto16" tipo="4" longitud="2"/>
				<campo nombre="Importe16" tipo="5" longitud="5"/>	
				<campo nombre="NoseSabe16" tipo="4" longitud="1"/>
				<campo nombre="UnidadesCobro16" tipo="5" longitud="2"/>
			  <campo nombre="NoesSap16" tipo="4" longitud="2"/>
				<campo nombre="IndicadoresConcepto16" tipo="4" longitud="4"/>				
				<campo nombre="COD_Concepto17" tipo="4" longitud="2"/>
				<campo nombre="Importe17" tipo="5" longitud="5"/>	
				<campo nombre="NoseSabe17" tipo="4" longitud="1"/>
				<campo nombre="UnidadesCobro17" tipo="5" longitud="2"/>
			  <campo nombre="NoesSap17" tipo="4" longitud="2"/>
				<campo nombre="IndicadoresConcepto17" tipo="4" longitud="4"/>				
				<campo nombre="COD_Concepto18" tipo="4" longitud="2"/>
				<campo nombre="Importe18" tipo="5" longitud="5"/>	
				<campo nombre="NoseSabe18" tipo="4" longitud="1"/>
				<campo nombre="UnidadesCobro18" tipo="5" longitud="2"/>
			  <campo nombre="NoesSap18" tipo="4" longitud="2"/>
				<campo nombre="IndicadoresConcepto18" tipo="4" longitud="4"/>				
				<campo nombre="COD_Concepto19" tipo="4" longitud="2"/>
				<campo nombre="Importe19" tipo="5" longitud="5"/>	
				<campo nombre="NoseSabe19" tipo="4" longitud="1"/>
				<campo nombre="UnidadesCobro19" tipo="5" longitud="2"/>
			  <campo nombre="NoesSap19" tipo="4" longitud="2"/>
				<campo nombre="IndicadoresConcepto19" tipo="4" longitud="4"/>				
				<campo nombre="COD_Concepto20" tipo="4" longitud="2"/>
				<campo nombre="Importe20" tipo="5" longitud="5"/>	
				<campo nombre="NoseSabe20" tipo="4" longitud="1"/>
				<campo nombre="UnidadesCobro20" tipo="5" longitud="2"/>
			  <campo nombre="NoesSap20" tipo="4" longitud="2"/>
				<campo nombre="IndicadoresConcepto20" tipo="4" longitud="4"/>				
				<campo nombre="COD_Concepto21" tipo="4" longitud="2"/>
				<campo nombre="Importe21" tipo="5" longitud="5"/>	
				<campo nombre="NoseSabe21" tipo="4" longitud="1"/>
				<campo nombre="UnidadesCobro21" tipo="5" longitud="2"/>
			  <campo nombre="NoesSap21" tipo="4" longitud="2"/>
				<campo nombre="IndicadoresConcepto21" tipo="4" longitud="4"/>				
				<campo nombre="COD_Concepto22" tipo="4" longitud="2"/>
				<campo nombre="Importe22" tipo="5" longitud="5"/>	
				<campo nombre="NoseSabe22" tipo="4" longitud="1"/>
				<campo nombre="UnidadesCobro22" tipo="5" longitud="2"/>
			  <campo nombre="NoesSap22" tipo="4" longitud="2"/>
				<campo nombre="IndicadoresConcepto22" tipo="4" longitud="4"/>				
				<campo nombre="COD_Concepto23" tipo="4" longitud="2"/>
				<campo nombre="Importe23" tipo="5" longitud="5"/>	
				<campo nombre="NoseSabe23" tipo="4" longitud="1"/>
				<campo nombre="UnidadesCobro23" tipo="5" longitud="2"/>
			  <campo nombre="NoesSap23" tipo="4" longitud="2"/>
				<campo nombre="IndicadoresConcepto23" tipo="4" longitud="4"/>				
				<campo nombre="COD_Concepto24" tipo="4" longitud="2"/>
				<campo nombre="Importe24" tipo="5" longitud="5"/>	
				<campo nombre="NoseSabe24" tipo="4" longitud="1"/>
				<campo nombre="UnidadesCobro24" tipo="5" longitud="2"/>
			  <campo nombre="NoesSap24" tipo="4" longitud="2"/>
				<campo nombre="IndicadoresConcepto24" tipo="4" longitud="4"/>
				<campo nombre="COD_Concepto25" tipo="4" longitud="2"/>
				<campo nombre="Importe25" tipo="5" longitud="5"/>	
				<campo nombre="NoseSabe25" tipo="4" longitud="1"/>
				<campo nombre="UnidadesCobro25" tipo="5" longitud="2"/>
			  <campo nombre="NoesSap25" tipo="4" longitud="2"/>
				<campo nombre="IndicadoresConcepto25" tipo="4" longitud="4"/>				
				<campo nombre="COD_Concepto26" tipo="4" longitud="2"/>
				<campo nombre="Importe26" tipo="5" longitud="5"/>	
				<campo nombre="NoseSabe26" tipo="4" longitud="1"/>
				<campo nombre="UnidadesCobro26" tipo="5" longitud="2"/>
			  <campo nombre="NoesSap26" tipo="4" longitud="2"/>
				<campo nombre="IndicadoresConcepto26" tipo="4" longitud="4"/>				
				<campo nombre="COD_Concepto27" tipo="4" longitud="2"/>
				<campo nombre="Importe27" tipo="5" longitud="5"/>	
				<campo nombre="NoseSabe27" tipo="4" longitud="1"/>
				<campo nombre="UnidadesCobro27" tipo="5" longitud="2"/>
			  <campo nombre="NoesSap27" tipo="4" longitud="2"/>
				<campo nombre="IndicadoresConcepto27" tipo="4" longitud="4"/>				
				<campo nombre="COD_Concepto28" tipo="4" longitud="2"/>
				<campo nombre="Importe28" tipo="5" longitud="5"/>	
				<campo nombre="NoseSabe28" tipo="4" longitud="1"/>
				<campo nombre="UnidadesCobro28" tipo="5" longitud="2"/>
			  <campo nombre="NoesSap28" tipo="4" longitud="2"/>
				<campo nombre="IndicadoresConcepto28" tipo="4" longitud="4"/>				
				<campo nombre="COD_Concepto29" tipo="4" longitud="2"/>
				<campo nombre="Importe29" tipo="5" longitud="5"/>	
				<campo nombre="NoseSabe29" tipo="4" longitud="1"/>
				<campo nombre="UnidadesCobro29" tipo="5" longitud="2"/>
			  <campo nombre="NoesSap29" tipo="4" longitud="2"/>
				<campo nombre="IndicadoresConcepto29" tipo="4" longitud="4"/>				
				<campo nombre="COD_Concepto30" tipo="4" longitud="2"/>
				<campo nombre="Importe30" tipo="5" longitud="5"/>	
				<campo nombre="NoseSabe30" tipo="4" longitud="1"/>
				<campo nombre="UnidadesCobro30" tipo="5" longitud="2"/>
			  <campo nombre="NoesSap30" tipo="4" longitud="2"/>
				<campo nombre="IndicadoresConcepto30" tipo="4" longitud="4"/>				
				<campo nombre="COD_Concepto31" tipo="4" longitud="2"/>
				<campo nombre="Importe31" tipo="5" longitud="5"/>	
				<campo nombre="NoseSabe31" tipo="4" longitud="1"/>
				<campo nombre="UnidadesCobro31" tipo="5" longitud="2"/>
			  <campo nombre="NoesSap31" tipo="4" longitud="2"/>
				<campo nombre="IndicadoresConcepto31" tipo="4" longitud="4"/>				
				<campo nombre="COD_Concepto32" tipo="4" longitud="2"/>
				<campo nombre="Importe32" tipo="5" longitud="5"/>	
				<campo nombre="NoseSabe32" tipo="4" longitud="1"/>
				<campo nombre="UnidadesCobro32" tipo="5" longitud="2"/>
			  <campo nombre="NoesSap32" tipo="4" longitud="2"/>
				<campo nombre="IndicadoresConcepto32" tipo="4" longitud="4"/>				
				<campo nombre="COD_Concepto33" tipo="4" longitud="2"/>
				<campo nombre="Importe33" tipo="5" longitud="5"/>	
				<campo nombre="NoseSabe33" tipo="4" longitud="1"/>
				<campo nombre="UnidadesCobro33" tipo="5" longitud="2"/>
			  <campo nombre="NoesSap33" tipo="4" longitud="2"/>
				<campo nombre="IndicadoresConcepto33" tipo="4" longitud="4"/>				
				<campo nombre="COD_Concepto34" tipo="4" longitud="2"/>
				<campo nombre="Importe34" tipo="5" longitud="5"/>	
				<campo nombre="NoseSabe34" tipo="4" longitud="1"/>
				<campo nombre="UnidadesCobro34" tipo="5" longitud="2"/>
			  <campo nombre="NoesSap34" tipo="4" longitud="2"/>
				<campo nombre="IndicadoresConcepto34" tipo="4" longitud="4"/>				
				<campo nombre="COD_Concepto35" tipo="4" longitud="2"/>
				<campo nombre="Importe35" tipo="5" longitud="5"/>	
				<campo nombre="NoseSabe35" tipo="4" longitud="1"/>
				<campo nombre="UnidadesCobro35" tipo="5" longitud="2"/>
			  <campo nombre="NoesSap35" tipo="4" longitud="2"/>
				<campo nombre="IndicadoresConcepto35" tipo="4" longitud="4"/>				
				<campo nombre="COD_Concepto36" tipo="4" longitud="2"/>
				<campo nombre="Importe36" tipo="5" longitud="5"/>	
				<campo nombre="NoseSabe36" tipo="4" longitud="1"/>
				<campo nombre="UnidadesCobro36" tipo="5" longitud="2"/>
			  <campo nombre="NoesSap36" tipo="4" longitud="2"/>
				<campo nombre="IndicadoresConcepto36" tipo="4" longitud="4"/>				
				<campo nombre="COD_Concepto37" tipo="4" longitud="2"/>
				<campo nombre="Importe37" tipo="5" longitud="5"/>	
				<campo nombre="NoseSabe37" tipo="4" longitud="1"/>
				<campo nombre="UnidadesCobro37" tipo="5" longitud="2"/>
			  <campo nombre="NoesSap37" tipo="4" longitud="2"/>
				<campo nombre="IndicadoresConcepto37" tipo="4" longitud="4"/>				
				<campo nombre="COD_Concepto38" tipo="4" longitud="2"/>
				<campo nombre="Importe38" tipo="5" longitud="5"/>	
				<campo nombre="NoseSabe38" tipo="4" longitud="1"/>
				<campo nombre="UnidadesCobro38" tipo="5" longitud="2"/>
			  <campo nombre="NoesSap38" tipo="4" longitud="2"/>
				<campo nombre="IndicadoresConcepto38" tipo="4" longitud="4"/>				
				<campo nombre="COD_Concepto39" tipo="4" longitud="2"/>
				<campo nombre="Importe39" tipo="5" longitud="5"/>	
				<campo nombre="NoseSabe39" tipo="4" longitud="1"/>
				<campo nombre="UnidadesCobro39" tipo="5" longitud="2"/>
			  <campo nombre="NoesSap39" tipo="4" longitud="2"/>
				<campo nombre="IndicadoresConcepto39" tipo="4" longitud="4"/>				
				<campo nombre="COD_Concepto40" tipo="4" longitud="2"/>
				<campo nombre="Importe40" tipo="5" longitud="5"/>	
				<campo nombre="NoseSabe40" tipo="4" longitud="1"/>
				<campo nombre="UnidadesCobro40" tipo="5" longitud="2"/>
			  <campo nombre="NoesSap40" tipo="4" longitud="2"/>
				<campo nombre="IndicadoresConcepto40" tipo="4" longitud="4"/>
								
			</campos>
		</tabla>
		<tabla nombre="PagaExtra">
			<campos>
				<campo nombre="tipoRebut" tipo="4" longitud="1" posicion="2"/>
				<campo nombre="FechaCobro" tipo="8" longitud="4" posicion="3"/> <!-- getDateBigEndian -->
				<campo nombre="centroTrab" tipo="4" longitud="3" posicion="17"/>
			 	<campo nombre="codTrabajador" tipo="10" longitud="6" posicion="11"/>	
			 	<campo nombre="Nombre" tipo="10" longitud="49" posicion="20"/>
			 	<campo nombre="NIF" tipo="10" longitud="14" posicion="70"/>
			 	<campo nombre="FechaInicio" tipo="8" longitud="4" posicion="86"/>		
			 	<campo nombre="FechaFin" tipo="8" longitud="4" posicion="90"/>
			 	<campo nombre="DiasDevengoEmp" tipo="4" longitud="2" posicion="94"/>
			 	<campo nombre="DiasDevengoTra" tipo="5" longitud="3" posicion="96"/>
			 	<campo nombre="DiasNCobro" tipo="5" longitud="3" posicion="99"/> 
			 	<campo nombre="DiasLCobro" tipo="5" longitud="3" posicion="102"/>
			 	<campo nombre="DiasXCobro" tipo="5" longitud="3" posicion="105"/>
			 	<campo nombre="HorasCobro" tipo="5" longitud="3" posicion="108"/>
			 	<campo nombre="PorcenTiempoParcial" tipo="5" longitud="2" posicion="123"/>
			 	<campo nombre="Anticipo" tipo="5" longitud="6" posicion="126"/>	
			 	<campo nombre="ImporteBruto" tipo="5" longitud="6" posicion="132"/>
			 	<campo nombre="ImporteLiquido" tipo="5" longitud="6" posicion="138"/>
			 	<campo nombre="ImpAfectoBenef" tipo="5" longitud="6" posicion="144"/>
			 	<campo nombre="RetencionIRPF" tipo="5" longitud="2" posicion="159"/>
			 	<campo nombre="RetDinerariaBase" tipo="5" longitud="6" posicion="161"/>			 		 	
			 	<campo nombre="BaseIRPF" tipo="5" longitud="3" posicion="167"/>
			 	<campo nombre="RetDinerariaRetencion" tipo="5" longitud="6" posicion="170"/>
			 	<campo nombre="RendIrregularesBase" tipo="5" longitud="6" posicion="176"/>
			 	<campo nombre="RendIrregularesRetencion" tipo="5" longitud="6" posicion="182"/>
			 	<campo nombre="RetribEspecieBase" tipo="5" longitud="6" posicion="188"/>
			 	<!-- campo nombre="NoSeQueEs" tipo="5" longitud="2" posicion="194"/-->	
			 	<campo nombre="RetribEspecieIngCtaEmp" tipo="5" longitud="6" posicion="196"/>		
			 	<campo nombre="PercepExentasBase" tipo="5" longitud="6" posicion="202"/>
			 	<!-- campo nombre="NoSeQueEs" tipo="5" longitud="6" posicion="208"/-->
			 	<campo nombre="RetribEspecieIngCtaTrab" tipo="5" longitud="6" posicion="214"/>
			 	<campo nombre="PensMutEmpSS" tipo="5" longitud="6" posicion="1038"/>
			 	<campo nombre="PensMutTrabSS" tipo="5" longitud="6" posicion="1044"/>
			 	
			 	<!-- retribucions. Son tots els conceptes que apareixen a la pestaña conceptos d'a3. Hi han els de retribucio i deduccio, nomes hem d'agafar els de retribucions -->
				<campo nombre="COD_Concepto1" tipo="4" longitud="2" posicion="220"/>
				<campo nombre="Importe1" tipo="5" longitud="5"/>	
				<campo nombre="NoseSabe1" tipo="4" longitud="1"/>
				<campo nombre="UnidadesCobro1" tipo="5" longitud="2"/>
			  <campo nombre="NoesSap1" tipo="4" longitud="2"/>
				<campo nombre="IndicadoresConcepto1" tipo="4" longitud="4"/>						
				<campo nombre="COD_Concepto2" tipo="4" longitud="2"/>
				<campo nombre="Importe2" tipo="5" longitud="5"/>	
				<campo nombre="NoseSabe2" tipo="4" longitud="1"/>
				<campo nombre="UnidadesCobro2" tipo="5" longitud="2"/>
			  <campo nombre="NoesSap2" tipo="4" longitud="2"/>
				<campo nombre="IndicadoresConcepto2" tipo="4" longitud="4"/>					
				<campo nombre="COD_Concepto3" tipo="4" longitud="2"/>
				<campo nombre="Importe3" tipo="5" longitud="5"/>	
				<campo nombre="NoseSabe3" tipo="4" longitud="1"/>
				<campo nombre="UnidadesCobro3" tipo="5" longitud="2"/>
			  <campo nombre="NoesSap3" tipo="4" longitud="2"/>
				<campo nombre="IndicadoresConcepto3" tipo="4" longitud="4"/>				
				<campo nombre="COD_Concepto4" tipo="4" longitud="2"/>
				<campo nombre="Importe4" tipo="5" longitud="5"/>	
				<campo nombre="NoseSabe4" tipo="4" longitud="1"/>
				<campo nombre="UnidadesCobro4" tipo="5" longitud="2"/>
			  <campo nombre="NoesSap4" tipo="4" longitud="2"/>
				<campo nombre="IndicadoresConcepto4" tipo="4" longitud="4"/>				
				<campo nombre="COD_Concepto5" tipo="4" longitud="2"/>
				<campo nombre="Importe5" tipo="5" longitud="5"/>	
				<campo nombre="NoseSabe5" tipo="4" longitud="1"/>
				<campo nombre="UnidadesCobro5" tipo="5" longitud="2"/>
			  <campo nombre="NoesSap5" tipo="4" longitud="2"/>
				<campo nombre="IndicadoresConcepto5" tipo="4" longitud="4"/>				
				<campo nombre="COD_Concepto6" tipo="4" longitud="2"/>
				<campo nombre="Importe6" tipo="5" longitud="5"/>	
				<campo nombre="NoseSabe6" tipo="4" longitud="1"/>
				<campo nombre="UnidadesCobro6" tipo="5" longitud="2"/>
			  <campo nombre="NoesSap6" tipo="4" longitud="2"/>
				<campo nombre="IndicadoresConcepto6" tipo="4" longitud="4"/>				
				<campo nombre="COD_Concepto7" tipo="4" longitud="2"/>
				<campo nombre="Importe7" tipo="5" longitud="5"/>	
				<campo nombre="NoseSabe7" tipo="4" longitud="1"/>
				<campo nombre="UnidadesCobro7" tipo="5" longitud="2"/>
			  <campo nombre="NoesSap7" tipo="4" longitud="2"/>
				<campo nombre="IndicadoresConcepto7" tipo="4" longitud="4"/>				
				<campo nombre="COD_Concepto8" tipo="4" longitud="2"/>
				<campo nombre="Importe8" tipo="5" longitud="5"/>	
				<campo nombre="NoseSabe8" tipo="4" longitud="1"/>
				<campo nombre="UnidadesCobro8" tipo="5" longitud="2"/>
			  <campo nombre="NoesSap8" tipo="4" longitud="2"/>
				<campo nombre="IndicadoresConcepto8" tipo="4" longitud="4"/>				
				<campo nombre="COD_Concepto9" tipo="4" longitud="2"/>
				<campo nombre="Importe9" tipo="5" longitud="5"/>	
				<campo nombre="NoseSabe9" tipo="4" longitud="1"/>
				<campo nombre="UnidadesCobro9" tipo="5" longitud="2"/>
			  <campo nombre="NoesSap9" tipo="4" longitud="2"/>
				<campo nombre="IndicadoresConcepto9" tipo="4" longitud="4"/>				
				<campo nombre="COD_Concepto10" tipo="4" longitud="2"/>
				<campo nombre="Importe10" tipo="5" longitud="5"/>	
				<campo nombre="NoseSabe10" tipo="4" longitud="1"/>
				<campo nombre="UnidadesCobro10" tipo="5" longitud="2"/>
			  <campo nombre="NoesSap10" tipo="4" longitud="2"/>
				<campo nombre="IndicadoresConcepto10" tipo="4" longitud="4"/>				
				<campo nombre="COD_Concepto11" tipo="4" longitud="2"/>
				<campo nombre="Importe11" tipo="5" longitud="5"/>	
				<campo nombre="NoseSabe11" tipo="4" longitud="1"/>
				<campo nombre="UnidadesCobro11" tipo="5" longitud="2"/>
			  <campo nombre="NoesSap11" tipo="4" longitud="2"/>
				<campo nombre="IndicadoresConcepto11" tipo="4" longitud="4"/>				
				<campo nombre="COD_Concepto12" tipo="4" longitud="2"/>
				<campo nombre="Importe12" tipo="5" longitud="5"/>	
				<campo nombre="NoseSabe12" tipo="4" longitud="1"/>
				<campo nombre="UnidadesCobro12" tipo="5" longitud="2"/>
			  <campo nombre="NoesSap12" tipo="4" longitud="2"/>
				<campo nombre="IndicadoresConcepto12" tipo="4" longitud="4"/>				
				<campo nombre="COD_Concepto13" tipo="4" longitud="2"/>
				<campo nombre="Importe13" tipo="5" longitud="5"/>	
				<campo nombre="NoseSabe13" tipo="4" longitud="1"/>
				<campo nombre="UnidadesCobro13" tipo="5" longitud="2"/>
			  <campo nombre="NoesSap13" tipo="4" longitud="2"/>
				<campo nombre="IndicadoresConcepto13" tipo="4" longitud="4"/>				
				<campo nombre="COD_Concepto14" tipo="4" longitud="2"/>
				<campo nombre="Importe14" tipo="5" longitud="5"/>	
				<campo nombre="NoseSabe14" tipo="4" longitud="1"/>
				<campo nombre="UnidadesCobro14" tipo="5" longitud="2"/>
			  <campo nombre="NoesSap14" tipo="4" longitud="2"/>
				<campo nombre="IndicadoresConcepto14" tipo="4" longitud="4"/>				
				<campo nombre="COD_Concepto15" tipo="4" longitud="2"/>
				<campo nombre="Importe15" tipo="5" longitud="5"/>	
				<campo nombre="NoseSabe15" tipo="4" longitud="1"/>
				<campo nombre="UnidadesCobro15" tipo="5" longitud="2"/>
			  <campo nombre="NoesSap15" tipo="4" longitud="2"/>
				<campo nombre="IndicadoresConcepto15" tipo="4" longitud="4"/>				
				<campo nombre="COD_Concepto16" tipo="4" longitud="2"/>
				<campo nombre="Importe16" tipo="5" longitud="5"/>	
				<campo nombre="NoseSabe16" tipo="4" longitud="1"/>
				<campo nombre="UnidadesCobro16" tipo="5" longitud="2"/>
			  <campo nombre="NoesSap16" tipo="4" longitud="2"/>
				<campo nombre="IndicadoresConcepto16" tipo="4" longitud="4"/>				
				<campo nombre="COD_Concepto17" tipo="4" longitud="2"/>
				<campo nombre="Importe17" tipo="5" longitud="5"/>	
				<campo nombre="NoseSabe17" tipo="4" longitud="1"/>
				<campo nombre="UnidadesCobro17" tipo="5" longitud="2"/>
			  <campo nombre="NoesSap17" tipo="4" longitud="2"/>
				<campo nombre="IndicadoresConcepto17" tipo="4" longitud="4"/>				
				<campo nombre="COD_Concepto18" tipo="4" longitud="2"/>
				<campo nombre="Importe18" tipo="5" longitud="5"/>	
				<campo nombre="NoseSabe18" tipo="4" longitud="1"/>
				<campo nombre="UnidadesCobro18" tipo="5" longitud="2"/>
			  <campo nombre="NoesSap18" tipo="4" longitud="2"/>
				<campo nombre="IndicadoresConcepto18" tipo="4" longitud="4"/>				
				<campo nombre="COD_Concepto19" tipo="4" longitud="2"/>
				<campo nombre="Importe19" tipo="5" longitud="5"/>	
				<campo nombre="NoseSabe19" tipo="4" longitud="1"/>
				<campo nombre="UnidadesCobro19" tipo="5" longitud="2"/>
			  <campo nombre="NoesSap19" tipo="4" longitud="2"/>
				<campo nombre="IndicadoresConcepto19" tipo="4" longitud="4"/>				
				<campo nombre="COD_Concepto20" tipo="4" longitud="2"/>
				<campo nombre="Importe20" tipo="5" longitud="5"/>	
				<campo nombre="NoseSabe20" tipo="4" longitud="1"/>
				<campo nombre="UnidadesCobro20" tipo="5" longitud="2"/>
			  <campo nombre="NoesSap20" tipo="4" longitud="2"/>
				<campo nombre="IndicadoresConcepto20" tipo="4" longitud="4"/>				
				<campo nombre="COD_Concepto21" tipo="4" longitud="2"/>
				<campo nombre="Importe21" tipo="5" longitud="5"/>	
				<campo nombre="NoseSabe21" tipo="4" longitud="1"/>
				<campo nombre="UnidadesCobro21" tipo="5" longitud="2"/>
			  <campo nombre="NoesSap21" tipo="4" longitud="2"/>
				<campo nombre="IndicadoresConcepto21" tipo="4" longitud="4"/>				
				<campo nombre="COD_Concepto22" tipo="4" longitud="2"/>
				<campo nombre="Importe22" tipo="5" longitud="5"/>	
				<campo nombre="NoseSabe22" tipo="4" longitud="1"/>
				<campo nombre="UnidadesCobro22" tipo="5" longitud="2"/>
			  <campo nombre="NoesSap22" tipo="4" longitud="2"/>
				<campo nombre="IndicadoresConcepto22" tipo="4" longitud="4"/>				
				<campo nombre="COD_Concepto23" tipo="4" longitud="2"/>
				<campo nombre="Importe23" tipo="5" longitud="5"/>	
				<campo nombre="NoseSabe23" tipo="4" longitud="1"/>
				<campo nombre="UnidadesCobro23" tipo="5" longitud="2"/>
			  <campo nombre="NoesSap23" tipo="4" longitud="2"/>
				<campo nombre="IndicadoresConcepto23" tipo="4" longitud="4"/>				
				<campo nombre="COD_Concepto24" tipo="4" longitud="2"/>
				<campo nombre="Importe24" tipo="5" longitud="5"/>	
				<campo nombre="NoseSabe24" tipo="4" longitud="1"/>
				<campo nombre="UnidadesCobro24" tipo="5" longitud="2"/>
			  <campo nombre="NoesSap24" tipo="4" longitud="2"/>
				<campo nombre="IndicadoresConcepto24" tipo="4" longitud="4"/>
				<campo nombre="COD_Concepto25" tipo="4" longitud="2"/>
				<campo nombre="Importe25" tipo="5" longitud="5"/>	
				<campo nombre="NoseSabe25" tipo="4" longitud="1"/>
				<campo nombre="UnidadesCobro25" tipo="5" longitud="2"/>
			  <campo nombre="NoesSap25" tipo="4" longitud="2"/>
				<campo nombre="IndicadoresConcepto25" tipo="4" longitud="4"/>				
				<campo nombre="COD_Concepto26" tipo="4" longitud="2"/>
				<campo nombre="Importe26" tipo="5" longitud="5"/>	
				<campo nombre="NoseSabe26" tipo="4" longitud="1"/>
				<campo nombre="UnidadesCobro26" tipo="5" longitud="2"/>
			  <campo nombre="NoesSap26" tipo="4" longitud="2"/>
				<campo nombre="IndicadoresConcepto26" tipo="4" longitud="4"/>				
				<campo nombre="COD_Concepto27" tipo="4" longitud="2"/>
				<campo nombre="Importe27" tipo="5" longitud="5"/>	
				<campo nombre="NoseSabe27" tipo="4" longitud="1"/>
				<campo nombre="UnidadesCobro27" tipo="5" longitud="2"/>
			  <campo nombre="NoesSap27" tipo="4" longitud="2"/>
				<campo nombre="IndicadoresConcepto27" tipo="4" longitud="4"/>				
				<campo nombre="COD_Concepto28" tipo="4" longitud="2"/>
				<campo nombre="Importe28" tipo="5" longitud="5"/>	
				<campo nombre="NoseSabe28" tipo="4" longitud="1"/>
				<campo nombre="UnidadesCobro28" tipo="5" longitud="2"/>
			  <campo nombre="NoesSap28" tipo="4" longitud="2"/>
				<campo nombre="IndicadoresConcepto28" tipo="4" longitud="4"/>				
				<campo nombre="COD_Concepto29" tipo="4" longitud="2"/>
				<campo nombre="Importe29" tipo="5" longitud="5"/>	
				<campo nombre="NoseSabe29" tipo="4" longitud="1"/>
				<campo nombre="UnidadesCobro29" tipo="5" longitud="2"/>
			  <campo nombre="NoesSap29" tipo="4" longitud="2"/>
				<campo nombre="IndicadoresConcepto29" tipo="4" longitud="4"/>				
				<campo nombre="COD_Concepto30" tipo="4" longitud="2"/>
				<campo nombre="Importe30" tipo="5" longitud="5"/>	
				<campo nombre="NoseSabe30" tipo="4" longitud="1"/>
				<campo nombre="UnidadesCobro30" tipo="5" longitud="2"/>
			  <campo nombre="NoesSap30" tipo="4" longitud="2"/>
				<campo nombre="IndicadoresConcepto30" tipo="4" longitud="4"/>				
				<campo nombre="COD_Concepto31" tipo="4" longitud="2"/>
				<campo nombre="Importe31" tipo="5" longitud="5"/>	
				<campo nombre="NoseSabe31" tipo="4" longitud="1"/>
				<campo nombre="UnidadesCobro31" tipo="5" longitud="2"/>
			  <campo nombre="NoesSap31" tipo="4" longitud="2"/>
				<campo nombre="IndicadoresConcepto31" tipo="4" longitud="4"/>				
				<campo nombre="COD_Concepto32" tipo="4" longitud="2"/>
				<campo nombre="Importe32" tipo="5" longitud="5"/>	
				<campo nombre="NoseSabe32" tipo="4" longitud="1"/>
				<campo nombre="UnidadesCobro32" tipo="5" longitud="2"/>
			  <campo nombre="NoesSap32" tipo="4" longitud="2"/>
				<campo nombre="IndicadoresConcepto32" tipo="4" longitud="4"/>				
				<campo nombre="COD_Concepto33" tipo="4" longitud="2"/>
				<campo nombre="Importe33" tipo="5" longitud="5"/>	
				<campo nombre="NoseSabe33" tipo="4" longitud="1"/>
				<campo nombre="UnidadesCobro33" tipo="5" longitud="2"/>
			  <campo nombre="NoesSap33" tipo="4" longitud="2"/>
				<campo nombre="IndicadoresConcepto33" tipo="4" longitud="4"/>				
				<campo nombre="COD_Concepto34" tipo="4" longitud="2"/>
				<campo nombre="Importe34" tipo="5" longitud="5"/>	
				<campo nombre="NoseSabe34" tipo="4" longitud="1"/>
				<campo nombre="UnidadesCobro34" tipo="5" longitud="2"/>
			  <campo nombre="NoesSap34" tipo="4" longitud="2"/>
				<campo nombre="IndicadoresConcepto34" tipo="4" longitud="4"/>				
				<campo nombre="COD_Concepto35" tipo="4" longitud="2"/>
				<campo nombre="Importe35" tipo="5" longitud="5"/>	
				<campo nombre="NoseSabe35" tipo="4" longitud="1"/>
				<campo nombre="UnidadesCobro35" tipo="5" longitud="2"/>
			  <campo nombre="NoesSap35" tipo="4" longitud="2"/>
				<campo nombre="IndicadoresConcepto35" tipo="4" longitud="4"/>				
				<campo nombre="COD_Concepto36" tipo="4" longitud="2"/>
				<campo nombre="Importe36" tipo="5" longitud="5"/>	
				<campo nombre="NoseSabe36" tipo="4" longitud="1"/>
				<campo nombre="UnidadesCobro36" tipo="5" longitud="2"/>
			  <campo nombre="NoesSap36" tipo="4" longitud="2"/>
				<campo nombre="IndicadoresConcepto36" tipo="4" longitud="4"/>				
				<campo nombre="COD_Concepto37" tipo="4" longitud="2"/>
				<campo nombre="Importe37" tipo="5" longitud="5"/>	
				<campo nombre="NoseSabe37" tipo="4" longitud="1"/>
				<campo nombre="UnidadesCobro37" tipo="5" longitud="2"/>
			  <campo nombre="NoesSap37" tipo="4" longitud="2"/>
				<campo nombre="IndicadoresConcepto37" tipo="4" longitud="4"/>				
				<campo nombre="COD_Concepto38" tipo="4" longitud="2"/>
				<campo nombre="Importe38" tipo="5" longitud="5"/>	
				<campo nombre="NoseSabe38" tipo="4" longitud="1"/>
				<campo nombre="UnidadesCobro38" tipo="5" longitud="2"/>
			  <campo nombre="NoesSap38" tipo="4" longitud="2"/>
				<campo nombre="IndicadoresConcepto38" tipo="4" longitud="4"/>				
				<campo nombre="COD_Concepto39" tipo="4" longitud="2"/>
				<campo nombre="Importe39" tipo="5" longitud="5"/>	
				<campo nombre="NoseSabe39" tipo="4" longitud="1"/>
				<campo nombre="UnidadesCobro39" tipo="5" longitud="2"/>
			  <campo nombre="NoesSap39" tipo="4" longitud="2"/>
				<campo nombre="IndicadoresConcepto39" tipo="4" longitud="4"/>				
				<campo nombre="COD_Concepto40" tipo="4" longitud="2"/>
				<campo nombre="Importe40" tipo="5" longitud="5"/>	
				<campo nombre="NoseSabe40" tipo="4" longitud="1"/>
				<campo nombre="UnidadesCobro40" tipo="5" longitud="2"/>
			  <campo nombre="NoesSap40" tipo="4" longitud="2"/>
				<campo nombre="IndicadoresConcepto40" tipo="4" longitud="4"/>
			</campos>
		</tabla>
		<tabla nombre="Finiquito">
			<campos>
				<campo nombre="tipoRebut" tipo="4" longitud="1" posicion="2"/>
		 		<campo nombre="FechaCobro" tipo="8" longitud="4" posicion="3"/> <!--getDateBigEndian -->		
				<campo nombre="FechaFin" tipo="8" longitud="4" posicion="7"/><!-- getDateBigEndian -->	
				<campo nombre="centroTrab" tipo="4" longitud="3" posicion="17"/>
			 	<campo nombre="codTrabajador" tipo="10" longitud="6" posicion="11"/>	
				<campo nombre="Nombre" tipo="10" longitud="49" posicion="20"/>
				<campo nombre="NIF" tipo="10" longitud="14" posicion="70"/>
				<campo nombre="CodigoFormula" tipo="10" longitud="3" posicion="328"/> 
				<campo nombre="InicioDevengoVacaciones" tipo="8" longitud="4" posicion="331"/>
				<campo nombre="TipoDespido" tipo="4" longitud="1" posicion="355"/>
				<campo nombre="CodigoConceptoIndemnizacion" tipo="4" longitud="2" posicion="356"/>
				<campo nombre="impExentoRetIndemnizacion" tipo="5" longitud="6" posicion="360"/>  	
				<campo nombre="impAfectoRetIndemnizacion" tipo="5" longitud="6" posicion="366"/>
				<campo nombre="porcenRetencionIndemnizacion" tipo="5" longitud="2" posicion="1666"/>
				<campo nombre="ContingenciasComunes" tipo="5" longitud="6" posicion="400"/>
				<campo nombre="Accidentes" tipo="5" longitud="6" posicion="406"/>
				<campo nombre="ContinComunesSS" tipo="5" longitud="6" posicion="412"/>
				<campo nombre="AccidentesSS" tipo="5" longitud="6" posicion="418"/>
				<campo nombre="ImporteBruto" tipo="5" longitud="6" posicion="424"/>
				<campo nombre="ImporteLiquido" tipo="5" longitud="6" posicion="430"/>	
				<campo nombre="RetDinerariaBase" tipo="5" longitud="6" posicion="436"/>		
				<campo nombre="RetDinerariaRetencion" tipo="5" longitud="6" posicion="442"/>
				<campo nombre="RetribEspecieBase" tipo="5" longitud="6" posicion="448"/>
				<campo nombre="RetribEspecieIngCtaEmp" tipo="5" longitud="6" posicion="460"/>
				<campo nombre="RetribEspecieIngCtaTrab" tipo="5" longitud="6" posicion="466"/>
				<campo nombre="RendIrregularesBase" tipo="5" longitud="6" posicion="472"/>
				<campo nombre="RendIrregularesRetencion" tipo="5" longitud="6" posicion="478"/>
				<campo nombre="PercepExentasBase" tipo="5" longitud="6" posicion="484"/>
				<campo nombre="BaseIRPF" tipo="5" longitud="3" posicion="490"/>
				<campo nombre="RetencionIRPF" tipo="5" longitud="2" posicion="493"/>
				<campo nombre="EPSVEmpresa" tipo="5" longitud="6" posicion="2038"/>
				<campo nombre="EPSVTrabajador" tipo="5" longitud="6" posicion="2044"/>
				<campo nombre="DiasIndemnizacion" tipo="4" longitud="2" posicion="1648"/>			
				
				<!-- Partes propiedades dias devengos (hisretri) -->
				<campo nombre="COD_Paga1" tipo="4" longitud="2" posicion="86"/>
				<campo nombre="ImportePaga1" tipo="5" longitud="6"/>
				<campo nombre="DiasDevengoEmp1" tipo="4" longitud="2"/>
				<campo nombre="DiasDevengoTra1" tipo="4" longitud="2"/>
				<campo nombre="NoseSabe" tipo="4" longitud="8"/>
				<campo nombre="COD_Paga2" tipo="4" longitud="2"/>
				<campo nombre="ImportePaga2" tipo="5" longitud="6"/>
				<campo nombre="DiasDevengoEmp2" tipo="4" longitud="2"/>
				<campo nombre="DiasDevengoTra2" tipo="4" longitud="2"/>
				<campo nombre="NoseSabe" tipo="4" longitud="8"/>
				<campo nombre="COD_Paga3" tipo="4" longitud="2"/>
				<campo nombre="ImportePaga3" tipo="5" longitud="6"/>
				<campo nombre="DiasDevengoEmp3" tipo="4" longitud="2"/>
				<campo nombre="DiasDevengoTra3" tipo="4" longitud="2"/>
				<campo nombre="NoseSabe" tipo="4" longitud="8"/>
				<campo nombre="COD_Paga4" tipo="4" longitud="2"/>
				<campo nombre="ImportePaga4" tipo="5" longitud="6"/>
				<campo nombre="DiasDevengoEmp4" tipo="4" longitud="2"/>
				<campo nombre="DiasDevengoTra4" tipo="4" longitud="2"/>
				<campo nombre="NoseSabe" tipo="4" longitud="8"/>
				<campo nombre="COD_Paga5" tipo="4" longitud="2"/>
				<campo nombre="ImportePaga5" tipo="5" longitud="6"/>
				<campo nombre="DiasDevengoEmp5" tipo="4" longitud="2"/>
				<campo nombre="DiasDevengoTra5" tipo="4" longitud="2"/>
				<campo nombre="NoseSabe" tipo="4" longitud="8"/>
				<campo nombre="COD_Paga6" tipo="4" longitud="2"/>
				<campo nombre="ImportePaga6" tipo="5" longitud="6"/>
				<campo nombre="DiasDevengoEmp6" tipo="4" longitud="2"/>
				<campo nombre="DiasDevengoTra6" tipo="4" longitud="2"/>
				<campo nombre="NoseSabe" tipo="4" longitud="8"/>
				<campo nombre="COD_Paga7" tipo="4" longitud="2"/>
				<campo nombre="ImportePaga7" tipo="5" longitud="6"/>
				<campo nombre="DiasDevengoEmp7" tipo="4" longitud="2"/>
				<campo nombre="DiasDevengoTra7" tipo="4" longitud="2"/>
				<campo nombre="NoseSabe" tipo="4" longitud="8"/>
				<campo nombre="COD_Paga8" tipo="4" longitud="2"/>
				<campo nombre="ImportePaga8" tipo="5" longitud="6"/>
				<campo nombre="DiasDevengoEmp8" tipo="4" longitud="2"/>
				<campo nombre="DiasDevengoTra8" tipo="4" longitud="2"/>
				<campo nombre="NoseSabe" tipo="4" longitud="8"/>
				<campo nombre="COD_Paga9" tipo="4" longitud="2"/>
				<campo nombre="ImportePaga9" tipo="5" longitud="6"/>
				<campo nombre="DiasDevengoEmp9" tipo="4" longitud="2"/>
				<campo nombre="DiasDevengoTra9" tipo="4" longitud="2"/>
				<campo nombre="NoseSabe" tipo="4" longitud="8"/>
				<campo nombre="COD_Paga10" tipo="4" longitud="2"/>
				<campo nombre="ImportePaga10" tipo="5" longitud="6"/>
				<campo nombre="DiasDevengoEmp10" tipo="4" longitud="2"/>
				<campo nombre="DiasDevengoTra10" tipo="4" longitud="2"/>
				<campo nombre="NoseSabe" tipo="4" longitud="8"/>
				<campo nombre="COD_Paga11" tipo="4" longitud="2"/>
				<campo nombre="ImportePaga11" tipo="5" longitud="6"/>
				<campo nombre="DiasDevengoEmp11" tipo="4" longitud="2"/>
				<campo nombre="DiasDevengoTra11" tipo="4" longitud="2"/>
				<campo nombre="NoseSabe" tipo="4" longitud="8"/>
				<campo nombre="COD_Paga12" tipo="4" longitud="2"/>
				<campo nombre="ImportePaga12" tipo="5" longitud="6"/>
				<campo nombre="DiasDevengoEmp12" tipo="4" longitud="2"/>
				<campo nombre="DiasDevengoTra12" tipo="4" longitud="2"/>
				<campo nombre="NoseSabe" tipo="4" longitud="8"/>

				<campo nombre="COD_Vac" tipo="4" longitud="2" posicion="326"/>				
				<campo nombre="DiasDevengoEmpVac" tipo="4" longitud="2" posicion="335"/>
				<campo nombre="DiasDevengoTraVac" tipo="4" longitud="2"/>
				<campo nombre="ImporteVac" tipo="5" longitud="6"/>

			</campos>	
		</tabla>	
		<tabla nombre="Atrasos">	<!-- Proceso de código 4. NO se desglosa sino que es el registro que suma todos los subregistros. Nosotros debemos utilizar los de codigo 8 para guardar al hisperso. -->	
			<campos>	
				<campo nombre="tipoRebut" tipo="4" longitud="1" posicion="2"/>
		 		<campo nombre="FechaCobro" tipo="8" longitud="4" posicion="3"/> <!--getDateBigEndian -->		
		 		<campo nombre="FechaCobro2" tipo="8" longitud="4" posicion="7"/><!-- getDateBigEndian -->
		 		<campo nombre="codTrabajador" tipo="10" longitud="6" posicion="11"/>
		 		<campo nombre="centroTrab" tipo="4" longitud="3" posicion="17"/>
		 		<campo nombre="Nombre" tipo="10" longitud="49" posicion="20"/>
				<campo nombre="NIF" tipo="10" longitud="14" posicion="70"/>
				<campo nombre="FechaInicio" tipo="8" longitud="4" posicion="84"/>		
				<campo nombre="FechaFin" tipo="8" longitud="4" posicion="88"/>
				<!-- Ristra de conceptos -->
				<campo nombre="ProvisionPExtras" tipo="5" longitud="6" posicion="828"/><!--DiferenciaProrrataPagasExtra-->
				<campo nombre="ContingenciasComunes" tipo="5" longitud="6" posicion="834"/>
				<campo nombre="Accidentes" tipo="5" longitud="6" posicion="840"/>
				<campo nombre="BaseHorasExtraEstructurales" tipo="5" longitud="6" posicion="846"/>
				<campo nombre="BaseHorasExtraNoEstructurales" tipo="5" longitud="6" posicion="852"/>
				<campo nombre="BaseConceptosIncentivo" tipo="5" longitud="6" posicion="858"/>
				<campo nombre="ImporteBruto" tipo="5" longitud="6" posicion="864"/>
				<campo nombre="ImporteLiquido" tipo="5" longitud="6" posicion="870"/>
				<campo nombre="RetDinerariaBase" tipo="5" longitud="6" posicion="876"/>	
				<campo nombre="RetDinerariaRetencion" tipo="5" longitud="6" posicion="882"/>
				<campo nombre="RetribEspecieBase" tipo="5" longitud="6" posicion="888"/>
				<campo nombre="RetribEspecieIngCtaEmp" tipo="5" longitud="6" posicion="894"/>
				<campo nombre="RendIrregularesBase" tipo="5" longitud="6" posicion="900"/>
				<campo nombre="RendIrregularesRetencion" tipo="5" longitud="6" posicion="906"/>
				<campo nombre="PercepExentasBase" tipo="5" longitud="6" posicion="912"/>
				<campo nombre="TributaAnoPago" tipo="10" longitud="1" posicion="1056"/>  <!-- Invertido (S = desmarcado, N= marcado) -->
		 		<campo nombre="ContinComunesSS" tipo="5" longitud="6" posicion="993"/>
				<campo nombre="AccidentesSS" tipo="5" longitud="6" posicion="999"/>
				<campo nombre="HorasExtrasSS" tipo="5" longitud="6" posicion="1005"/>
				<campo nombre="PensMutEmpSS" tipo="5" longitud="6" posicion="1011"/>
				<campo nombre="PensMutTrabSS" tipo="5" longitud="6" posicion="1017"/>
				
				<!-- retribucions. Son tots els conceptes que apareixen a la pestaña conceptos d'a3. Hi han els de retribucio i deduccio, nomes hem d'agafar els de retribucions -->
				<campo nombre="COD_Concepto1" tipo="4" longitud="2" posicion="92"/>
				<campo nombre="Importe1" tipo="5" longitud="5"/>	
				<campo nombre="NoseSabe1" tipo="4" longitud="1"/>
				<campo nombre="UnidadesCobro1" tipo="5" longitud="2"/>
			  <campo nombre="NoesSap1" tipo="4" longitud="2"/>
				<campo nombre="IndicadoresConcepto1" tipo="4" longitud="4"/>						
				<campo nombre="COD_Concepto2" tipo="4" longitud="2"/>
				<campo nombre="Importe2" tipo="5" longitud="5"/>	
				<campo nombre="NoseSabe2" tipo="4" longitud="1"/>
				<campo nombre="UnidadesCobro2" tipo="5" longitud="2"/>
			  <campo nombre="NoesSap2" tipo="4" longitud="2"/>
				<campo nombre="IndicadoresConcepto2" tipo="4" longitud="4"/>					
				<campo nombre="COD_Concepto3" tipo="4" longitud="2"/>
				<campo nombre="Importe3" tipo="5" longitud="5"/>	
				<campo nombre="NoseSabe3" tipo="4" longitud="1"/>
				<campo nombre="UnidadesCobro3" tipo="5" longitud="2"/>
			  <campo nombre="NoesSap3" tipo="4" longitud="2"/>
				<campo nombre="IndicadoresConcepto3" tipo="4" longitud="4"/>				
				<campo nombre="COD_Concepto4" tipo="4" longitud="2"/>
				<campo nombre="Importe4" tipo="5" longitud="5"/>	
				<campo nombre="NoseSabe4" tipo="4" longitud="1"/>
				<campo nombre="UnidadesCobro4" tipo="5" longitud="2"/>
			  <campo nombre="NoesSap4" tipo="4" longitud="2"/>
				<campo nombre="IndicadoresConcepto4" tipo="4" longitud="4"/>				
				<campo nombre="COD_Concepto5" tipo="4" longitud="2"/>
				<campo nombre="Importe5" tipo="5" longitud="5"/>	
				<campo nombre="NoseSabe5" tipo="4" longitud="1"/>
				<campo nombre="UnidadesCobro5" tipo="5" longitud="2"/>
			  <campo nombre="NoesSap5" tipo="4" longitud="2"/>
				<campo nombre="IndicadoresConcepto5" tipo="4" longitud="4"/>				
				<campo nombre="COD_Concepto6" tipo="4" longitud="2"/>
				<campo nombre="Importe6" tipo="5" longitud="5"/>	
				<campo nombre="NoseSabe6" tipo="4" longitud="1"/>
				<campo nombre="UnidadesCobro6" tipo="5" longitud="2"/>
			  <campo nombre="NoesSap6" tipo="4" longitud="2"/>
				<campo nombre="IndicadoresConcepto6" tipo="4" longitud="4"/>				
				<campo nombre="COD_Concepto7" tipo="4" longitud="2"/>
				<campo nombre="Importe7" tipo="5" longitud="5"/>	
				<campo nombre="NoseSabe7" tipo="4" longitud="1"/>
				<campo nombre="UnidadesCobro7" tipo="5" longitud="2"/>
			  <campo nombre="NoesSap7" tipo="4" longitud="2"/>
				<campo nombre="IndicadoresConcepto7" tipo="4" longitud="4"/>				
				<campo nombre="COD_Concepto8" tipo="4" longitud="2"/>
				<campo nombre="Importe8" tipo="5" longitud="5"/>	
				<campo nombre="NoseSabe8" tipo="4" longitud="1"/>
				<campo nombre="UnidadesCobro8" tipo="5" longitud="2"/>
			  <campo nombre="NoesSap8" tipo="4" longitud="2"/>
				<campo nombre="IndicadoresConcepto8" tipo="4" longitud="4"/>				
				<campo nombre="COD_Concepto9" tipo="4" longitud="2"/>
				<campo nombre="Importe9" tipo="5" longitud="5"/>	
				<campo nombre="NoseSabe9" tipo="4" longitud="1"/>
				<campo nombre="UnidadesCobro9" tipo="5" longitud="2"/>
			  <campo nombre="NoesSap9" tipo="4" longitud="2"/>
				<campo nombre="IndicadoresConcepto9" tipo="4" longitud="4"/>				
				<campo nombre="COD_Concepto10" tipo="4" longitud="2"/>
				<campo nombre="Importe10" tipo="5" longitud="5"/>	
				<campo nombre="NoseSabe10" tipo="4" longitud="1"/>
				<campo nombre="UnidadesCobro10" tipo="5" longitud="2"/>
			  <campo nombre="NoesSap10" tipo="4" longitud="2"/>
				<campo nombre="IndicadoresConcepto10" tipo="4" longitud="4"/>				
				<campo nombre="COD_Concepto11" tipo="4" longitud="2"/>
				<campo nombre="Importe11" tipo="5" longitud="5"/>	
				<campo nombre="NoseSabe11" tipo="4" longitud="1"/>
				<campo nombre="UnidadesCobro11" tipo="5" longitud="2"/>
			  <campo nombre="NoesSap11" tipo="4" longitud="2"/>
				<campo nombre="IndicadoresConcepto11" tipo="4" longitud="4"/>				
				<campo nombre="COD_Concepto12" tipo="4" longitud="2"/>
				<campo nombre="Importe12" tipo="5" longitud="5"/>	
				<campo nombre="NoseSabe12" tipo="4" longitud="1"/>
				<campo nombre="UnidadesCobro12" tipo="5" longitud="2"/>
			  <campo nombre="NoesSap12" tipo="4" longitud="2"/>
				<campo nombre="IndicadoresConcepto12" tipo="4" longitud="4"/>				
				<campo nombre="COD_Concepto13" tipo="4" longitud="2"/>
				<campo nombre="Importe13" tipo="5" longitud="5"/>	
				<campo nombre="NoseSabe13" tipo="4" longitud="1"/>
				<campo nombre="UnidadesCobro13" tipo="5" longitud="2"/>
			  <campo nombre="NoesSap13" tipo="4" longitud="2"/>
				<campo nombre="IndicadoresConcepto13" tipo="4" longitud="4"/>				
				<campo nombre="COD_Concepto14" tipo="4" longitud="2"/>
				<campo nombre="Importe14" tipo="5" longitud="5"/>	
				<campo nombre="NoseSabe14" tipo="4" longitud="1"/>
				<campo nombre="UnidadesCobro14" tipo="5" longitud="2"/>
			  <campo nombre="NoesSap14" tipo="4" longitud="2"/>
				<campo nombre="IndicadoresConcepto14" tipo="4" longitud="4"/>				
				<campo nombre="COD_Concepto15" tipo="4" longitud="2"/>
				<campo nombre="Importe15" tipo="5" longitud="5"/>	
				<campo nombre="NoseSabe15" tipo="4" longitud="1"/>
				<campo nombre="UnidadesCobro15" tipo="5" longitud="2"/>
			  <campo nombre="NoesSap15" tipo="4" longitud="2"/>
				<campo nombre="IndicadoresConcepto15" tipo="4" longitud="4"/>				
				<campo nombre="COD_Concepto16" tipo="4" longitud="2"/>
				<campo nombre="Importe16" tipo="5" longitud="5"/>	
				<campo nombre="NoseSabe16" tipo="4" longitud="1"/>
				<campo nombre="UnidadesCobro16" tipo="5" longitud="2"/>
			  <campo nombre="NoesSap16" tipo="4" longitud="2"/>
				<campo nombre="IndicadoresConcepto16" tipo="4" longitud="4"/>				
				<campo nombre="COD_Concepto17" tipo="4" longitud="2"/>
				<campo nombre="Importe17" tipo="5" longitud="5"/>	
				<campo nombre="NoseSabe17" tipo="4" longitud="1"/>
				<campo nombre="UnidadesCobro17" tipo="5" longitud="2"/>
			  <campo nombre="NoesSap17" tipo="4" longitud="2"/>
				<campo nombre="IndicadoresConcepto17" tipo="4" longitud="4"/>				
				<campo nombre="COD_Concepto18" tipo="4" longitud="2"/>
				<campo nombre="Importe18" tipo="5" longitud="5"/>	
				<campo nombre="NoseSabe18" tipo="4" longitud="1"/>
				<campo nombre="UnidadesCobro18" tipo="5" longitud="2"/>
			  <campo nombre="NoesSap18" tipo="4" longitud="2"/>
				<campo nombre="IndicadoresConcepto18" tipo="4" longitud="4"/>				
				<campo nombre="COD_Concepto19" tipo="4" longitud="2"/>
				<campo nombre="Importe19" tipo="5" longitud="5"/>	
				<campo nombre="NoseSabe19" tipo="4" longitud="1"/>
				<campo nombre="UnidadesCobro19" tipo="5" longitud="2"/>
			  <campo nombre="NoesSap19" tipo="4" longitud="2"/>
				<campo nombre="IndicadoresConcepto19" tipo="4" longitud="4"/>				
				<campo nombre="COD_Concepto20" tipo="4" longitud="2"/>
				<campo nombre="Importe20" tipo="5" longitud="5"/>	
				<campo nombre="NoseSabe20" tipo="4" longitud="1"/>
				<campo nombre="UnidadesCobro20" tipo="5" longitud="2"/>
			  <campo nombre="NoesSap20" tipo="4" longitud="2"/>
				<campo nombre="IndicadoresConcepto20" tipo="4" longitud="4"/>				
				<campo nombre="COD_Concepto21" tipo="4" longitud="2"/>
				<campo nombre="Importe21" tipo="5" longitud="5"/>	
				<campo nombre="NoseSabe21" tipo="4" longitud="1"/>
				<campo nombre="UnidadesCobro21" tipo="5" longitud="2"/>
			  <campo nombre="NoesSap21" tipo="4" longitud="2"/>
				<campo nombre="IndicadoresConcepto21" tipo="4" longitud="4"/>				
				<campo nombre="COD_Concepto22" tipo="4" longitud="2"/>
				<campo nombre="Importe22" tipo="5" longitud="5"/>	
				<campo nombre="NoseSabe22" tipo="4" longitud="1"/>
				<campo nombre="UnidadesCobro22" tipo="5" longitud="2"/>
			  <campo nombre="NoesSap22" tipo="4" longitud="2"/>
				<campo nombre="IndicadoresConcepto22" tipo="4" longitud="4"/>				
				<campo nombre="COD_Concepto23" tipo="4" longitud="2"/>
				<campo nombre="Importe23" tipo="5" longitud="5"/>	
				<campo nombre="NoseSabe23" tipo="4" longitud="1"/>
				<campo nombre="UnidadesCobro23" tipo="5" longitud="2"/>
			  <campo nombre="NoesSap23" tipo="4" longitud="2"/>
				<campo nombre="IndicadoresConcepto23" tipo="4" longitud="4"/>				
				<campo nombre="COD_Concepto24" tipo="4" longitud="2"/>
				<campo nombre="Importe24" tipo="5" longitud="5"/>	
				<campo nombre="NoseSabe24" tipo="4" longitud="1"/>
				<campo nombre="UnidadesCobro24" tipo="5" longitud="2"/>
			  <campo nombre="NoesSap24" tipo="4" longitud="2"/>
				<campo nombre="IndicadoresConcepto24" tipo="4" longitud="4"/>
				<campo nombre="COD_Concepto25" tipo="4" longitud="2"/>
				<campo nombre="Importe25" tipo="5" longitud="5"/>	
				<campo nombre="NoseSabe25" tipo="4" longitud="1"/>
				<campo nombre="UnidadesCobro25" tipo="5" longitud="2"/>
			  <campo nombre="NoesSap25" tipo="4" longitud="2"/>
				<campo nombre="IndicadoresConcepto25" tipo="4" longitud="4"/>				
				<campo nombre="COD_Concepto26" tipo="4" longitud="2"/>
				<campo nombre="Importe26" tipo="5" longitud="5"/>	
				<campo nombre="NoseSabe26" tipo="4" longitud="1"/>
				<campo nombre="UnidadesCobro26" tipo="5" longitud="2"/>
			  <campo nombre="NoesSap26" tipo="4" longitud="2"/>
				<campo nombre="IndicadoresConcepto26" tipo="4" longitud="4"/>				
				<campo nombre="COD_Concepto27" tipo="4" longitud="2"/>
				<campo nombre="Importe27" tipo="5" longitud="5"/>	
				<campo nombre="NoseSabe27" tipo="4" longitud="1"/>
				<campo nombre="UnidadesCobro27" tipo="5" longitud="2"/>
			  <campo nombre="NoesSap27" tipo="4" longitud="2"/>
				<campo nombre="IndicadoresConcepto27" tipo="4" longitud="4"/>				
				<campo nombre="COD_Concepto28" tipo="4" longitud="2"/>
				<campo nombre="Importe28" tipo="5" longitud="5"/>	
				<campo nombre="NoseSabe28" tipo="4" longitud="1"/>
				<campo nombre="UnidadesCobro28" tipo="5" longitud="2"/>
			  <campo nombre="NoesSap28" tipo="4" longitud="2"/>
				<campo nombre="IndicadoresConcepto28" tipo="4" longitud="4"/>				
				<campo nombre="COD_Concepto29" tipo="4" longitud="2"/>
				<campo nombre="Importe29" tipo="5" longitud="5"/>	
				<campo nombre="NoseSabe29" tipo="4" longitud="1"/>
				<campo nombre="UnidadesCobro29" tipo="5" longitud="2"/>
			  <campo nombre="NoesSap29" tipo="4" longitud="2"/>
				<campo nombre="IndicadoresConcepto29" tipo="4" longitud="4"/>				
				<campo nombre="COD_Concepto30" tipo="4" longitud="2"/>
				<campo nombre="Importe30" tipo="5" longitud="5"/>	
				<campo nombre="NoseSabe30" tipo="4" longitud="1"/>
				<campo nombre="UnidadesCobro30" tipo="5" longitud="2"/>
			  <campo nombre="NoesSap30" tipo="4" longitud="2"/>
				<campo nombre="IndicadoresConcepto30" tipo="4" longitud="4"/>				
				<campo nombre="COD_Concepto31" tipo="4" longitud="2"/>
				<campo nombre="Importe31" tipo="5" longitud="5"/>	
				<campo nombre="NoseSabe31" tipo="4" longitud="1"/>
				<campo nombre="UnidadesCobro31" tipo="5" longitud="2"/>
			  <campo nombre="NoesSap31" tipo="4" longitud="2"/>
				<campo nombre="IndicadoresConcepto31" tipo="4" longitud="4"/>				
				<campo nombre="COD_Concepto32" tipo="4" longitud="2"/>
				<campo nombre="Importe32" tipo="5" longitud="5"/>	
				<campo nombre="NoseSabe32" tipo="4" longitud="1"/>
				<campo nombre="UnidadesCobro32" tipo="5" longitud="2"/>
			  <campo nombre="NoesSap32" tipo="4" longitud="2"/>
				<campo nombre="IndicadoresConcepto32" tipo="4" longitud="4"/>				
				<campo nombre="COD_Concepto33" tipo="4" longitud="2"/>
				<campo nombre="Importe33" tipo="5" longitud="5"/>	
				<campo nombre="NoseSabe33" tipo="4" longitud="1"/>
				<campo nombre="UnidadesCobro33" tipo="5" longitud="2"/>
			  <campo nombre="NoesSap33" tipo="4" longitud="2"/>
				<campo nombre="IndicadoresConcepto33" tipo="4" longitud="4"/>				
				<campo nombre="COD_Concepto34" tipo="4" longitud="2"/>
				<campo nombre="Importe34" tipo="5" longitud="5"/>	
				<campo nombre="NoseSabe34" tipo="4" longitud="1"/>
				<campo nombre="UnidadesCobro34" tipo="5" longitud="2"/>
			  <campo nombre="NoesSap34" tipo="4" longitud="2"/>
				<campo nombre="IndicadoresConcepto34" tipo="4" longitud="4"/>				
				<campo nombre="COD_Concepto35" tipo="4" longitud="2"/>
				<campo nombre="Importe35" tipo="5" longitud="5"/>	
				<campo nombre="NoseSabe35" tipo="4" longitud="1"/>
				<campo nombre="UnidadesCobro35" tipo="5" longitud="2"/>
			  <campo nombre="NoesSap35" tipo="4" longitud="2"/>
				<campo nombre="IndicadoresConcepto35" tipo="4" longitud="4"/>				
				<campo nombre="COD_Concepto36" tipo="4" longitud="2"/>
				<campo nombre="Importe36" tipo="5" longitud="5"/>	
				<campo nombre="NoseSabe36" tipo="4" longitud="1"/>
				<campo nombre="UnidadesCobro36" tipo="5" longitud="2"/>
			  <campo nombre="NoesSap36" tipo="4" longitud="2"/>
				<campo nombre="IndicadoresConcepto36" tipo="4" longitud="4"/>				
				<campo nombre="COD_Concepto37" tipo="4" longitud="2"/>
				<campo nombre="Importe37" tipo="5" longitud="5"/>	
				<campo nombre="NoseSabe37" tipo="4" longitud="1"/>
				<campo nombre="UnidadesCobro37" tipo="5" longitud="2"/>
			  <campo nombre="NoesSap37" tipo="4" longitud="2"/>
				<campo nombre="IndicadoresConcepto37" tipo="4" longitud="4"/>				
				<campo nombre="COD_Concepto38" tipo="4" longitud="2"/>
				<campo nombre="Importe38" tipo="5" longitud="5"/>	
				<campo nombre="NoseSabe38" tipo="4" longitud="1"/>
				<campo nombre="UnidadesCobro38" tipo="5" longitud="2"/>
			  <campo nombre="NoesSap38" tipo="4" longitud="2"/>
				<campo nombre="IndicadoresConcepto38" tipo="4" longitud="4"/>				
				<campo nombre="COD_Concepto39" tipo="4" longitud="2"/>
				<campo nombre="Importe39" tipo="5" longitud="5"/>	
				<campo nombre="NoseSabe39" tipo="4" longitud="1"/>
				<campo nombre="UnidadesCobro39" tipo="5" longitud="2"/>
			  <campo nombre="NoesSap39" tipo="4" longitud="2"/>
				<campo nombre="IndicadoresConcepto39" tipo="4" longitud="4"/>				
				<campo nombre="COD_Concepto40" tipo="4" longitud="2"/>
				<campo nombre="Importe40" tipo="5" longitud="5"/>	
				<campo nombre="NoseSabe40" tipo="4" longitud="1"/>
				<campo nombre="UnidadesCobro40" tipo="5" longitud="2"/>
			  <campo nombre="NoesSap40" tipo="4" longitud="2"/>
				<campo nombre="IndicadoresConcepto40" tipo="4" longitud="4"/>
			</campos>	
		</tabla>
		<tabla nombre="AtrasosMensuales">	<!-- Proceso de código 8. Utilizamos este para el cálculo de atrasos.-->	
			<campos>	
			<campo nombre="tipoRebut" tipo="4" longitud="1" posicion="2"/>
		 		<campo nombre="FechaRecibo" tipo="8" longitud="4" posicion="3"/> <!--getDateBigEndian -->		
		 		<campo nombre="FechaCobro" tipo="8" longitud="4" posicion="7"/><!-- getDateBigEndian -->
		 		<campo nombre="codTrabajador" tipo="10" longitud="6" posicion="11"/>
		 		<campo nombre="centroTrab" tipo="4" longitud="3" posicion="17"/>
		 		<campo nombre="Nombre" tipo="10" longitud="49" posicion="20"/>
				<campo nombre="NIF" tipo="10" longitud="14" posicion="70"/>
				
				<campo nombre="FechaInicioDevengo" tipo="8" longitud="4" posicion="99"/>		
				<campo nombre="FechaFinDevengo" tipo="8" longitud="4"/>
				
				<campo nombre="COD_Concepto1" tipo="4" longitud="2" posicion="659"/>
				<campo nombre="Importe1" tipo="5" longitud="6"/>	
				<campo nombre="Unitats1" tipo="5" longitud="4"/>
				<campo nombre="NoSeSabe1" tipo="5" longitud="4"/>
				<campo nombre="COD_Concepto2" tipo="4" longitud="2"/>
				<campo nombre="Importe2" tipo="5" longitud="6"/>	
				<campo nombre="Unitats2" tipo="5" longitud="4"/>
				<campo nombre="NoSeSabe2" tipo="5" longitud="4"/>
				<campo nombre="COD_Concepto3" tipo="4" longitud="2"/>
				<campo nombre="Importe3" tipo="5" longitud="6"/>	
				<campo nombre="Unitats3" tipo="5" longitud="4"/>
				<campo nombre="NoSeSabe3" tipo="5" longitud="4"/>
				<campo nombre="COD_Concepto4" tipo="4" longitud="2"/>
				<campo nombre="Importe4" tipo="5" longitud="6"/>	
				<campo nombre="Unitats4" tipo="5" longitud="4"/>
				<campo nombre="NoSeSabe4" tipo="5" longitud="4"/>
				<campo nombre="COD_Concepto5" tipo="4" longitud="2"/>
				<campo nombre="Importe5" tipo="5" longitud="6"/>	
				<campo nombre="Unitats5" tipo="5" longitud="4"/>
				<campo nombre="NoSeSabe5" tipo="5" longitud="4"/>
				<campo nombre="COD_Concepto6" tipo="4" longitud="2"/>
				<campo nombre="Importe6" tipo="5" longitud="6"/>	
				<campo nombre="Unitats6" tipo="5" longitud="4"/>
				<campo nombre="NoSeSabe6" tipo="5" longitud="4"/>
				<campo nombre="COD_Concepto7" tipo="4" longitud="2"/>
				<campo nombre="Importe7" tipo="5" longitud="6"/>	
				<campo nombre="Unitats7" tipo="5" longitud="4"/>
				<campo nombre="NoSeSabe7" tipo="5" longitud="4"/>
				<campo nombre="COD_Concepto8" tipo="4" longitud="2"/>
				<campo nombre="Importe8" tipo="5" longitud="6"/>	
				<campo nombre="Unitats8" tipo="5" longitud="4"/>
				<campo nombre="NoSeSabe8" tipo="5" longitud="4"/>
				<campo nombre="COD_Concepto9" tipo="4" longitud="2"/>
				<campo nombre="Importe9" tipo="5" longitud="6"/>	
				<campo nombre="Unitats9" tipo="5" longitud="4"/>
				<campo nombre="NoSeSabe9" tipo="5" longitud="4"/>
				<campo nombre="COD_Concepto10" tipo="4" longitud="2"/>
				<campo nombre="Importe10" tipo="5" longitud="6"/>	
				<campo nombre="Unitats10" tipo="5" longitud="4"/>
				<campo nombre="NoSeSabe10" tipo="5" longitud="4"/>
				<campo nombre="COD_Concepto11" tipo="4" longitud="2"/>
				<campo nombre="Importe11" tipo="5" longitud="6"/>	
				<campo nombre="Unitats11" tipo="5" longitud="4"/>
				<campo nombre="NoSeSabe11" tipo="5" longitud="4"/>
				<campo nombre="COD_Concepto12" tipo="4" longitud="2"/>
				<campo nombre="Importe12" tipo="5" longitud="6"/>	
				<campo nombre="Unitats12" tipo="5" longitud="4"/>
				<campo nombre="NoSeSabe12" tipo="5" longitud="4"/>
				<campo nombre="COD_Concepto13" tipo="4" longitud="2"/>
				<campo nombre="Importe13" tipo="5" longitud="6"/>	
				<campo nombre="Unitats13" tipo="5" longitud="4"/>
				<campo nombre="NoSeSabe13" tipo="5" longitud="4"/>
				<campo nombre="COD_Concepto14" tipo="4" longitud="2"/>
				<campo nombre="Importe14" tipo="5" longitud="6"/>	
				<campo nombre="Unitats14" tipo="5" longitud="4"/>
				<campo nombre="NoSeSabe14" tipo="5" longitud="4"/>
				<campo nombre="COD_Concepto15" tipo="4" longitud="2"/>
				<campo nombre="Importe15" tipo="5" longitud="6"/>	
				<campo nombre="Unitats15" tipo="5" longitud="4"/>
				<campo nombre="NoSeSabe15" tipo="5" longitud="4"/>
				<campo nombre="COD_Concepto16" tipo="4" longitud="2"/>
				<campo nombre="Importe16" tipo="5" longitud="6"/>	
				<campo nombre="Unitats16" tipo="5" longitud="4"/>
				<campo nombre="NoSeSabe16" tipo="5" longitud="4"/>
				<campo nombre="COD_Concepto17" tipo="4" longitud="2"/>
				<campo nombre="Importe17" tipo="5" longitud="6"/>	
				<campo nombre="Unitats17" tipo="5" longitud="4"/>
				<campo nombre="NoSeSabe17" tipo="5" longitud="4"/>
				<campo nombre="COD_Concepto18" tipo="4" longitud="2"/>
				<campo nombre="Importe18" tipo="5" longitud="6"/>	
				<campo nombre="Unitats18" tipo="5" longitud="4"/>
				<campo nombre="NoSeSabe18" tipo="5" longitud="4"/>
				<campo nombre="COD_Concepto19" tipo="4" longitud="2"/>
				<campo nombre="Importe19" tipo="5" longitud="6"/>	
				<campo nombre="Unitats19" tipo="5" longitud="4"/>
				<campo nombre="NoSeSabe19" tipo="5" longitud="4"/>
				<campo nombre="COD_Concepto20" tipo="4" longitud="2"/>
				<campo nombre="Importe20" tipo="5" longitud="6"/>	
				<campo nombre="Unitats20" tipo="5" longitud="4"/>
				<campo nombre="NoSeSabe20" tipo="5" longitud="4"/>
				<campo nombre="COD_Concepto21" tipo="4" longitud="2"/>
				<campo nombre="Importe21" tipo="5" longitud="6"/>	
				<campo nombre="Unitats21" tipo="5" longitud="4"/>
				<campo nombre="NoSeSabe21" tipo="5" longitud="4"/>
				<campo nombre="COD_Concepto22" tipo="4" longitud="2"/>
				<campo nombre="Importe22" tipo="5" longitud="6"/>	
				<campo nombre="Unitats22" tipo="5" longitud="4"/>
				<campo nombre="NoSeSabe22" tipo="5" longitud="4"/>
				<campo nombre="COD_Concepto23" tipo="4" longitud="2"/>
				<campo nombre="Importe23" tipo="5" longitud="6"/>	
				<campo nombre="Unitats23" tipo="5" longitud="4"/>
				<campo nombre="NoSeSabe23" tipo="5" longitud="4"/>
				<campo nombre="COD_Concepto24" tipo="4" longitud="2"/>
				<campo nombre="Importe24" tipo="5" longitud="6"/>	
				<campo nombre="Unitats24" tipo="5" longitud="4"/>
				<campo nombre="NoSeSabe24" tipo="5" longitud="4"/>
				<campo nombre="COD_Concepto25" tipo="4" longitud="2"/>
				<campo nombre="Importe25" tipo="5" longitud="6"/>	
				<campo nombre="Unitats25" tipo="5" longitud="4"/>
				<campo nombre="NoSeSabe25" tipo="5" longitud="4"/>
				<campo nombre="COD_Concepto26" tipo="4" longitud="2"/>
				<campo nombre="Importe26" tipo="5" longitud="6"/>	
				<campo nombre="Unitats26" tipo="5" longitud="4"/>
				<campo nombre="NoSeSabe26" tipo="5" longitud="4"/>
				<campo nombre="COD_Concepto27" tipo="4" longitud="2"/>
				<campo nombre="Importe27" tipo="5" longitud="6"/>	
				<campo nombre="Unitats27" tipo="5" longitud="4"/>
				<campo nombre="NoSeSabe27" tipo="5" longitud="4"/>
				<campo nombre="COD_Concepto28" tipo="4" longitud="2"/>
				<campo nombre="Importe28" tipo="5" longitud="6"/>	
				<campo nombre="Unitats28" tipo="5" longitud="4"/>
				<campo nombre="NoSeSabe28" tipo="5" longitud="4"/>
				<campo nombre="COD_Concepto29" tipo="4" longitud="2"/>
				<campo nombre="Importe29" tipo="5" longitud="6"/>	
				<campo nombre="Unitats29" tipo="5" longitud="4"/>
				<campo nombre="NoSeSabe29" tipo="5" longitud="4"/>
				<campo nombre="COD_Concepto30" tipo="4" longitud="2" />
				<campo nombre="Importe30" tipo="5" longitud="6"/>	
				<campo nombre="Unitats30" tipo="5" longitud="4"/>
				<campo nombre="NoSeSabe30" tipo="5" longitud="4"/>
				<campo nombre="COD_Concepto31" tipo="4" longitud="2"/>
				<campo nombre="Importe31" tipo="5" longitud="6"/>	
				<campo nombre="Unitats31" tipo="5" longitud="4"/>
				<campo nombre="NoSeSabe31" tipo="5" longitud="4"/>
				<campo nombre="COD_Concepto32" tipo="4" longitud="2"/>
				<campo nombre="Importe32" tipo="5" longitud="6"/>	
				<campo nombre="Unitats32" tipo="5" longitud="4"/>
				<campo nombre="NoSeSabe32" tipo="5" longitud="4"/>
				<campo nombre="COD_Concepto33" tipo="4" longitud="2"/>
				<campo nombre="Importe33" tipo="5" longitud="6"/>	
				<campo nombre="Unitats33" tipo="5" longitud="4"/>
				<campo nombre="NoSeSabe33" tipo="5" longitud="4"/>
				<campo nombre="COD_Concepto34" tipo="4" longitud="2"/>
				<campo nombre="Importe34" tipo="5" longitud="6"/>	
				<campo nombre="Unitats34" tipo="5" longitud="4"/>
				<campo nombre="NoSeSabe34" tipo="5" longitud="4"/>
				<campo nombre="COD_Concepto35" tipo="4" longitud="2"/>
				<campo nombre="Importe35" tipo="5" longitud="6"/>	
				<campo nombre="Unitats35" tipo="5" longitud="4"/>
				<campo nombre="NoSeSabe35" tipo="5" longitud="4"/>
				<campo nombre="COD_Concepto36" tipo="4" longitud="2"/>
				<campo nombre="Importe36" tipo="5" longitud="6"/>	
				<campo nombre="Unitats36" tipo="5" longitud="4"/>
				<campo nombre="NoSeSabe36" tipo="5" longitud="4"/>
				<campo nombre="COD_Concepto37" tipo="4" longitud="2"/>
				<campo nombre="Importe37" tipo="5" longitud="6"/>	
				<campo nombre="Unitats37" tipo="5" longitud="4"/>
				<campo nombre="NoSeSabe37" tipo="5" longitud="4"/>
				<campo nombre="COD_Concepto38" tipo="4" longitud="2"/>
				<campo nombre="Importe38" tipo="5" longitud="6"/>	
				<campo nombre="Unitats38" tipo="5" longitud="4"/>
				<campo nombre="NoSeSabe38" tipo="5" longitud="4"/>
				<campo nombre="COD_Concepto39" tipo="4" longitud="2"/>
				<campo nombre="Importe39" tipo="5" longitud="6"/>	
				<campo nombre="Unitats39" tipo="5" longitud="4"/>
				<campo nombre="NoSeSabe39" tipo="5" longitud="4"/>
				<campo nombre="COD_Concepto40" tipo="4" longitud="2"/>
				<campo nombre="Importe40" tipo="5" longitud="6"/>	
				<campo nombre="Unitats40" tipo="5" longitud="4"/>
				<campo nombre="NoSeSabe40" tipo="5" longitud="4"/>
				
				<campo nombre="ContingenciasComunes" tipo="5" longitud="6" posicion="1299"/>
				<campo nombre="Accidentes" tipo="5" longitud="6" posicion="1305"/>
				<campo nombre="ProvisionPExtras" tipo="5" longitud="6" posicion="1614"/>
				<campo nombre="ImporteBruto" tipo="5" longitud="6" posicion="1377"/>
				<campo nombre="ImporteLiquido" tipo="5" longitud="6" posicion="1383"/>
				<campo nombre="porcenIRPF" tipo="5" longitud="2" posicion="1437"/>
				<campo nombre="BaseIRPF" tipo="5" longitud="2" posicion="1401"/>
				
				<campo nombre="ImporteBrutoExtra" tipo="5" longitud="2" posicion="132"/>
				<campo nombre="ImporteLiquidoExtra" tipo="5" longitud="2" posicion="138"/>
				
			</campos>
		</tabla>
		<tabla nombre="AtrasosMensualesExtra">	<!-- Proceso de código 8. Utilizamos este para el cálculo de atrasos.-->	
			<campos>	
			<campo nombre="tipoRebut" tipo="4" longitud="1" posicion="2"/>
		 		<campo nombre="FechaRecibo" tipo="8" longitud="4" posicion="3"/> <!--getDateBigEndian -->		
		 		<campo nombre="FechaCobro" tipo="8" longitud="4" posicion="7"/><!-- getDateBigEndian -->
		 		<campo nombre="codTrabajador" tipo="10" longitud="6" posicion="11"/>
		 		<campo nombre="centroTrab" tipo="4" longitud="3" posicion="17"/>
		 		<campo nombre="Nombre" tipo="10" longitud="49" posicion="20"/>
				<campo nombre="NIF" tipo="10" longitud="14" posicion="70"/>
				
				<campo nombre="FechaInicioDevengo" tipo="8" longitud="4" posicion="86"/>		
				<campo nombre="FechaFinDevengo" tipo="8" longitud="4"/>
				
				<campo nombre="COD_Concepto1" tipo="4" longitud="2" posicion="220"/>
				<campo nombre="Importe1" tipo="5" longitud="6"/>	
				<campo nombre="Unitats1" tipo="5" longitud="4"/>
				<campo nombre="NoSeSabe1" tipo="5" longitud="4"/>
				<campo nombre="COD_Concepto2" tipo="4" longitud="2"/>
				<campo nombre="Importe2" tipo="5" longitud="6"/>	
				<campo nombre="Unitats2" tipo="5" longitud="4"/>
				<campo nombre="NoSeSabe2" tipo="5" longitud="4"/>
				<campo nombre="COD_Concepto3" tipo="4" longitud="2"/>
				<campo nombre="Importe3" tipo="5" longitud="6"/>	
				<campo nombre="Unitats3" tipo="5" longitud="4"/>
				<campo nombre="NoSeSabe3" tipo="5" longitud="4"/>
				<campo nombre="COD_Concepto4" tipo="4" longitud="2"/>
				<campo nombre="Importe4" tipo="5" longitud="6"/>	
				<campo nombre="Unitats4" tipo="5" longitud="4"/>
				<campo nombre="NoSeSabe4" tipo="5" longitud="4"/>
				<campo nombre="COD_Concepto5" tipo="4" longitud="2"/>
				<campo nombre="Importe5" tipo="5" longitud="6"/>	
				<campo nombre="Unitats5" tipo="5" longitud="4"/>
				<campo nombre="NoSeSabe5" tipo="5" longitud="4"/>
				<campo nombre="COD_Concepto6" tipo="4" longitud="2"/>
				<campo nombre="Importe6" tipo="5" longitud="6"/>	
				<campo nombre="Unitats6" tipo="5" longitud="4"/>
				<campo nombre="NoSeSabe6" tipo="5" longitud="4"/>
				<campo nombre="COD_Concepto7" tipo="4" longitud="2"/>
				<campo nombre="Importe7" tipo="5" longitud="6"/>	
				<campo nombre="Unitats7" tipo="5" longitud="4"/>
				<campo nombre="NoSeSabe7" tipo="5" longitud="4"/>
				<campo nombre="COD_Concepto8" tipo="4" longitud="2"/>
				<campo nombre="Importe8" tipo="5" longitud="6"/>	
				<campo nombre="Unitats8" tipo="5" longitud="4"/>
				<campo nombre="NoSeSabe8" tipo="5" longitud="4"/>
				<campo nombre="COD_Concepto9" tipo="4" longitud="2"/>
				<campo nombre="Importe9" tipo="5" longitud="6"/>	
				<campo nombre="Unitats9" tipo="5" longitud="4"/>
				<campo nombre="NoSeSabe9" tipo="5" longitud="4"/>
				<campo nombre="COD_Concepto10" tipo="4" longitud="2"/>
				<campo nombre="Importe10" tipo="5" longitud="6"/>	
				<campo nombre="Unitats10" tipo="5" longitud="4"/>
				<campo nombre="NoSeSabe10" tipo="5" longitud="4"/>
				
				
				
				<campo nombre="ImporteBruto" tipo="5" longitud="6" posicion="132"/>
				<campo nombre="ImporteLiquido" tipo="5" longitud="6" posicion="138"/>
				
				<campo nombre="porcenIRPF" tipo="5" longitud="2" posicion="159"/>
				<campo nombre="BaseIRPF" tipo="5" longitud="2" posicion="161"/>
				
				<campo nombre="ImporteBrutoExtra" tipo="5" longitud="2" posicion="132"/>
				<campo nombre="ImporteLiquidoExtra" tipo="5" longitud="2" posicion="138"/>
				
			</campos>
		</tabla>
	</tablas>
</mdb>

	
