<?xml version="1.0" encoding="UTF-8"?><mdb archivo="C:\Documents and Settings\Administrador\Escritorio\Handydrive\Imesd\CobolExport\DatosA3\empresa26\N2800026.MDB">	<tablas>		<tabla nombre="Trabajadores">			<campos>			 	<campo nombre="Tipo_Trabajador" tipo="4" longitud="1" posicion ="0"/> <!-- 74(J) Sí, 42(*) No -->				<campo nombre="COD_Trabajador" tipo="10" longitud="6" posicion ="2"/>				<campo nombre="DNI" tipo="10" longitud="14"/>				<campo nombre="COD_Centro" tipo="4" longitud="3"/>				<campo nombre="Nombre" tipo="10" longitud="40"/>				<campo nombre="NUM_Matrícula" tipo="10" longitud="5"/>				<campo nombre="PrefijoNNSS" tipo="4" longitud="1"/>				<campo nombre="NNSS" tipo="4" longitud="4"/>				<campo nombre="SufijoNNSS" tipo="4" longitud="1"/>				<campo nombre="NOM_Padre" tipo="10" longitud="15"/>				<campo nombre="NOM_Madre" tipo="10" longitud="15"/>				<campo nombre="IND_Sexo" tipo="10" longitud="1"/>				<campo nombre="EstadoCivil" tipo="10" longitud="1"/>				<campo nombre="COD_ConvenioColectivo" tipo="4" longitud="3"/>				<campo nombre="CorreoElectronico" tipo="10" longitud="255"/>				<campo nombre="IND_NoResidente" tipo="10" longitud="1"/>				<campo nombre="Sigla" tipo="10" longitud="5"/>				<campo nombre="ViaPublica" tipo="10" longitud="30"/>				<campo nombre="Numero" tipo="10" longitud="5"/>				<campo nombre="Escalera" tipo="10" longitud="2"/>				<campo nombre="Piso" tipo="10" longitud="2"/>				<campo nombre="Puerta" tipo="10" longitud="2"/>				<campo nombre="Municipio" tipo="10" longitud="20"/>				<!--campo nombre="CodigoMunicipio" tipo="4" longitud="3" posicion="2014"/-->				<campo nombre="Provincia" tipo="10" longitud="20" posicion="433"/>				<campo nombre="COD_Postal" tipo="10" longitud="5"/>				<campo nombre="Telefono1" tipo="10" longitud="13"/>				<campo nombre="ExtensionTelefono1" tipo="10" longitud="4"/>				<campo nombre="Telefono2" tipo="10" longitud="13"/>				<campo nombre="ExtensionTelefono2" tipo="10" longitud="4"/>				<campo nombre="FAX" tipo="10" longitud="12"/>				<campo nombre="ClavePercepcion" tipo="10" longitud="1"/>				<campo nombre="NUM_Hijos" tipo="4" longitud="1"/>				<campo nombre="P_RetencionIRPF" tipo="5" longitud="3"/>				<campo nombre="TipoRetencion" tipo="10" longitud="1"/>				<campo nombre="P_BaseIRPF" tipo="4" longitud="3"/>				<campo nombre="IngresosAnuales" tipo="5" longitud="6"/>				<campo nombre="Página190" tipo="4" longitud="2"/>				<campo nombre="Linea190" tipo="4" longitud="1"/>				<campo nombre="COD_Categoria" tipo="4" longitud="2" posicion="551"/>				<campo nombre="NOM_Categoria" tipo="10" longitud="10" posicion="553"/>				<campo nombre="PuestoTrabajo" tipo="10" longitud="8"/>				<campo nombre="GrupoTarifa" tipo="4" longitud="1"/>				<campo nombre="Epigrafe" tipo="4" longitud="2"/>				<campo nombre="COD_TablaCalendario" tipo="4" longitud="1"/>				<campo nombre="TipoCobro" tipo="10" longitud="1"/>				<campo nombre="IND_EventualPESóloFiniquito" tipo="10" longitud="1"/>				<campo nombre="IND_IgnorarTopesCotizacion" tipo="10" longitud="1"/>				<campo nombre="IND_FijoRégimenAgrario" tipo="10" longitud="1"/>				<campo nombre="IND_TopeMáximoRepresentanteComercio" tipo="10" longitud="1"/>				<campo nombre="F_Nacimiento" tipo="8" longitud="4" posicion="584"/>				<campo nombre="F_Antigüedad" tipo="8" longitud="4"/>				<campo nombre="F_Baja" tipo="8" longitud="4"/>				<campo nombre="F_Ingreso" tipo="8" longitud="4"/>				<campo nombre="F_AntigüedadCategoría" tipo="8" longitud="4"/>				<campo nombre="F_CalculoPExtra" tipo="8" longitud="4" posicion="608"/>				<campo nombre="IND_Pluriempleo" tipo="10" longitud="1" posicion="620"/>				<campo nombre="P_Minimo1" tipo="5" longitud="3"/>				<campo nombre="P_Maximo1" tipo="5" longitud="3"/>				<campo nombre="P_Minimo2" tipo="5" longitud="3"/>				<campo nombre="P_Maximo2" tipo="5" longitud="3"/>				<campo nombre="NUM_Autorizacion" tipo="4" longitud="5"/>				<campo nombre="LiteralEmpresa" tipo="10" longitud="40"/>				<campo nombre="IND_TiempoParcial" tipo="10" longitud="1"/>				<campo nombre="P_TiempoParcial" tipo="5" longitud="3"/>				<campo nombre="DiasMesTiempoParcial" tipo="5" longitud="3"/>				<campo nombre="H_MesTiempoParcial" tipo="5" longitud="3"/>				<campo nombre="H_MesTC2TiempoParcial" tipo="5" longitud="3" posicion="804"/>				<campo nombre="H_LunesTP" tipo="5" longitud="2" posicion="2020"/>				<campo nombre="IND_LunesTP" tipo="4" longitud="1"/>				<campo nombre="H_MartesTP" tipo="5" longitud="2"/>				<campo nombre="IND_MartesTP" tipo="4" longitud="1"/>				<campo nombre="H_MiercolesTP" tipo="5" longitud="2"/>				<campo nombre="IND_MiercolesTP" tipo="4" longitud="1"/>				<campo nombre="H_JuevesTP" tipo="5" longitud="2"/>				<campo nombre="IND_JuevesTP" tipo="4" longitud="1"/>				<campo nombre="H_ViernesTP" tipo="5" longitud="2"/>				<campo nombre="IND_ViernesTP" tipo="4" longitud="1"/>				<campo nombre="H_SabadoTP" tipo="5" longitud="2"/>				<campo nombre="IND_SabadoTP" tipo="4" longitud="1"/>				<campo nombre="H_DomingoTP" tipo="5" longitud="2"/>				<campo nombre="IND_DomingoTP" tipo="4" longitud="1"/>				<campo nombre="H_VisperaFestivoTP" tipo="5" longitud="2"/>				<campo nombre="IND_VisperaFestivoTP" tipo="4" longitud="1"/>				<campo nombre="H_FestivoTP" tipo="5" longitud="2"/>				<campo nombre="IND_FestivoTP" tipo="4" longitud="1"/>				<campo nombre="H_TodosFestivosTP" tipo="5" longitud="2"/>				<campo nombre="IND_TodosFestivosTP" tipo="4" longitud="1"/>											<campo nombre="IND_AdministracionLocal" tipo="10" longitud="1" posicion="688"/>				<campo nombre="TrieniosA" tipo="4" longitud="1"/>				<campo nombre="TrieniosB" tipo="4" longitud="1"/>				<campo nombre="TrieniosC" tipo="4" longitud="1"/>				<campo nombre="TrieniosD" tipo="4" longitud="1"/>				<campo nombre="TrieniosE" tipo="4" longitud="1"/>				<campo nombre="NUM_FormatoTalon" tipo="4" longitud="1"/>				<campo nombre="IND_BancoPago" tipo="4" longitud="1"/>				<campo nombre="COD_EntidadCobro1" tipo="4" longitud="2"/>				<campo nombre="COD_AgenciaCobro1" tipo="4" longitud="2"/>				<campo nombre="DC_OficinaCobro1" tipo="4" longitud="1"/>				<campo nombre="DC_CuentaCobro1" tipo="4" longitud="1"/>				<campo nombre="NUM_CuentaCobro1" tipo="5" longitud="8"/>				<campo nombre="COD_EntidadCobro2" tipo="4" longitud="2" posicion="716"/>				<campo nombre="COD_AgenciaCobro2" tipo="4" longitud="2"/>				<campo nombre="DC_OficinaCobro2" tipo="4" longitud="1"/>				<campo nombre="DC_CuentaCobro2" tipo="4" longitud="1"/>				<campo nombre="NUM_CuentaCobro2" tipo="5" longitud="8"/>				<campo nombre="I_Banco2" tipo="5" longitud="4" posicion="736"/>				<campo nombre="COD_ConceptoBanco2" tipo="4" longitud="2" posicion="742"/>				<campo nombre="NOM_DestinatarioBanco2" tipo="10" longitud="30"/>				<campo nombre="codigoCausaFiniquito" tipo="4" longitud="1" posicion="2291"/>				<!--FALTAN ENCONTRAR ESTOS CAMPOS ASOCIADOS AL TRABAJADOR>								<campo nombre="BrutoAnualDeseado" tipo="5" longitud="8"/>				<campo nombre="COD_Concepto1Diferencia" tipo="4" longitud="4"/>				<campo nombre="T_Concepto1" tipo="10" longitud="3"/>				<campo nombre="I_ManualConcepto1" tipo="5" longitud="8"/>				<campo nombre="COD_Concepto2Diferencia" tipo="4" longitud="4"/>				<campo nombre="T_Concepto2" tipo="10" longitud="3"/>				<campo nombre="I_ManualConcepto2" tipo="5" longitud="8"/>				<campo nombre="COD_Concepto3Diferencia" tipo="4" longitud="4"/>				<campo nombre="T_Concepto3" tipo="10" longitud="3"/>				<campo nombre="I_ManualConcepto3" tipo="5" longitud="8"/>												<campo nombre="COD_PaisNoResidente" tipo="4" longitud="4"/>				<campo nombre="NOM_PaisNoResidente" tipo="10" longitud="30"/>																								 -->				<!-- CONTRATO TRABAJADOR-->				<campo nombre="TipoContrato" tipo="4" longitud="2" posicion="774"/>				<campo nombre="RealDecreto" tipo="10" longitud="20" posicion="779"/>				<campo nombre="TipoCotizacion" tipo="4" longitud="2"/><!--1=General 2=Dur.TC 3=Dur.TP 4=Formacion 5=Aprendizaje 6=asimilados 7=May.65años 8=Exc desempleo fijo 9=excl. des. dur. det. tiempo C 10=excl. des. dur. det. tiempo P;  -->				<campo nombre="IND_AutoTipoCotizacion" tipo="10" longitud="1"/> <!--A=Automatico M=Manual;  -->				<campo nombre="HorasDia" tipo="5" longitud="2"/>				<campo nombre="F_InicioContrato" tipo="8" longitud="4" posicion="807"/>				<campo nombre="F_FinContrato" tipo="8" longitud="4"/>				<campo nombre="COD_NivelEstudiosTerminados" tipo="4" longitud="1"/>				<campo nombre="NOM_NivelEstudiosTerminados" tipo="10" longitud="9"/>				<campo nombre="NUM_Contrato" tipo="10" longitud="9"/>				<campo nombre="DuracionInicialContratoMeses" tipo="4" longitud="1"/>				<campo nombre="F_Registro" tipo="8" longitud="4" posicion="835"/>				<campo nombre="DiasNoComputablesAntigüedad" tipo="4" longitud="3"/>				<campo nombre="IND_AutoTextoAsociado" tipo="10" longitud="1"/>				<campo nombre="COD_TextoAsociado" tipo="4" longitud="3"/>				<campo nombre="IND_ConvertidoContrato" tipo="10" longitud="1"/>				<campo nombre="COD_CondiciónDesempleado" tipo="4" longitud="1"/>				<campo nombre="IND_RelaciónLaboralEspecial" tipo="10" longitud="4"/>				<campo nombre="CausaSustitución" tipo="4" longitud="1"/>				<campo nombre="IND_MujerSubrepresentada" tipo="10" longitud="1"/>				<campo nombre="IND_IncapacitadoReadmitido" tipo="10" longitud="1"/>				<campo nombre="IND_PrimerTrabajadorAutónomo" tipo="10" longitud="1"/>				<campo nombre="GradoMinusvalía" tipo="4" longitud="2"/>				<campo nombre="IND_ExclusionSocial" tipo="10" longitud="1"/>				<campo nombre="IND_SubrogaciónParcial" tipo="10" longitud="1"/>				<campo nombre="IND_RentaActivaInserción" tipo="10" longitud="1"/>				<campo nombre="IND_TrabajadoraContratada24MesesAlumbr" tipo="10" longitud="1"/>				<campo nombre="NNSSTrabajadorSustituido" tipo="5" longitud="5"/>				<campo nombre="DuracionPeriodoPruebaMeses" tipo="4" longitud="2"/>				<campo nombre="DuracionPeriodoPruebaDias" tipo="4" longitud="2"/>				<campo nombre="COD_TextoContrato" tipo="4" longitud="1"/>				<campo nombre="IND_AutoTextoContrato" tipo="10" longitud="1"/>				<campo nombre="IND_ListadoContrato" tipo="10" longitud="1"/>				<campo nombre="NUM_Prorroga" tipo="4" longitud="1"/>				<campo nombre="DuracionInicialProrrogaMeses" tipo="4" longitud="1"/>				<campo nombre="DuracionAcumuladaProrrogaMeses" tipo="4" longitud="1" posicion="876"/>				<campo nombre="F_UltimaProrroga" tipo="8" longitud="5" posicion="877"/>				<campo nombre="TipoBonificacion" tipo="10" longitud="2"/>				<campo nombre="F_InicioBonificacion" tipo="8" longitud="4"/>				<campo nombre="F_FinBonificacion" tipo="8" longitud="4"/>				<campo nombre="F_InicioSubvencion" tipo="8" longitud="4"/>				<campo nombre="F_FinSubvencion" tipo="8" longitud="4"/>				<campo nombre="I_Subvencion" tipo="5" longitud="6"/>				<campo nombre="IND_TipoFormacion" tipo="10" longitud="1"/>				<campo nombre="BonifTiempoParcial" tipo="4" longitud="1" posicion = "2292"/>				<campo nombre="ColectivoBonif" tipo="4" longitud="2" posicion = "2294"/>								<campo nombre="HorasFormacion" tipo="4" longitud="2" posicion = "2318"/>				<!--FALTAN ENCONTRAR ESTOS DATOS DEL CONTRATO>								<campo nombre="TipoMinusvalíaCE" tipo="4" longitud="4"/>				<campo nombre="CarácterMinusvalíaCE" tipo="4" longitud="4"/>				<campo nombre="F_CertificadoCE" tipo="8" longitud="8"/>				<campo nombre="F_PróximaRevisiónCE" tipo="8" longitud="8"/>				<campo nombre="P_ReduccionCE" tipo="5" longitud="8"/>				<campo nombre="COD_SubvencionCE" tipo="10" longitud="10"/>				<campo nombre="OrganismoEmisorCE" tipo="10" longitud="15"/>				<campo nombre="COD_ContratoCentroEspecialEmpleo" tipo="10" longitud="3"/>				<campo nombre="IND_ContratoRelevo" tipo="10" longitud="1"/>								<campo nombre="NRO_Transformacion" tipo="4" longitud="4"/>							<-->				<campo nombre="COD_Concepto1" tipo="4" longitud="2" posicion="906"/>				<campo nombre="TipoConcepto1" tipo="10" longitud="1" posicion="910"/>				<campo nombre="Importe1" tipo="5" longitud="7" posicion="911"/>				<campo nombre="IndicadoresConcepto1" tipo="4" longitud="4"/> <!-- binario -->				<campo nombre="COD_Concepto2" tipo="4" longitud="2" posicion="922"/>				<campo nombre="TipoConcepto2" tipo="10" longitud="1" posicion="926"/>				<campo nombre="Importe2" tipo="5" longitud="7"/>				<campo nombre="IndicadoresConcepto2" tipo="4" longitud="4"/>				<campo nombre="COD_Concepto3" tipo="4" longitud="2" posicion="938"/>				<campo nombre="TipoConcepto3" tipo="10" longitud="1" posicion="942"/>				<campo nombre="Importe3" tipo="5" longitud="7"/>				<campo nombre="IndicadoresConcepto3" tipo="4" longitud="4"/>				<campo nombre="COD_Concepto4" tipo="4" longitud="2" posicion="954"/>				<campo nombre="TipoConcepto4" tipo="10" longitud="1" posicion="958"/>				<campo nombre="Importe4" tipo="5" longitud="7"/>				<campo nombre="IndicadoresConcepto4" tipo="4" longitud="4"/>				<campo nombre="COD_Concepto5" tipo="4" longitud="2" posicion="970"/>				<campo nombre="TipoConcepto5" tipo="10" longitud="1" posicion="974"/>				<campo nombre="Importe5" tipo="5" longitud="7"/>				<campo nombre="IndicadoresConcepto5" tipo="4" longitud="4"/>				<campo nombre="COD_Concepto6" tipo="4" longitud="2" posicion="986"/>				<campo nombre="TipoConcepto6" tipo="10" longitud="1" posicion="990"/>				<campo nombre="Importe6" tipo="5" longitud="7"/>				<campo nombre="IndicadoresConcepto6" tipo="4" longitud="4"/>				<campo nombre="COD_Concepto7" tipo="4" longitud="2" posicion="1002"/>				<campo nombre="TipoConcepto7" tipo="10" longitud="1" posicion="1006"/>				<campo nombre="Importe7" tipo="5" longitud="7"/>				<campo nombre="IndicadoresConcepto7" tipo="4" longitud="4"/>				<campo nombre="COD_Concepto8" tipo="4" longitud="2" posicion="1018"/>				<campo nombre="TipoConcepto8" tipo="10" longitud="1" posicion="1022"/>				<campo nombre="Importe8" tipo="5" longitud="7"/>				<campo nombre="IndicadoresConcepto8" tipo="4" longitud="4"/>				<campo nombre="COD_Concepto9" tipo="4" longitud="2" posicion="1034"/>				<campo nombre="TipoConcepto9" tipo="10" longitud="1" posicion="1038"/>				<campo nombre="Importe9" tipo="5" longitud="7"/>				<campo nombre="IndicadoresConcepto9" tipo="4" longitud="4"/>				<campo nombre="COD_Concepto10" tipo="4" longitud="2" posicion="1050"/>				<campo nombre="TipoConcepto10" tipo="10" longitud="1" posicion="1054"/>				<campo nombre="Importe10" tipo="5" longitud="7"/>				<campo nombre="IndicadoresConcepto10" tipo="4" longitud="4"/>				<campo nombre="COD_Concepto11" tipo="4" longitud="2" posicion="1066"/>				<campo nombre="TipoConcepto11" tipo="10" longitud="1" posicion="1070"/>				<campo nombre="Importe11" tipo="5" longitud="7"/>				<campo nombre="IndicadoresConcepto11" tipo="4" longitud="4"/>				<campo nombre="COD_Concepto12" tipo="4" longitud="2" posicion="1082"/>				<campo nombre="TipoConcepto12" tipo="10" longitud="1" posicion="1086"/>				<campo nombre="Importe12" tipo="5" longitud="7"/>				<campo nombre="IndicadoresConcepto12" tipo="4" longitud="4"/>				<campo nombre="COD_Concepto13" tipo="4" longitud="2" posicion="1098"/>				<campo nombre="TipoConcepto13" tipo="10" longitud="1" posicion="1102"/>				<campo nombre="Importe13" tipo="5" longitud="7"/>				<campo nombre="IndicadoresConcepto13" tipo="4" longitud="4"/>				<campo nombre="COD_Concepto14" tipo="4" longitud="2" posicion="1114"/>				<campo nombre="TipoConcepto14" tipo="10" longitud="1" posicion="1118"/>				<campo nombre="Importe14" tipo="5" longitud="7"/>				<campo nombre="IndicadoresConcepto14" tipo="4" longitud="4"/>				<campo nombre="COD_Concepto15" tipo="4" longitud="2" posicion="1130"/>				<campo nombre="TipoConcepto15" tipo="10" longitud="1" posicion="1134"/>				<campo nombre="Importe15" tipo="5" longitud="7"/>				<campo nombre="IndicadoresConcepto15" tipo="4" longitud="4"/>				<campo nombre="COD_Concepto16" tipo="4" longitud="2" posicion="1146"/>				<campo nombre="TipoConcepto16" tipo="10" longitud="1" posicion="1150"/>				<campo nombre="Importe16" tipo="5" longitud="7"/>				<campo nombre="IndicadoresConcepto16" tipo="4" longitud="4"/>				<campo nombre="COD_Concepto17" tipo="4" longitud="2" posicion="1162"/>				<campo nombre="TipoConcepto17" tipo="10" longitud="1" posicion="1166"/>				<campo nombre="Importe17" tipo="5" longitud="7"/>				<campo nombre="IndicadoresConcepto17" tipo="4" longitud="4"/>				<campo nombre="COD_Concepto18" tipo="4" longitud="2" posicion="1178"/>				<campo nombre="TipoConcepto18" tipo="10" longitud="1" posicion="1182"/>				<campo nombre="Importe18" tipo="5" longitud="7"/>				<campo nombre="IndicadoresConcepto18" tipo="4" longitud="4"/>				<campo nombre="COD_Concepto19" tipo="4" longitud="2" posicion="1194"/>				<campo nombre="TipoConcepto19" tipo="10" longitud="1" posicion="1198"/>				<campo nombre="Importe19" tipo="5" longitud="7"/>				<campo nombre="IndicadoresConcepto19" tipo="4" longitud="4"/>				<campo nombre="COD_Concepto20" tipo="4" longitud="2" posicion="1210"/>				<campo nombre="TipoConcepto20" tipo="10" longitud="1" posicion="1214"/>				<campo nombre="Importe20" tipo="5" longitud="7"/>				<campo nombre="IndicadoresConcepto20" tipo="4" longitud="4"/>				<campo nombre="COD_Concepto21" tipo="4" longitud="2" posicion="1226"/>				<campo nombre="TipoConcepto21" tipo="10" longitud="1" posicion="1230"/>				<campo nombre="Importe21" tipo="5" longitud="7"/>				<campo nombre="IndicadoresConcepto21" tipo="4" longitud="4"/>				<campo nombre="COD_Concepto22" tipo="4" longitud="2" posicion="1242"/>				<campo nombre="TipoConcepto22" tipo="10" longitud="1" posicion="1246"/>				<campo nombre="Importe22" tipo="5" longitud="7"/>				<campo nombre="IndicadoresConcepto22" tipo="4" longitud="4"/>				<campo nombre="COD_Concepto23" tipo="4" longitud="2" posicion="1258"/>				<campo nombre="TipoConcepto23" tipo="10" longitud="1" posicion="1262"/>				<campo nombre="Importe23" tipo="5" longitud="7"/>				<campo nombre="IndicadoresConcepto23" tipo="4" longitud="4"/>				<campo nombre="COD_Concepto24" tipo="4" longitud="2" posicion="1274"/>				<campo nombre="TipoConcepto24" tipo="10" longitud="1" posicion="1278"/>				<campo nombre="Importe24" tipo="5" longitud="7"/>				<campo nombre="IndicadoresConcepto24" tipo="4" longitud="4"/>				<campo nombre="COD_Concepto25" tipo="4" longitud="2" posicion="1290"/>				<campo nombre="TipoConcepto25" tipo="10" longitud="1" posicion="1294"/>				<campo nombre="Importe25" tipo="5" longitud="7"/>				<campo nombre="IndicadoresConcepto25" tipo="4" longitud="4"/>				<campo nombre="COD_Concepto26" tipo="4" longitud="2" posicion="1306"/>				<campo nombre="TipoConcepto26" tipo="10" longitud="1" posicion="1310"/>				<campo nombre="Importe26" tipo="5" longitud="7"/>				<campo nombre="IndicadoresConcepto26" tipo="4" longitud="4"/>				<campo nombre="COD_Concepto27" tipo="4" longitud="2" posicion="1322"/>				<campo nombre="TipoConcepto27" tipo="10" longitud="1" posicion="1326"/>				<campo nombre="Importe27" tipo="5" longitud="7"/>				<campo nombre="IndicadoresConcepto27" tipo="4" longitud="4"/>				<campo nombre="COD_Concepto28" tipo="4" longitud="2" posicion="1338"/>				<campo nombre="TipoConcepto28" tipo="10" longitud="1" posicion="1342"/>				<campo nombre="Importe28" tipo="5" longitud="7"/>				<campo nombre="IndicadoresConcepto28" tipo="4" longitud="4"/>				<campo nombre="COD_Concepto29" tipo="4" longitud="2" posicion="1354"/>				<campo nombre="TipoConcepto29" tipo="10" longitud="1" posicion="1358"/>				<campo nombre="Importe29" tipo="5" longitud="7"/>				<campo nombre="IndicadoresConcepto29" tipo="4" longitud="4"/>				<campo nombre="COD_Concepto30" tipo="4" longitud="2" posicion="1370"/>				<campo nombre="TipoConcepto30" tipo="10" longitud="1" posicion="1374"/>				<campo nombre="Importe30" tipo="5" longitud="7"/>				<campo nombre="IndicadoresConcepto30" tipo="4" longitud="4"/>				<campo nombre="PagasExtraTrabajadorImporte1" tipo="5" longitud="6" posicion="1386"/>				<campo nombre="TipoImporte1" tipo="10" longitud="1"/>				<campo nombre="IND_AfectaAtrasosConvenio1" tipo="10" longitud="1"/><!-- Si = A -->				<campo nombre="IND_ImportarConvenio1" tipo="10" longitud="1"/> <!-- Si = C -->				<campo nombre="IND_ProrrateoTiempoParcial1" tipo="10" longitud="1"/>				<campo nombre="IND_Reserva1" tipo="10" longitud="1"/> <!-- Invertido (SN) -->				<campo nombre="PagasExtraTrabajadorImporte2" tipo="5" longitud="6"/>				<campo nombre="TipoImporte2" tipo="10" longitud="1"/>				<campo nombre="IND_AfectaAtrasosConvenio2" tipo="10" longitud="1"/>				<campo nombre="IND_ImportarConvenio2" tipo="10" longitud="1"/>				<campo nombre="IND_ProrrateoTiempoParcial2" tipo="10" longitud="1"/>				<campo nombre="IND_Reserva2" tipo="10" longitud="1"/>				<campo nombre="PagasExtraTrabajadorImporte3" tipo="5" longitud="6"/>				<campo nombre="TipoImporte3" tipo="10" longitud="1"/>				<campo nombre="IND_AfectaAtrasosConvenio3" tipo="10" longitud="1"/>				<campo nombre="IND_ImportarConvenio3" tipo="10" longitud="1"/>				<campo nombre="IND_ProrrateoTiempoParcial3" tipo="10" longitud="1"/>				<campo nombre="IND_Reserva3" tipo="10" longitud="1"/>				<campo nombre="PagasExtraTrabajadorImporte4" tipo="5" longitud="6"/>				<campo nombre="TipoImporte4" tipo="10" longitud="1"/>				<campo nombre="IND_AfectaAtrasosConvenio4" tipo="10" longitud="1"/>				<campo nombre="IND_ImportarConvenio4" tipo="10" longitud="1"/>				<campo nombre="IND_ProrrateoTiempoParcial4" tipo="10" longitud="1"/>				<campo nombre="IND_Reserva4" tipo="10" longitud="1"/>				<campo nombre="PagasExtraTrabajadorImporte5" tipo="5" longitud="6"/>				<campo nombre="TipoImporte5" tipo="10" longitud="1"/>				<campo nombre="IND_AfectaAtrasosConvenio5" tipo="10" longitud="1"/>				<campo nombre="IND_ImportarConvenio5" tipo="10" longitud="1"/>				<campo nombre="IND_ProrrateoTiempoParcial5" tipo="10" longitud="1"/>				<campo nombre="IND_Reserva5" tipo="10" longitud="1"/>				<campo nombre="PagasExtraTrabajadorImporte6" tipo="5" longitud="6"/>				<campo nombre="TipoImporte6" tipo="10" longitud="1"/>				<campo nombre="IND_AfectaAtrasosConvenio6" tipo="10" longitud="1"/>				<campo nombre="IND_ImportarConvenio6" tipo="10" longitud="1"/>				<campo nombre="IND_ProrrateoTiempoParcial6" tipo="10" longitud="1"/>				<campo nombre="IND_Reserva6" tipo="10" longitud="1"/>				<campo nombre="PagasExtraTrabajadorImporte7" tipo="5" longitud="6"/>				<campo nombre="TipoImporte7" tipo="10" longitud="1"/>				<campo nombre="IND_AfectaAtrasosConvenio7" tipo="10" longitud="1"/>				<campo nombre="IND_ImportarConvenio7" tipo="10" longitud="1"/>				<campo nombre="IND_ProrrateoTiempoParcial7" tipo="10" longitud="1"/>				<campo nombre="IND_Reserva7" tipo="10" longitud="1"/>				<campo nombre="PagasExtraTrabajadorImporte8" tipo="5" longitud="6"/>				<campo nombre="TipoImporte8" tipo="10" longitud="1"/>				<campo nombre="IND_AfectaAtrasosConvenio8" tipo="10" longitud="1"/>				<campo nombre="IND_ImportarConvenio8" tipo="10" longitud="1"/>				<campo nombre="IND_ProrrateoTiempoParcial8" tipo="10" longitud="1"/>				<campo nombre="IND_Reserva8" tipo="10" longitud="1"/>				<campo nombre="PagasExtraTrabajadorImporte9" tipo="5" longitud="6"/>				<campo nombre="TipoImporte9" tipo="10" longitud="1"/>				<campo nombre="IND_AfectaAtrasosConvenio9" tipo="10" longitud="1"/>				<campo nombre="IND_ImportarConvenio9" tipo="10" longitud="1"/>				<campo nombre="IND_ProrrateoTiempoParcial9" tipo="10" longitud="1"/>				<campo nombre="IND_Reserva9" tipo="10" longitud="1"/>				<campo nombre="PagasExtraTrabajadorImporte10" tipo="5" longitud="6"/>				<campo nombre="TipoImporte10" tipo="10" longitud="1"/>				<campo nombre="IND_AfectaAtrasosConvenio10" tipo="10" longitud="1"/>				<campo nombre="IND_ImportarConvenio10" tipo="10" longitud="1"/>				<campo nombre="IND_ProrrateoTiempoParcial10" tipo="10" longitud="1"/>				<campo nombre="IND_Reserva10" tipo="10" longitud="1"/>				<campo nombre="PagasExtraTrabajadorImporte11" tipo="5" longitud="6"/>				<campo nombre="TipoImporte11" tipo="10" longitud="1"/>				<campo nombre="IND_AfectaAtrasosConvenio11" tipo="10" longitud="1"/>				<campo nombre="IND_ImportarConvenio11" tipo="10" longitud="1"/>				<campo nombre="IND_ProrrateoTiempoParcial11" tipo="10" longitud="1"/>				<campo nombre="IND_Reserva11" tipo="10" longitud="1"/>				<campo nombre="PagasExtraTrabajadorImporte12" tipo="5" longitud="6"/>				<campo nombre="TipoImporte12" tipo="10" longitud="1"/>				<campo nombre="IND_AfectaAtrasosConvenio12" tipo="10" longitud="1"/>				<campo nombre="IND_ImportarConvenio12" tipo="10" longitud="1"/>				<campo nombre="IND_ProrrateoTiempoParcial12" tipo="10" longitud="1"/>				<campo nombre="IND_Reserva12" tipo="10" longitud="1"/>				<campo nombre="DatoAmpliacion01" tipo="10" longitud="15" posicion="1710"/>				<campo nombre="DatoAmpliacion02" tipo="10" longitud="15"/>				<campo nombre="DatoAmpliacion03" tipo="10" longitud="15"/>				<campo nombre="DatoAmpliacion04" tipo="10" longitud="15"/>				<campo nombre="DatoAmpliacion05" tipo="10" longitud="15"/>				<campo nombre="DatoAmpliacion06" tipo="10" longitud="15"/>				<campo nombre="DatoAmpliacion07" tipo="10" longitud="15"/>				<campo nombre="DatoAmpliacion08" tipo="10" longitud="15"/>				<campo nombre="DatoAmpliacion09" tipo="10" longitud="15"/>				<campo nombre="DatoAmpliacion10" tipo="10" longitud="15"/>				<campo nombre="DatoAmpliacion11" tipo="10" longitud="15"/>				<campo nombre="DatoAmpliacion12" tipo="10" longitud="15"/>				<campo nombre="DatoAmpliacion13" tipo="10" longitud="15"/>				<campo nombre="DatoAmpliacion14" tipo="10" longitud="15"/>				<campo nombre="DatoAmpliacion15" tipo="10" longitud="15"/>				<campo nombre="DatoAmpliacion16" tipo="10" longitud="15"/>				<campo nombre="DatoAmpliacion17" tipo="10" longitud="15"/>				<campo nombre="DatoAmpliacion18" tipo="10" longitud="15"/>				<campo nombre="DatoAmpliacion19" tipo="10" longitud="15"/>				<campo nombre="DatoAmpliacion20" tipo="10" longitud="15"/>				<campo nombre="F_CertificadoIngresos1" tipo="4" longitud="2" posicion="2010"/>				<campo nombre="F_ComunicacionDatosAlPagador" tipo="4" longitud="2"/>				<!--campo nombre="COD_Serie" tipo="10" longitud="6"/>				<campo nombre="IND_AgrupacionHojaSalario" tipo="10" longitud="10"/-->				<campo nombre="COD_Municipio" tipo="4" longitud="3" posicion ="2014"/>				<campo nombre="COD_Pais" tipo="4" longitud="2"/>				<campo nombre="TipoDNI" tipo="4" longitud="1"/> <!--1=DNI 2=Pasaporte 3=tarjeta residencia 4=permiso residencia 5=nie 6=nie representante menor/-->				<campo nombre="DuracionInicialContratoDias" tipo="4" longitud="1" posicion="2047"/>				<campo nombre="DuracionInicialProrrogaDias" tipo="4" longitud="1" posicion="2048"/>				<campo nombre="DuracionAcumuladaProrrogaDias" tipo="4" longitud="1" posicion="2049"/>				<campo nombre="MotivoBaja" tipo="10" longitud="28" posicion="2091"/>				<campo nombre="IND_Moneda" tipo="10" longitud="1"/>				<!--TrabajadoresControlAltaBaja-->				<campo nombre="F_ContratoListado" tipo="8" longitud="4" posicion="2153"/>				<!--getInvDate()-->				<campo nombre="F_ComDatos_al_Pagador" tipo="8" longitud="4"/>				<!--getInvDate()-->				<campo nombre="F_AfiliacionSistemaRed" tipo="8" longitud="4"/>				<!--getInvDate()-->				<campo nombre="F_ConvenioImportado" tipo="8" longitud="4"/>				<!--getInvDate()-->				<campo nombre="F_CartaCese" tipo="8" longitud="4" posicion="2193"/>				<!--getInvDate()-->				<campo nombre="F_Prefiniquito" tipo="8" longitud="4"/>				<!--getInvDate()-->				<campo nombre="F_Finiquito" tipo="8" longitud="4"/>				<!--getInvDate()-->				<campo nombre="F_CertificadoEmpresa" tipo="8" longitud="4"/>				<!--getInvDate()-->				<campo nombre="F_BajaSegSocial" tipo="8" longitud="4"/>				<!--getInvDate()-->				<campo nombre="COD_MotivoBajaAbreviado" tipo="4" longitud="2" posicion="2233"/>				<campo nombre="NUM_HorasTP" tipo="5" longitud="3" posicion="2236"/>				<campo nombre="IND_HorasTP" tipo="10" longitud="1"/> <!--1=vacio 2=dias 3=semanas 4=meses 5=anyos-->				<campo nombre="IND_JornadaComparable" tipo="10" longitud="1"/>				<campo nombre="NUM_HorasJornadaMax" tipo="5" longitud="3"/>				<campo nombre="T_CambioAñosCategoria" tipo="4" longitud="1"/>				<campo nombre="AñosCambioCategoria" tipo="4" longitud="1"/>				<campo nombre="Cod_NuevaCategoria" tipo="4" longitud="2"/>				<campo nombre="PaisNacionalidad" tipo="4" longitud="2"/>				<campo nombre="ClaveContrato" tipo="4" longitud="6"/>				<!-- Long-->				<campo nombre="Coeficiente_TP" tipo="4" longitud="2"/>				<campo nombre="Horas_Pactadas" tipo="4" longitud="2"/>				<campo nombre="Horas_JornadaMaximaTC" tipo="4" longitud="2"/>				<campo nombre="Vigencia_AutorizacionTrabajo" tipo="4" longitud="5"/>				<campo nombre="PagaExtraConceptodeCobro1" tipo="4" longitud="2"/>				<campo nombre="PagaExtraConceptodeCobro2" tipo="4" longitud="2"/>				<campo nombre="PagaExtraConceptodeCobro3" tipo="4" longitud="2"/>				<campo nombre="PagaExtraConceptodeCobro4" tipo="4" longitud="2"/>				<campo nombre="PagaExtraConceptodeCobro5" tipo="4" longitud="2"/>				<campo nombre="PagaExtraConceptodeCobro6" tipo="4" longitud="2"/>				<campo nombre="PagaExtraConceptodeCobro7" tipo="4" longitud="2"/>				<campo nombre="PagaExtraConceptodeCobro8" tipo="4" longitud="2"/>				<campo nombre="PagaExtraConceptodeCobro9" tipo="4" longitud="2"/>				<campo nombre="PagaExtraConceptodeCobro10" tipo="4" longitud="2"/>				<campo nombre="PagaExtraConceptodeCobro11" tipo="4" longitud="2"/>				<campo nombre="PagaExtraConceptodeCobro12" tipo="4" longitud="2"/>				<campo nombre="COD_Situacion_Legal_Desempleo" tipo="4" longitud="1"/>				<campo nombre="cotizAgrariosDL2012" tipo="10" longitud="1" posicion="2330"/>				<campo nombre="PorcentajeBonificacion" tipo="5" longitud="3" posicion="2347"/>				<campo nombre="IND_DuracionEfectivaMenor7Dias" tipo="10" longitud="1" posicion="2416"/>				<campo nombre="IND_DesvioPagaExtraBanco2" tipo="10" longitud="1" posicion="2426"/>				<campo nombre="IND_AutomContratoListado" tipo="10" longitud="1"/>				<campo nombre="IND_AutomComDatos_al_Pagador" tipo="10" longitud="1"/>				<campo nombre="IND_AutomAfiliacionSistemaRed" tipo="10" longitud="1"/>				<campo nombre="IND_AutomConvenioImportado" tipo="10" longitud="1"/>				<campo nombre="IND_CartaCese" tipo="10" longitud="1" posicion="2437"/>				<campo nombre="IND_AutomPrefiniquito" tipo="10" longitud="1"/>				<campo nombre="IND_AutomFiniquito" tipo="10" longitud="1"/>				<campo nombre="IND_AutomCertificadoEmpresa" tipo="10" longitud="1"/>				<campo nombre="IND_AutomBajaSegSocial" tipo="10" longitud="1"/>				<campo nombre="AmpliacionNombreCategoria" tipo="10" longitud="30" posicion="2447"/>								<campo nombre="PeriodoPrueba" tipo="10" longitud="10" posicion="2507"/>				<campo nombre="DistribucionTiempoTrabajo" tipo="10" longitud="30"/>				<campo nombre="IND_HorasComplementarias" tipo="10" longitud="1"/>				<campo nombre="IND_AutoHorasSemana" tipo="10" longitud="1"/>				<campo nombre="HorasSemanaTC" tipo="10" longitud="20"/>				<campo nombre="IND_AutoInicioJornada" tipo="10" longitud="1"/>				<campo nombre="DiaSemanaInicioJornada" tipo="10" longitud="1"/>				<campo nombre="IND_AutoFinJornada" tipo="10" longitud="1"/>				<campo nombre="DiaSemanaFinJornada" tipo="10" longitud="1"/>				<campo nombre="IND_VinculoFamiliarAgrario" tipo="10" longitud="1"/>				<campo nombre="COD_Ocupacion" tipo="10" longitud="4"/>				<!-- buscar la referencia del siguiente campo -->				<campo nombre="NOSESABE" tipo="10" longitud="4"/>				<campo nombre="AmpliacionEstudiosTerminados" tipo="10" longitud="40"/>				<campo nombre="MujerReincorporada" tipo="10" longitud="1"/>				<campo nombre="COD_AutorizacionTrabajo" tipo="10" longitud="3"/>				<campo nombre="GuardaLegal" tipo="10" longitud="1"/>				<campo nombre="IND_Inclusion_Censo_Agrario" tipo="10" longitud="1"/>				<campo nombre="ProrrateoMensualPagaExtra1" tipo="10" longitud="1"/>				<campo nombre="ProrrateoMensualPagaExtra2" tipo="10" longitud="1"/>				<campo nombre="ProrrateoMensualPagaExtra3" tipo="10" longitud="1"/>				<campo nombre="ProrrateoMensualPagaExtra4" tipo="10" longitud="1"/>				<campo nombre="ProrrateoMensualPagaExtra5" tipo="10" longitud="1"/>				<campo nombre="ProrrateoMensualPagaExtra6" tipo="10" longitud="1"/>				<campo nombre="ProrrateoMensualPagaExtra7" tipo="10" longitud="1"/>				<campo nombre="ProrrateoMensualPagaExtra8" tipo="10" longitud="1"/>				<campo nombre="ProrrateoMensualPagaExtra9" tipo="10" longitud="1"/>				<campo nombre="ProrrateoMensualPagaExtra10" tipo="10" longitud="1"/>				<campo nombre="ProrrateoMensualPagaExtra11" tipo="10" longitud="1"/>				<campo nombre="ProrrateoMensualPagaExtra12" tipo="10" longitud="1"/>								<campo nombre="CodigoOcupacion" tipo="10" longitud="1" posicion ="2649"/>			</campos>		</tabla>		<!-- Los datos de IRPF familiares se encuentan en el archivo NTIXXXXX.dat-->		<tabla nombre="TrabajadorIRPF">			<campos>			    <campo nombre="RegistroValido" tipo="4" longitud="1" posicion="0"/>	<!-- Hay registros repetidos, parece ser que el bueno es el que tiene el valor 40(@) en esta posicion (64 en int)-->				<campo nombre="TipoRegistro" tipo="4" longitud="1" posicion="4"/>	<!-- Hay registros repetidos, parece ser que el bueno es el que tiene el valor 63 en esta posicion (99 en int)-->				<campo nombre="COD_Trabajador" tipo="10" longitud="6" posicion="5"/>				<campo nombre="Ejercicio" tipo="4" longitud="2" posicion="11"/>				<!-- se obtiene a la inversa getIntInv -->				<campo nombre="GradoMinusvalia" tipo="4" longitud="2"/>				<campo nombre="conAyudaMinusvalia" tipo="10" longitud="1"/>				<campo nombre="SituacionFamiliar" tipo="4" longitud="1"/>				<campo nombre="NIFconyuge" tipo="10" longitud="9"/>				<campo nombre="MovilidadGeografica" tipo="10" longitud="1"/>				<campo nombre="F_NacimientoAscendiente1" tipo="8" longitud="4"/>				<campo nombre="N_desc_convi_Ascendiente1" tipo="4" longitud="1"/>				<campo nombre="GradoMinusvaliaAscendiente1" tipo="4" longitud="2"/>				<campo nombre="conAyudaMinusvaliaAscendiente1" tipo="10" longitud="1"/>				<campo nombre="F_NacimientoAscendiente2" tipo="8" longitud="4"/>				<campo nombre="N_desc_convi_Ascendiente2" tipo="4" longitud="1"/>				<campo nombre="GradoMinusvaliaAscendiente2" tipo="4" longitud="2"/>				<campo nombre="conAyudaMinusvaliaAscendiente2" tipo="10" longitud="1"/>				<campo nombre="F_NacimientoAscendiente3" tipo="8" longitud="4"/>				<campo nombre="N_desc_convi_Ascendiente3" tipo="4" longitud="1"/>				<campo nombre="GradoMinusvaliaAscendiente3" tipo="4" longitud="2"/>				<campo nombre="conAyudaMinusvaliaAscendiente3" tipo="10" longitud="1"/>				<campo nombre="F_NacimientoAscendiente4" tipo="8" longitud="4"/>				<campo nombre="N_desc_convi_Ascendiente4" tipo="4" longitud="1"/>				<campo nombre="GradoMinusvaliaAscendiente4" tipo="4" longitud="2"/>				<campo nombre="conAyudaMinusvaliaAscendiente4" tipo="10" longitud="1"/>				<campo nombre="F_NacimientoAscendiente5" tipo="8" longitud="4"/>				<campo nombre="N_desc_convi_Ascendiente5" tipo="4" longitud="1"/>				<campo nombre="GradoMinusvaliaAscendiente5" tipo="4" longitud="2"/>				<campo nombre="conAyudaMinusvaliaAscendiente5" tipo="10" longitud="1"/>				<campo nombre="F_NacimientoAscendiente6" tipo="8" longitud="4"/>				<campo nombre="N_desc_convi_Ascendiente6" tipo="4" longitud="1"/>				<campo nombre="GradoMinusvaliaAscendiente6" tipo="4" longitud="2"/>				<campo nombre="conAyudaMinusvaliaAscendiente6" tipo="10" longitud="1"/>				<campo nombre="F_NacimientoAscendiente7" tipo="8" longitud="4"/>				<campo nombre="N_desc_convi_Ascendiente7" tipo="4" longitud="1"/>				<campo nombre="GradoMinusvaliaAscendiente7" tipo="4" longitud="2"/>				<campo nombre="conAyudaMinusvaliaAscendiente7" tipo="10" longitud="1"/>				<campo nombre="F_NacimientoAscendiente8" tipo="8" longitud="4"/>				<campo nombre="N_desc_convi_Ascendiente8" tipo="4" longitud="1"/>				<campo nombre="GradoMinusvaliaAscendiente8" tipo="4" longitud="2"/>				<campo nombre="conAyudaMinusvaliaAscendiente8" tipo="10" longitud="1"/>				<campo nombre="F_NacimientoAscendiente9" tipo="8" longitud="4"/>				<campo nombre="N_desc_convi_Ascendiente9" tipo="4" longitud="1"/>				<campo nombre="GradoMinusvaliaAscendiente9" tipo="4" longitud="2"/>				<campo nombre="conAyudaMinusvaliaAscendiente9" tipo="10" longitud="1"/>				<campo nombre="F_NacimientoAscendiente10" tipo="8" longitud="4"/>				<campo nombre="N_desc_convi_Ascendiente10" tipo="4" longitud="1"/>				<campo nombre="GradoMinusvaliaAscendiente10" tipo="4" longitud="2"/>				<campo nombre="conAyudaMinusvaliaAscendiente10" tipo="10" longitud="1"/>				<campo nombre="F_NacimientoDescendiente1" tipo="8" longitud="4"/>				<campo nombre="PorcenReduccionDescendiente1" tipo="4" longitud="2"/>				<campo nombre="GradoMinusvaliaDescendiente1" tipo="4" longitud="2"/>				<campo nombre="conAyudaMinusvaliaDescendiente1" tipo="10" longitud="1"/>				<campo nombre="conAcogimientoDescendiente1" tipo="10" longitud="1"/>				<campo nombre="AnoAcogimientoDescendiente1" tipo="4" longitud="2"/>				<campo nombre="F_NacimientoDescendiente2" tipo="8" longitud="4"/>				<campo nombre="PorcenReduccionDescendiente2" tipo="4" longitud="2"/>				<campo nombre="GradoMinusvaliaDescendiente2" tipo="4" longitud="2"/>				<campo nombre="conAyudaMinusvaliaDescendiente2" tipo="10" longitud="1"/>				<campo nombre="conAcogimientoDescendiente2" tipo="10" longitud="1"/>				<campo nombre="AnoAcogimientoDescendiente2" tipo="4" longitud="2"/>				<campo nombre="F_NacimientoDescendiente3" tipo="8" longitud="4"/>				<campo nombre="PorcenReduccionDescendiente3" tipo="4" longitud="2"/>				<campo nombre="GradoMinusvaliaDescendiente3" tipo="4" longitud="2"/>				<campo nombre="conAyudaMinusvaliaDescendiente3" tipo="10" longitud="1"/>				<campo nombre="conAcogimientoDescendiente3" tipo="10" longitud="1"/>				<campo nombre="AnoAcogimientoDescendiente3" tipo="4" longitud="2"/>				<campo nombre="F_NacimientoDescendiente4" tipo="8" longitud="4"/>				<campo nombre="PorcenReduccionDescendiente4" tipo="4" longitud="2"/>				<campo nombre="GradoMinusvaliaDescendiente4" tipo="4" longitud="2"/>				<campo nombre="conAyudaMinusvaliaDescendiente4" tipo="10" longitud="1"/>				<campo nombre="conAcogimientoDescendiente4" tipo="10" longitud="1"/>				<campo nombre="AnoAcogimientoDescendiente4" tipo="4" longitud="2"/>				<campo nombre="F_NacimientoDescendiente5" tipo="8" longitud="4"/>				<campo nombre="PorcenReduccionDescendiente5" tipo="4" longitud="2"/>				<campo nombre="GradoMinusvaliaDescendiente5" tipo="4" longitud="2"/>				<campo nombre="conAyudaMinusvaliaDescendiente5" tipo="10" longitud="1"/>				<campo nombre="conAcogimientoDescendiente5" tipo="10" longitud="1"/>				<campo nombre="AnoAcogimientoDescendiente5" tipo="4" longitud="2"/>				<campo nombre="F_NacimientoDescendiente6" tipo="8" longitud="4"/>				<campo nombre="PorcenReduccionDescendiente6" tipo="4" longitud="2"/>				<campo nombre="GradoMinusvaliaDescendiente6" tipo="4" longitud="2"/>				<campo nombre="conAyudaMinusvaliaDescendiente6" tipo="10" longitud="1"/>				<campo nombre="conAcogimientoDescendiente6" tipo="10" longitud="1"/>				<campo nombre="AnoAcogimientoDescendiente6" tipo="4" longitud="2"/>				<campo nombre="F_NacimientoDescendiente7" tipo="8" longitud="4"/>				<campo nombre="PorcenReduccionDescendiente7" tipo="4" longitud="2"/>				<campo nombre="GradoMinusvaliaDescendiente7" tipo="4" longitud="2"/>				<campo nombre="conAyudaMinusvaliaDescendiente7" tipo="10" longitud="1"/>				<campo nombre="conAcogimientoDescendiente7" tipo="10" longitud="1"/>				<campo nombre="AnoAcogimientoDescendiente7" tipo="4" longitud="2"/>				<campo nombre="F_NacimientoDescendiente8" tipo="8" longitud="4"/>				<campo nombre="PorcenReduccionDescendiente8" tipo="4" longitud="2"/>				<campo nombre="GradoMinusvaliaDescendiente8" tipo="4" longitud="2"/>				<campo nombre="conAyudaMinusvaliaDescendiente8" tipo="10" longitud="1"/>				<campo nombre="conAcogimientoDescendiente8" tipo="10" longitud="1"/>				<campo nombre="AnoAcogimientoDescendiente8" tipo="4" longitud="2"/>				<campo nombre="F_NacimientoDescendiente9" tipo="8" longitud="4"/>				<campo nombre="PorcenReduccionDescendiente9" tipo="4" longitud="2"/>				<campo nombre="GradoMinusvaliaDescendiente9" tipo="4" longitud="2"/>				<campo nombre="conAyudaMinusvaliaDescendiente9" tipo="10" longitud="1"/>				<campo nombre="conAcogimientoDescendiente9" tipo="10" longitud="1"/>				<campo nombre="AnoAcogimientoDescendiente9" tipo="4" longitud="2"/>				<campo nombre="F_NacimientoDescendiente10" tipo="8" longitud="4"/>				<campo nombre="PorcenReduccionDescendiente10" tipo="4" longitud="2"/>				<campo nombre="GradoMinusvaliaDescendiente10" tipo="4" longitud="2"/>				<campo nombre="conAyudaMinusvaliaDescendiente10" tipo="10" longitud="1"/>				<campo nombre="conAcogimientoDescendiente10" tipo="10" longitud="1"/>				<campo nombre="AnoAcogimientoDescendiente10" tipo="4" longitud="2"/>				<campo nombre="F_NacimientoDescendiente11" tipo="8" longitud="4"/>				<campo nombre="PorcenReduccionDescendiente11" tipo="4" longitud="2"/>				<campo nombre="GradoMinusvaliaDescendiente11" tipo="4" longitud="2"/>				<campo nombre="conAyudaMinusvaliaDescendiente11" tipo="10" longitud="1"/>				<campo nombre="conAcogimientoDescendiente11" tipo="10" longitud="1"/>				<campo nombre="AnoAcogimientoDescendiente11" tipo="4" longitud="2"/>				<campo nombre="F_NacimientoDescendiente12" tipo="8" longitud="4"/>				<campo nombre="PorcenReduccionDescendiente12" tipo="4" longitud="2"/>				<campo nombre="GradoMinusvaliaDescendiente12" tipo="4" longitud="2"/>				<campo nombre="conAyudaMinusvaliaDescendiente12" tipo="10" longitud="1"/>				<campo nombre="conAcogimientoDescendiente12" tipo="10" longitud="1"/>				<campo nombre="AnoAcogimientoDescendiente12" tipo="4" longitud="2"/>				<campo nombre="F_NacimientoDescendiente13" tipo="8" longitud="4"/>				<campo nombre="PorcenReduccionDescendiente13" tipo="4" longitud="2"/>				<campo nombre="GradoMinusvaliaDescendiente13" tipo="4" longitud="2"/>				<campo nombre="conAyudaMinusvaliaDescendiente13" tipo="10" longitud="1"/>				<campo nombre="conAcogimientoDescendiente13" tipo="10" longitud="1"/>				<campo nombre="AnoAcogimientoDescendiente13" tipo="4" longitud="2"/>				<campo nombre="F_NacimientoDescendiente14" tipo="8" longitud="4"/>				<campo nombre="PorcenReduccionDescendiente14" tipo="4" longitud="2"/>				<campo nombre="GradoMinusvaliaDescendiente14" tipo="4" longitud="2"/>				<campo nombre="conAyudaMinusvaliaDescendiente14" tipo="10" longitud="1"/>				<campo nombre="conAcogimientoDescendiente14" tipo="10" longitud="1"/>				<campo nombre="AnoAcogimientoDescendiente14" tipo="4" longitud="2"/>				<campo nombre="F_NacimientoDescendiente15" tipo="8" longitud="4"/>				<campo nombre="PorcenReduccionDescendiente15" tipo="4" longitud="2"/>				<campo nombre="GradoMinusvaliaDescendiente15" tipo="4" longitud="2"/>				<campo nombre="conAyudaMinusvaliaDescendiente15" tipo="10" longitud="1"/>				<campo nombre="conAcogimientoDescendiente15" tipo="10" longitud="1"/>				<campo nombre="AnoAcogimientoDescendiente15" tipo="4" longitud="2"/>				<campo nombre="F_NacimientoDescendiente16" tipo="8" longitud="4"/>				<campo nombre="PorcenReduccionDescendiente16" tipo="4" longitud="2"/>				<campo nombre="GradoMinusvaliaDescendiente16" tipo="4" longitud="2"/>				<campo nombre="conAyudaMinusvaliaDescendiente16" tipo="10" longitud="1"/>				<campo nombre="conAcogimientoDescendiente16" tipo="10" longitud="1"/>				<campo nombre="AnoAcogimientoDescendiente16" tipo="4" longitud="2"/>				<campo nombre="F_NacimientoDescendiente17" tipo="8" longitud="4"/>				<campo nombre="PorcenReduccionDescendiente17" tipo="4" longitud="2"/>				<campo nombre="GradoMinusvaliaDescendiente17" tipo="4" longitud="2"/>				<campo nombre="conAyudaMinusvaliaDescendiente17" tipo="10" longitud="1"/>				<campo nombre="conAcogimientoDescendiente17" tipo="10" longitud="1"/>				<campo nombre="AnoAcogimientoDescendiente17" tipo="4" longitud="2"/>				<campo nombre="F_NacimientoDescendiente18" tipo="8" longitud="4"/>				<campo nombre="PorcenReduccionDescendiente18" tipo="4" longitud="2"/>				<campo nombre="GradoMinusvaliaDescendiente18" tipo="4" longitud="2"/>				<campo nombre="conAyudaMinusvaliaDescendiente18" tipo="10" longitud="1"/>				<campo nombre="conAcogimientoDescendiente18" tipo="10" longitud="1"/>				<campo nombre="AnoAcogimientoDescendiente18" tipo="4" longitud="2"/>				<campo nombre="F_NacimientoDescendiente19" tipo="8" longitud="4"/>				<campo nombre="PorcenReduccionDescendiente19" tipo="4" longitud="2"/>				<campo nombre="GradoMinusvaliaDescendiente19" tipo="4" longitud="2"/>				<campo nombre="conAyudaMinusvaliaDescendiente19" tipo="10" longitud="1"/>				<campo nombre="conAcogimientoDescendiente19" tipo="10" longitud="1"/>				<campo nombre="AnoAcogimientoDescendiente19" tipo="4" longitud="2"/>				<campo nombre="F_NacimientoDescendiente20" tipo="8" longitud="4"/>				<campo nombre="PorcenReduccionDescendiente20" tipo="4" longitud="2"/>				<campo nombre="GradoMinusvaliaDescendiente20" tipo="4" longitud="2"/>				<campo nombre="conAyudaMinusvaliaDescendiente20" tipo="10" longitud="1"/>				<campo nombre="conAcogimientoDescendiente20" tipo="10" longitud="1"/>				<campo nombre="AnoAcogimientoDescendiente20" tipo="4" longitud="2"/>				<!-- datos economicos Tabla trabajadoresIRPF-->				<campo nombre="RetribucionesFijas" tipo="5" longitud="6" posicion="354"/>				<campo nombre="IndicadorAutoretribucionesBrutas" tipo="10" longitud="1"/>				<campo nombre="RetribucionesVariables" tipo="5" longitud="6"/>				<campo nombre="IndicadorAutoretribucionesVariables" tipo="10" longitud="1"/>				<campo nombre="SeguridadSocialAutonomos" tipo="5" longitud="6" posicion="396"/>				<campo nombre="F_MovGeografica" tipo="8" longitud="4" posicion="2831"/>			</campos>		</tabla>		<tabla nombre="ObservacionesTrab">			<campos>				<campo nombre="COD_Trabajador" tipo="10" longitud="6" posicion="4"/>				<campo nombre="Tipo" tipo="4" longitud="1"/>				<campo nombre="ObservacionTra" tipo="10" longitud="4145"/>			</campos>		</tabla>		<tabla nombre="HistoricoContratos">			<campos>				<campo nombre="DNI_Trabajador" tipo="10" longitud="9" posicion="3"/>				<campo nombre="F_InicioContrato" tipo="8" longitud="4" posicion="16"/>				<!-- Inversa-->				<campo nombre="CodigoTrabajador" tipo="10" longitud="6"/>				<campo nombre="CodigoEmpresa" tipo="4" longitud="3"/>				<campo nombre="CodigoCentro" tipo="4" longitud="3"/>				<campo nombre="NombreEmpresa" tipo="10" longitud="40"/>				<campo nombre="NUM_Prórroga" tipo="4" longitud="1"/>				<campo nombre="TipoContrato" tipo="4" longitud="2"/>				<campo nombre="TipoContratoCE" tipo="10" longitud="3"/>				<campo nombre="TipoCotizacion" tipo="4" longitud="2"/>				<campo nombre="F_FinContrato" tipo="8" longitud="4"/>				<campo nombre="DuracionInicialContratoMeses" tipo="4" longitud="2"/>				<campo nombre="DuracionInicialContratoDias" tipo="4" longitud="1"/>				<campo nombre="Documento" tipo="10" longitud="245"/>				<campo nombre="F_Listado" tipo="8" longitud="4"/>				<campo nombre="NUM_Contrato" tipo="10" longitud="9"/>				<campo nombre="F_Registro" tipo="8" longitud="4"/>				<campo nombre="T_Relacion190" tipo="4" longitud="1"/>				<campo nombre="F_Baja" tipo="8" longitud="4"/>				<campo nombre="MotivoBaja" tipo="10" longitud="9"/>				<campo nombre="HorasDiaH" tipo="10" longitud="4"/>				<!--Double en formato string con dos dec., tratar  clase-->				<campo nombre="LiteralCategoria" tipo="10" longitud="10"/>				<campo nombre="NUM_matricula" tipo="10" longitud="5"/>				<campo nombre="F_FinPeriodoPrueba" tipo="8" longitud="4"/>				<campo nombre="TipoBonificacion" tipo="10" longitud="3"/>				<campo nombre="F_InicioBonificacion" tipo="8" longitud="4"/>				<campo nombre="F_FinBonificacion" tipo="8" longitud="4"/>				<campo nombre="T_Subvencion" tipo="10" longitud="1"/>				<campo nombre="F_InicioSubvencion" tipo="8" longitud="4"/>				<campo nombre="F_FinSubvencion" tipo="8" longitud="4"/>				<campo nombre="AcumuladoMes" tipo="4" longitud="1"/>				<campo nombre="AcumuladoDias" tipo="4" longitud="1"/>				<campo nombre="F_InicioContratoAsociado" tipo="8" longitud="4"/>				<campo nombre="COD_MotivoBaja" tipo="4" longitud="2"/>				<campo nombre="COD_Categoria" tipo="4" longitud="2"/>				<campo nombre="T_Subvencion" tipo="10" longitud="1"/>				<campo nombre="IND_Moneda" tipo="10" longitud="1" posicion="396"/>				<campo nombre="NOM_Categoria" tipo="10" longitud="50"/>				<campo nombre="ClaveContrato" tipo="4" longitud="6"/>				<!--Long-->				<campo nombre="NRO_Transformacion" tipo="4" longitud="6"/>				<!--pagas extra trabajador-->															</campos>		</tabla>			<tabla nombre="PuestosTrabajo"><!--Archivo NomPstTr.Dat-->				<campos>				<campo nombre="CodigoEmpresa" tipo="10" longitud="5" posicion="2"/>				<campo nombre="CodigoPuestoTrabajo" tipo="10" longitud="8"/>				<campo nombre="DescripcionPuestoTrabajo" tipo="10" longitud="30"/>					</campos>		</tabla>	</tablas></mdb>