<!--

     Licensed to the Apache Software Foundation (ASF) under one
     or more contributor license agreements.  See the NOTICE file
     distributed with this work for additional information
     regarding copyright ownership.  The ASF licenses this file
     to you under the Apache License, Version 2.0 (the
     "License"); you may not use this file except in compliance
     with the License.  You may obtain a copy of the License at

       http://www.apache.org/licenses/LICENSE-2.0

     Unless required by applicable law or agreed to in writing,
     software distributed under the License is distributed on an
     "AS IS" BASIS, WITHOUT WARRANTIES OR CONDITIONS OF ANY
     KIND, either express or implied.  See the License for the
     specific language governing permissions and limitations
     under the License.

-->
<ivysettings>
  <settings defaultResolver="downloadGrapes"/>
  <resolvers>
    <chain name="downloadGrapes" returnFirst="true">
      <filesystem name="cachedGrapes">
        <ivy pattern="${user.home}/.groovy/grapes/[organisation]/[module]/ivy-[revision].xml"/>
        <artifact pattern="${user.home}/.groovy/grapes/[organisation]/[module]/[type]s/[artifact]-[revision](-[classifier]).[ext]"/>
      </filesystem>
      <ibiblio name="localm2" root="file:${user.home}/.m2/repository/" checkmodified="true" changingPattern=".*" changingMatcher="regexp" m2compatible="true"/>
      <!-- todo add 'endorsed groovy extensions' resolver here -->
      <ibiblio name="jcenter" root="https://jcenter.bintray.com/" m2compatible="true"/>
      <ibiblio name="ibiblio" m2compatible="true"/>
      <ibiblio name="java.net2" root="http://download.java.net/maven/2/" m2compatible="true"/>
    </chain>
  </resolvers>
</ivysettings>
