<!--

     Licensed to the Apache Software Foundation (ASF) under one
     or more contributor license agreements.  See the NOTICE file
     distributed with this work for additional information
     regarding copyright ownership.  The ASF licenses this file
     to you under the Apache License, Version 2.0 (the
     "License"); you may not use this file except in compliance
     with the License.  You may obtain a copy of the License at

       http://www.apache.org/licenses/LICENSE-2.0

     Unless required by applicable law or agreed to in writing,
     software distributed under the License is distributed on an
     "AS IS" BASIS, WITHOUT WARRANTIES OR CONDITIONS OF ANY
     KIND, either express or implied.  See the License for the
     specific language governing permissions and limitations
     under the License.

-->
<class name="${classDoc.name()}">
  <containingPackage name="${classDoc.containingPackage().name()}">${classDoc.containingPackage().nameWithDots()}</containingPackage>
  <extends>${classDoc.superclass()?.name()}</extends>
  <interfaces><% for (interfaceDoc in classDoc.interfaces()) { %>
    <interface>${interfaceDoc.name()}</interface>
<% } %>
  </interfaces>
  <comment>${classDoc.commentText()}</comment>
  <constructors><% for (constructor in classDoc.constructors()) { %>
    <constructor modifiers="${constructor.isPublic()?'public ':''}" name="${constructor.name()}">
      <parameters><% for (parameter in constructor.parameters()) { %>
        <parameter type="${parameter.isTypeAvailable()?parameter.type().qualifiedTypeName():parameter.typeName()}" name="${parameter.name()}" /><% } %>
      </parameters>
      <comment>${constructor.commentText()}</comment>
    </constructor>
<% } %>
  </constructors>

  <methods><% for (method in classDoc.methods()) { %>
    <method modifiers="${method.isPublic()?'public ':''}${method.isStatic()?'static ':''}" returns="${method.returnType().qualifiedTypeName()}" name="${method.name()}">
      <parameters><% for (parameter in method.parameters()) { %>
        <parameter type="${parameter.isTypeAvailable()?parameter.type().qualifiedTypeName():parameter.typeName()}" name="${parameter.name()}" /><% } %>
      </parameters>
      <comment>${method.commentText()}</comment>
    </method>
<% } %>
  </methods>
</class>
