<?xml version="1.0" encoding="UTF-8"?>
<mdb archivo="EMPRESA2.dat">
	<tablas>
		<tabla nombre="empresa">
			<campos>
				<campo nombre="SSEmpresa" tipo="10" longitud="11" posicion="0"/>  <!--tipo 1= es convenio tipo = 2 categoria  importes -->
				<campo nombre="NombreEmpresa" tipo="10" longitud="30"/>
				<campo nombre="Via" tipo="10" longitud="30"/>
				<campo nombre="Poblacion" tipo="10" longitud="20"/>
				<campo nombre="Provincia" tipo="10" longitud="15"/>
				<campo nombre="CodigoPostal" tipo="10" longitud="5"/>
				<campo nombre="Mutua" tipo="10" longitud="20"/>
				<campo nombre="CodigoMutua" tipo="10" longitud="3"/>
				<campo nombre="Actividad" tipo="10" longitud="18"/>
				<campo nombre="porcentajeIVA" tipo="10" longitud="2"/>
				<campo nombre="ClaveActividad" tipo="10" longitud="3"/>
				<campo nombre="CIFEmpresa" tipo="10" longitud="9" posicion="157"/>  <!--tipo 1= es convenio tipo = 2 categoria  importes -->
				<campo nombre="PorcenIRPF" tipo="10" longitud="2"/>
				<campo nombre="TipoIRPF" tipo="10" longitud="1"/>
				<campo nombre="LiquidoConcepto1" tipo="10" longitud="1"/>
				<campo nombre="LiquidoConcepto2" tipo="10" longitud="1"/>
				<campo nombre="LiquidoConcepto3" tipo="10" longitud="1"/>
				<campo nombre="LiquidoConcepto4" tipo="10" longitud="1"/>
				<campo nombre="LiquidoConcepto5" tipo="10" longitud="1"/>
				<campo nombre="LiquidoConcepto6" tipo="10" longitud="1"/>
				<campo nombre="LiquidoConcepto7" tipo="10" longitud="1"/>
				<campo nombre="LiquidoConcepto8" tipo="10" longitud="1"/>
				<campo nombre="LiquidoConcepto9" tipo="10" longitud="1"/>
				<campo nombre="LiquidoConcepto10" tipo="10" longitud="1"/>
				<campo nombre="LiquidoConcepto11" tipo="10" longitud="1"/>
				<campo nombre="LiquidoConcepto12" tipo="10" longitud="1"/>
				<campo nombre="LiquidoConcepto13" tipo="10" longitud="1"/>
				<campo nombre="LiquidoConcepto14" tipo="10" longitud="1"/>
				<campo nombre="LiquidoConcepto15" tipo="10" longitud="1"/>
				<campo nombre="LiquidoConcepto16" tipo="10" longitud="1"/>
				<campo nombre="LiquidoConcepto17" tipo="10" longitud="1"/>
				<campo nombre="LiquidoConcepto18" tipo="10" longitud="1"/>
				<campo nombre="LiquidoConcepto19" tipo="10" longitud="1"/>
				<campo nombre="LiquidoConcepto20" tipo="10" longitud="1"/>
				<campo nombre="LiquidoConcepto21" tipo="10" longitud="1"/>
				<campo nombre="LiquidoConcepto22" tipo="10" longitud="1"/>
				<campo nombre="LiquidoConcepto23" tipo="10" longitud="1"/>
				<campo nombre="LiquidoConcepto24" tipo="10" longitud="1"/>
				<campo nombre="LiquidoConcepto25" tipo="10" longitud="1"/>
				<campo nombre="LiquidoConcepto26" tipo="10" longitud="1"/>
				<campo nombre="LiquidoConcepto27" tipo="10" longitud="1"/>
				<campo nombre="LiquidoConcepto28" tipo="10" longitud="1"/>
				
				<campo nombre="NombreDescuento" tipo="10" longitud="20" posicion="197"/>
				<campo nombre="anoAntiguedad9" tipo="10" longitud="2"/>
				<campo nombre="anoAntiguedad10" tipo="10" longitud="2"/>
				<campo nombre="anoAntiguedad11" tipo="10" longitud="2"/>
				<campo nombre="valorAntiguedad9" tipo="10" longitud="8"/>
				<campo nombre="valorAntiguedad10" tipo="10" longitud="8"/>
				<campo nombre="valorAntiguedad11" tipo="10" longitud="8"/>
				<campo nombre="tipoAntiguedad9" tipo="10" longitud="1"/>
				<campo nombre="tipoAntiguedad10" tipo="10" longitud="1"/>
				<campo nombre="tipoAntiguedad11" tipo="10" longitud="1"/>

				<campo nombre="conceptoEnPaga1" tipo="10" longitud="1" posicion="259"/>
				<campo nombre="conceptoEnPaga2" tipo="10" longitud="1"/>
				<campo nombre="conceptoEnPaga3" tipo="10" longitud="1"/>
				<campo nombre="conceptoEnPaga4" tipo="10" longitud="1"/>
				<campo nombre="conceptoEnPaga5" tipo="10" longitud="1"/>
				<campo nombre="conceptoEnPaga6" tipo="10" longitud="1"/>
				<campo nombre="conceptoEnPaga7" tipo="10" longitud="1"/>
				<campo nombre="conceptoEnPaga8" tipo="10" longitud="1"/>
				<campo nombre="conceptoEnPaga9" tipo="10" longitud="1"/>
				<campo nombre="conceptoEnPaga10" tipo="10" longitud="1"/>
				<campo nombre="conceptoEnPaga11" tipo="10" longitud="1"/>
				<campo nombre="conceptoEnPaga12" tipo="10" longitud="1"/>
				<campo nombre="conceptoEnPaga13" tipo="10" longitud="1"/>
				<campo nombre="conceptoEnPaga14" tipo="10" longitud="1"/>
				<campo nombre="conceptoEnPaga15" tipo="10" longitud="1"/>
				<campo nombre="conceptoEnPaga16" tipo="10" longitud="1"/>
				<campo nombre="conceptoEnPaga17" tipo="10" longitud="1"/>
				<campo nombre="conceptoEnPaga18" tipo="10" longitud="1"/>
				<campo nombre="conceptoEnPaga19" tipo="10" longitud="1"/>
				<campo nombre="conceptoEnPaga20" tipo="10" longitud="1"/>
				<campo nombre="conceptoEnPaga21" tipo="10" longitud="1"/>
				<campo nombre="conceptoEnPaga22" tipo="10" longitud="1"/>
				<campo nombre="conceptoEnPaga23" tipo="10" longitud="1"/>
				<campo nombre="conceptoEnPaga24" tipo="10" longitud="1"/>
				<campo nombre="AnadirAntPagaExtra" tipo="10" longitud="1" posicion="299"/>
				<campo nombre="PagasExtraEnNomina" tipo="10" longitud="1" posicion="300"/>
				<campo nombre="ConvenioEmp" tipo="10" longitud="3" posicion="301"/>  <!--tipo 1= es convenio tipo = 2 categoria  importes -->
				<campo nombre="enfermedadDia1" tipo="10" longitud="3"/>
				<campo nombre="enfermedadDia2" tipo="10" longitud="3" />
				<campo nombre="enfermedadDia3" tipo="10" longitud="3" />
				<campo nombre="accidenteDia1" tipo="10" longitud="3" />
				<campo nombre="accidenteDia2" tipo="10" longitud="3" />
				<campo nombre="accidenteDia3" tipo="10" longitud="3" />
				<campo nombre="enfermedadDia4" tipo="10" longitud="3" />
				<campo nombre="enfermedadDia5" tipo="10" longitud="3" />
				<campo nombre="enfermedadDia6" tipo="10" longitud="3" />
				<campo nombre="accidenteDia4" tipo="10" longitud="3" />
				<campo nombre="accidenteDia5" tipo="10" longitud="3" />
				<campo nombre="accidenteDia6" tipo="10" longitud="3" />
				<campo nombre="conceptoEnPaga25" tipo="10" longitud="1"/>
				<campo nombre="conceptoEnPaga26" tipo="10" longitud="1"/>
				<campo nombre="conceptoEnPaga27" tipo="10" longitud="1"/>
				<campo nombre="conceptoEnPaga28" tipo="10" longitud="1"/>
				<campo nombre="mesPagaExtra1" tipo="10" longitud="2"/>
				<campo nombre="mesPagaExtra2" tipo="10" longitud="2"/> 
				<campo nombre="mesPagaExtra3" tipo="10" longitud="2"/> 
				<campo nombre="mesPagaExtra4" tipo="10" longitud="2"/> 
				<campo nombre="nombrePagaExtra1" tipo="10" longitud="12"/>
				<campo nombre="nombrePagaExtra2" tipo="10" longitud="12"/>
				<campo nombre="nombrePagaExtra3" tipo="10" longitud="12"/>
				<campo nombre="nombrePagaExtra4" tipo="10" longitud="12"/>
				<campo nombre="conceptoEnVacaciones1" tipo="10" longitud="1"/>
				<campo nombre="conceptoEnVacaciones2" tipo="10" longitud="1"/>
				<campo nombre="conceptoEnVacaciones3" tipo="10" longitud="1"/>
				<campo nombre="conceptoEnVacaciones4" tipo="10" longitud="1"/>
				<campo nombre="conceptoEnVacaciones5" tipo="10" longitud="1"/>
				<campo nombre="conceptoEnVacaciones6" tipo="10" longitud="1"/>
				<campo nombre="conceptoEnVacaciones7" tipo="10" longitud="1"/>
				<campo nombre="conceptoEnVacaciones8" tipo="10" longitud="1"/>
				<campo nombre="conceptoEnVacaciones9" tipo="10" longitud="1"/>
				<campo nombre="conceptoEnVacaciones10" tipo="10" longitud="1"/>
				<campo nombre="conceptoEnVacaciones11" tipo="10" longitud="1"/>
				<campo nombre="conceptoEnVacaciones12" tipo="10" longitud="1"/>
				<campo nombre="conceptoEnVacaciones13" tipo="10" longitud="1"/>
				<campo nombre="conceptoEnVacaciones14" tipo="10" longitud="1"/>
				<campo nombre="conceptoEnVacaciones15" tipo="10" longitud="1"/>
				<campo nombre="conceptoEnVacaciones16" tipo="10" longitud="1"/>
				<campo nombre="conceptoEnVacaciones17" tipo="10" longitud="1"/>
				<campo nombre="conceptoEnVacaciones18" tipo="10" longitud="1"/>
				<campo nombre="conceptoEnVacaciones19" tipo="10" longitud="1"/>
				<campo nombre="conceptoEnVacaciones20" tipo="10" longitud="1"/>
				<campo nombre="conceptoEnVacaciones21" tipo="10" longitud="1"/>
				<campo nombre="conceptoEnVacaciones22" tipo="10" longitud="1"/>
				<campo nombre="conceptoEnVacaciones23" tipo="10" longitud="1"/>
				<campo nombre="conceptoEnVacaciones24" tipo="10" longitud="1"/>
				<campo nombre="conceptoEnVacaciones25" tipo="10" longitud="1"/>
				<campo nombre="conceptoEnVacaciones26" tipo="10" longitud="1"/>
				<campo nombre="conceptoEnVacaciones27" tipo="10" longitud="1"/>
				<campo nombre="conceptoEnVacaciones28" tipo="10" longitud="1"/>
				<campo nombre="DescripcionBanco1" tipo="10" longitud="32" posicion ="452"/>
				<campo nombre="SistemaRedCargoCuenta" tipo="10" longitud="1" posicion ="484"/>
				<campo nombre="IBANBanco1" tipo="10" longitud="20" posicion ="486"/>
				
				
				<campo nombre="TC2RED" tipo="10" longitud="1" posicion="507"/> 
				<campo nombre="ModeloNomina" tipo="10" longitud="2"/> 
				<campo nombre="FraccionPagaExtra" tipo="10" longitud="2" posicion="510"/> <!--tipo 07=SEMANAL 15=QUINCENAL 30=MES -->
				<campo nombre="CodigoPostal" tipo="10" longitud="5" posicion="552"/>
				<campo nombre="Telefono" tipo="10" longitud="12"/>
				<campo nombre="DelegacionHacienda" tipo="10" longitud="15"/>
				<campo nombre="AdminHacienda" tipo="10" longitud="15"/>
				
				<campo nombre="diaFechaOrPaga1" tipo="10" longitud="2" posicion="601"/>
				<campo nombre="diaFechaOrPaga2" tipo="10" longitud="2"/>
				<campo nombre="diaFechaOrPaga3" tipo="10" longitud="2"/>
				<campo nombre="diaFechaOrPaga4" tipo="10" longitud="2"/>
				<campo nombre="mesFechaOrPaga1" tipo="10" longitud="2"/>
				<campo nombre="mesFechaOrPaga2" tipo="10" longitud="2"/>
				<campo nombre="mesFechaOrPaga3" tipo="10" longitud="2"/>
				<campo nombre="mesFechaOrPaga4" tipo="10" longitud="2"/>
				<campo nombre="actualFechaOrPaga1" tipo="10" longitud="1"/>
				<campo nombre="actualFechaOrPaga2" tipo="10" longitud="1"/>
				<campo nombre="actualFechaOrPaga3" tipo="10" longitud="1"/>
				<campo nombre="actualFechaOrPaga4" tipo="10" longitud="1"/>
				<campo nombre="diaFechaFiPaga1" tipo="10" longitud="2"/>
				<campo nombre="diaFechaFiPaga2" tipo="10" longitud="2"/>
				<campo nombre="diaFechaFiPaga3" tipo="10" longitud="2"/>
				<campo nombre="diaFechaFiPaga4" tipo="10" longitud="2"/>
				<campo nombre="mesFechaFiPaga1" tipo="10" longitud="2"/>
				<campo nombre="mesFechaFiPaga2" tipo="10" longitud="2"/>
				<campo nombre="mesFechaFiPaga3" tipo="10" longitud="2"/>
				<campo nombre="mesFechaFiPaga4" tipo="10" longitud="2"/>
				<campo nombre="actualFechaFiPaga1" tipo="10" longitud="1"/>
				<campo nombre="actualFechaFiPaga2" tipo="10" longitud="1"/>
				<campo nombre="actualFechaFiPaga3" tipo="10" longitud="1"/>
				<campo nombre="actualFechaFiPaga4" tipo="10" longitud="1"/>
				<campo nombre="anoAntiguedad1" tipo="10" longitud="2"/>
				<campo nombre="anoAntiguedad2" tipo="10" longitud="2"/>
				<campo nombre="anoAntiguedad3" tipo="10" longitud="2"/>
				<campo nombre="anoAntiguedad4" tipo="10" longitud="2"/>
				<campo nombre="anoAntiguedad5" tipo="10" longitud="2"/>
				<campo nombre="valorAntiguedad1" tipo="10" longitud="8"/>
				<campo nombre="valorAntiguedad2" tipo="10" longitud="8"/>
				<campo nombre="valorAntiguedad3" tipo="10" longitud="8"/>
				<campo nombre="valorAntiguedad4" tipo="10" longitud="8"/>
				<campo nombre="valorAntiguedad5" tipo="10" longitud="8"/>
				<campo nombre="tipoAntiguedad1" tipo="10" longitud="1"/>
				<campo nombre="tipoAntiguedad2" tipo="10" longitud="1"/>
				<campo nombre="tipoAntiguedad3" tipo="10" longitud="1"/>
				<campo nombre="tipoAntiguedad4" tipo="10" longitud="1"/>
				<campo nombre="tipoAntiguedad5" tipo="10" longitud="1"/>
				<campo nombre="porcenEnfermedad1" tipo="10" longitud="3"/>
				<campo nombre="porcenEnfermedad2" tipo="10" longitud="3"/>
				<campo nombre="porcenEnfermedad3" tipo="10" longitud="3"/>
				<campo nombre="porcenAccidente1" tipo="10" longitud="3"/>
				<campo nombre="porcenAccidente2" tipo="10" longitud="3"/>
				<campo nombre="porcenAccidente3" tipo="10" longitud="3"/>
				<campo nombre="FicheroFirma" tipo="10" longitud="12"/>
				<campo nombre="conceptoEnEnfermedad1" tipo="10" longitud="1" posicion="726"/>
				<campo nombre="conceptoEnEnfermedad2" tipo="10" longitud="1"/>
				<campo nombre="conceptoEnEnfermedad3" tipo="10" longitud="1"/>
				<campo nombre="conceptoEnEnfermedad4" tipo="10" longitud="1"/>
				<campo nombre="conceptoEnEnfermedad5" tipo="10" longitud="1"/>
				<campo nombre="conceptoEnEnfermedad6" tipo="10" longitud="1"/>
				<campo nombre="conceptoEnEnfermedad7" tipo="10" longitud="1"/>
				<campo nombre="conceptoEnEnfermedad8" tipo="10" longitud="1"/>
				<campo nombre="conceptoEnEnfermedad9" tipo="10" longitud="1"/>
				<campo nombre="conceptoEnEnfermedad10" tipo="10" longitud="1"/>
				<campo nombre="conceptoEnEnfermedad11" tipo="10" longitud="1"/>
				<campo nombre="conceptoEnEnfermedad12" tipo="10" longitud="1"/>
				<campo nombre="conceptoEnEnfermedad13" tipo="10" longitud="1"/>
				<campo nombre="conceptoEnEnfermedad14" tipo="10" longitud="1"/>
				<campo nombre="conceptoEnEnfermedad15" tipo="10" longitud="1"/>
				<campo nombre="conceptoEnEnfermedad16" tipo="10" longitud="1"/>
				<campo nombre="conceptoEnEnfermedad17" tipo="10" longitud="1"/>
				<campo nombre="conceptoEnEnfermedad18" tipo="10" longitud="1"/>
				<campo nombre="conceptoEnEnfermedad19" tipo="10" longitud="1"/>
				<campo nombre="conceptoEnEnfermedad20" tipo="10" longitud="1"/>
				<campo nombre="conceptoEnEnfermedad21" tipo="10" longitud="1"/>
				<campo nombre="conceptoEnEnfermedad22" tipo="10" longitud="1"/>
				<campo nombre="conceptoEnEnfermedad23" tipo="10" longitud="1"/>
				<campo nombre="conceptoEnEnfermedad24" tipo="10" longitud="1"/>
				<campo nombre="conceptoEnEnfermedad25" tipo="10" longitud="1"/>
				<campo nombre="conceptoEnEnfermedad26" tipo="10" longitud="1"/>
				<campo nombre="conceptoEnEnfermedad27" tipo="10" longitud="1"/>
				<campo nombre="conceptoEnEnfermedad28" tipo="10" longitud="1"/>
				<campo nombre="conceptoEnAccidente1" tipo="10" longitud="1" posicion="754"/>
				<campo nombre="conceptoEnAccidente2" tipo="10" longitud="1"/>
				<campo nombre="conceptoEnAccidente3" tipo="10" longitud="1"/>
				<campo nombre="conceptoEnAccidente4" tipo="10" longitud="1"/>
				<campo nombre="conceptoEnAccidente5" tipo="10" longitud="1"/>
				<campo nombre="conceptoEnAccidente6" tipo="10" longitud="1"/>
				<campo nombre="conceptoEnAccidente7" tipo="10" longitud="1"/>
				<campo nombre="conceptoEnAccidente8" tipo="10" longitud="1"/>
				<campo nombre="conceptoEnAccidente9" tipo="10" longitud="1"/>
				<campo nombre="conceptoEnAccidente10" tipo="10" longitud="1"/>
				<campo nombre="conceptoEnAccidente11" tipo="10" longitud="1"/>
				<campo nombre="conceptoEnAccidente12" tipo="10" longitud="1"/>
				<campo nombre="conceptoEnAccidente13" tipo="10" longitud="1"/>
				<campo nombre="conceptoEnAccidente14" tipo="10" longitud="1"/>
				<campo nombre="conceptoEnAccidente15" tipo="10" longitud="1"/>
				<campo nombre="conceptoEnAccidente16" tipo="10" longitud="1"/>
				<campo nombre="conceptoEnAccidente17" tipo="10" longitud="1"/>
				<campo nombre="conceptoEnAccidente18" tipo="10" longitud="1"/>
				<campo nombre="conceptoEnAccidente19" tipo="10" longitud="1"/>
				<campo nombre="conceptoEnAccidente20" tipo="10" longitud="1"/>
				<campo nombre="conceptoEnAccidente21" tipo="10" longitud="1"/>
				<campo nombre="conceptoEnAccidente22" tipo="10" longitud="1"/>
				<campo nombre="conceptoEnAccidente23" tipo="10" longitud="1"/>
				<campo nombre="conceptoEnAccidente24" tipo="10" longitud="1"/>
				<campo nombre="conceptoEnAccidente25" tipo="10" longitud="1"/>
				<campo nombre="conceptoEnAccidente26" tipo="10" longitud="1"/>
				<campo nombre="conceptoEnAccidente27" tipo="10" longitud="1"/>
				<campo nombre="conceptoEnAccidente28" tipo="10" longitud="1"/>
				<campo nombre="NombreConvenio" tipo="10" longitud="30" posicion ="782"/>
				<campo nombre="NombreRepresentanteLab" tipo="10" longitud="30"/>
				<campo nombre="NIFRepresentanteLab" tipo="10" longitud="12"/>
				<campo nombre="FechaNacimientoRepresentanteLab" tipo="10" longitud="10" posicion ="854"/>
				<campo nombre="CargoRepresentanteLab" tipo="10" longitud="20" posicion ="866"/>
				<campo nombre="Epigrafe" tipo="10" longitud="6" posicion ="886"/>
				<campo nombre="NombreRepresentanteFiscal" tipo="10" longitud="26"/>
				<campo nombre="JornadaMaximaAnual" tipo="10" longitud="4"/>
				<campo nombre="CargoRepresentanteFiscal" tipo="10" longitud="13"/>				
				<campo nombre="ConvenioOficial" tipo="10" longitud="7" posicion="935"/>
				<campo nombre="Numero" tipo="10" longitud="5"/>
				<campo nombre="Siglas" tipo="10" longitud="2"/>
				<campo nombre="anoAntiguedad6" tipo="10" longitud="1" posicion="949"/>
				<campo nombre="anoAntiguedad7" tipo="10" longitud="1"/>
				<campo nombre="anoAntiguedad8" tipo="10" longitud="1"/>
				<campo nombre="valorAntiguedad6" tipo="10" longitud="8"/>
				<campo nombre="valorAntiguedad7" tipo="10" longitud="8"/>
				<campo nombre="valorAntiguedad8" tipo="10" longitud="8"/>
				<campo nombre="tipoAntiguedad6" tipo="10" longitud="1"/>
				<campo nombre="tipoAntiguedad7" tipo="10" longitud="1"/>
				<campo nombre="tipoAntiguedad8" tipo="10" longitud="1"/>
				<campo nombre="conceptoEnfermedad1" tipo="10" longitud="1"/>
				<campo nombre="conceptoEnfermedad2" tipo="10" longitud="1"/>
				<campo nombre="conceptoEnfermedad3" tipo="10" longitud="1"/>
				<campo nombre="conceptoAccidente1" tipo="10" longitud="1"/>
				<campo nombre="conceptoAccidente2" tipo="10" longitud="1"/>
				<campo nombre="conceptoAccidente3" tipo="10" longitud="1"/>
				<campo nombre="CNAE" tipo="10" longitud="6" posicion="1007"/>
				<campo nombre="TipoLiquidacion" tipo="10" longitud="3" posicion="1014"/>
				<campo nombre="RegimenBomberos" tipo="10" longitud="1" posicion="1017"/>
				<campo nombre="DescuentosAcumuladosIT" tipo="10" longitud="1" posicion="1019"/>
				<campo nombre="DescuentosAcumuladosERE" tipo="10" longitud="1" posicion="1021"/>
				
				<campo nombre="euroDiaPagaExtra1" tipo="10" longitud="9" posicion = "1024"/>
				<campo nombre="euroDiaPagaExtra2" tipo="10" longitud="9"/>
				<campo nombre="euroDiaPagaExtra3" tipo="10" longitud="9"/>
				<campo nombre="euroDiaPagaExtra4" tipo="10" longitud="9"/>		
				<campo nombre="MinutaEnEuros" tipo="10" longitud="9"/>	.
				<campo nombre="IT" tipo="10" longitud="5"/>	
				<campo nombre="IMS" tipo="10" longitud="5"/>	
				<campo nombre="ReperEspecieTrabajador" tipo="10" longitud="1" posicion="1083"/>
				<campo nombre="SistemaRedPagoElectronico" tipo="10" longitud="1" posicion="1084"/>
				<campo nombre="RegimenArtistas" tipo="10" longitud="1" posicion="1088"/>
				<campo nombre="BonificacionFormContinua" tipo="10" longitud="9" posicion="1089"/>
				<campo nombre="mesPagaExtra5" tipo="10" longitud="2" posicion="1101"/>
				<campo nombre="mesPagaExtra6" tipo="10" longitud="2"/> 
				<campo nombre="euroDiaPagaExtra5" tipo="10" longitud="9"/>
				<campo nombre="euroDiaPagaExtra6" tipo="10" longitud="9"/>
				<campo nombre="nombrePagaExtra5" tipo="10" longitud="12"/>
				<campo nombre="nombrePagaExtra6" tipo="10" longitud="12"/>
				<campo nombre="diaFechaOrPaga5" tipo="10" longitud="2"/>
				<campo nombre="diaFechaOrPaga6" tipo="10" longitud="2"/>
				<campo nombre="mesFechaOrPaga5" tipo="10" longitud="2"/>
				<campo nombre="mesFechaOrPaga6" tipo="10" longitud="2"/>
				<campo nombre="actualFechaOrPaga5" tipo="10" longitud="1"/>
				<campo nombre="actualFechaOrPaga6" tipo="10" longitud="1"/>
				<campo nombre="diaFechaFiPaga5" tipo="10" longitud="2"/>
				<campo nombre="diaFechaFiPaga6" tipo="10" longitud="2"/>
				<campo nombre="mesFechaFiPaga5" tipo="10" longitud="2"/>
				<campo nombre="mesFechaFiPaga6" tipo="10" longitud="2"/>
				<campo nombre="actualFechaFiPaga5" tipo="10" longitud="1"/>
				<campo nombre="actualFechaFiPaga6" tipo="10" longitud="1"/>
				<campo nombre="conceptoEmpresa15" tipo="10" longitud="20" posicion="1167"/>
				<campo nombre="conceptoEmpresa16" tipo="10" longitud="20"/>
				<campo nombre="conceptoEmpresa17" tipo="10" longitud="20"/>
				<campo nombre="conceptoEmpresa18" tipo="10" longitud="20"/>
				<campo nombre="conceptoEmpresa19" tipo="10" longitud="20"/>
				<campo nombre="conceptoEmpresa20" tipo="10" longitud="20"/>
				<campo nombre="conceptoEmpresa21" tipo="10" longitud="20"/>
				<campo nombre="conceptoEmpresa22" tipo="10" longitud="20"/>
				<campo nombre="conceptoEmpresa23" tipo="10" longitud="20"/>
				<campo nombre="conceptoEmpresa24" tipo="10" longitud="20"/>
				<campo nombre="conceptoEmpresa25" tipo="10" longitud="20"/>
				<campo nombre="conceptoEmpresa26" tipo="10" longitud="20"/>
				<campo nombre="conceptoEmpresa27" tipo="10" longitud="20"/>
				<campo nombre="conceptoEmpresa28" tipo="10" longitud="20"/>
				<campo nombre="conceptoLiqBrutSS" tipo="10" longitud="20" posicion="1447"/>
				<campo nombre="conceptoLiqBrutNoSS" tipo="10" longitud="20"/>
				<campo nombre="porcenEnfermedad4" tipo="10" longitud="3"/>
				<campo nombre="porcenEnfermedad5" tipo="10" longitud="3"/>
				<campo nombre="porcenEnfermedad6" tipo="10" longitud="3"/>
				<campo nombre="porcenAccidente4" tipo="10" longitud="3"/>
				<campo nombre="porcenAccidente5" tipo="10" longitud="3"/>
				<campo nombre="porcenAccidente6" tipo="10" longitud="3"/>
				<campo nombre="HorasTrabajoSemana" tipo="10" longitud="5" posicion ="1513"/>
				<campo nombre="conceptoEnfermedad4" tipo="10" longitud="1"/>
				<campo nombre="conceptoEnfermedad5" tipo="10" longitud="1"/>
				<campo nombre="conceptoEnfermedad6" tipo="10" longitud="1"/>
				<campo nombre="conceptoAccidente4" tipo="10" longitud="1"/>
				<campo nombre="conceptoAccidente5" tipo="10" longitud="1"/>
				<campo nombre="conceptoAccidente6" tipo="10" longitud="1"/>				
				<campo nombre="ComplementoEnfermedadHosp" tipo="10" longitud="1" posicion="1530"/>
				<campo nombre="RegimenComercio" tipo="10" longitud="1" posicion="1533"/>
		  	</campos>
		</tabla>
		<tabla nombre="auxiliar">
		  <campos>
  		    <campo nombre="Tipo" tipo="10" longitud="1" posicion="0"/>  <!--tipo T= pestaña bancos y notas -->
		    <campo nombre="SSEmpresa" tipo="10" longitud="9"/><!-- OJO!!! son las 9 primeras posiciones del numero SS -->
		    <campo nombre="conceptoEmpresa1" tipo="10" longitud="20"/>
		    <campo nombre="conceptoEmpresa2" tipo="10" longitud="20"/>
		    <campo nombre="conceptoEmpresa3" tipo="10" longitud="20"/>
		    <campo nombre="conceptoEmpresa4" tipo="10" longitud="20"/>
		    <campo nombre="conceptoEmpresa5" tipo="10" longitud="20"/>
		    <campo nombre="conceptoEmpresa6" tipo="10" longitud="20"/>
		    <campo nombre="conceptoEmpresa7" tipo="10" longitud="20"/>
		    <campo nombre="conceptoEmpresa8" tipo="10" longitud="20"/>
		    <campo nombre="conceptoEmpresa9" tipo="10" longitud="20"/>
		    <campo nombre="conceptoEmpresa10" tipo="10" longitud="20"/>
		    <campo nombre="conceptoEmpresa11" tipo="10" longitud="20"/>
		    <campo nombre="conceptoEmpresa12" tipo="10" longitud="20"/>
		    <campo nombre="Espacio de 10 que no se sabe" tipo="10" longitud="10"/>
		    <campo nombre="conceptoEmpresa13" tipo="10" longitud="20"/>
		    <campo nombre="conceptoEmpresa14" tipo="10" longitud="20"/>
		    <campo nombre="CRAEconceptoEmpresa1" tipo="10" longitud="4" posicion="300"/>
		    <campo nombre="CRAEconceptoEmpresa2" tipo="10" longitud="4"/>
		    <campo nombre="CRAEconceptoEmpresa3" tipo="10" longitud="4"/>
		    <campo nombre="CRAEconceptoEmpresa4" tipo="10" longitud="4"/>
		    <campo nombre="CRAEconceptoEmpresa5" tipo="10" longitud="4"/>
		    <campo nombre="CRAEconceptoEmpresa6" tipo="10" longitud="4"/>
		    <campo nombre="CRAEconceptoEmpresa7" tipo="10" longitud="4"/>
		    <campo nombre="CRAEconceptoEmpresa8" tipo="10" longitud="4"/>
		    <campo nombre="CRAEconceptoEmpresa9" tipo="10" longitud="4"/>
		    <campo nombre="CRAEconceptoEmpresa10" tipo="10" longitud="4"/>
		    <campo nombre="CRAEconceptoEmpresa11" tipo="10" longitud="4"/>
		    <campo nombre="CRAEconceptoEmpresa12" tipo="10" longitud="4"/>
		    <campo nombre="CRAEconceptoEmpresa13" tipo="10" longitud="4"/>
		    <campo nombre="CRAEconceptoEmpresa14" tipo="10" longitud="4"/>
		    <campo nombre="CRAEconceptoEmpresa15" tipo="10" longitud="4"/>
		    <campo nombre="CRAEconceptoEmpresa16" tipo="10" longitud="4"/>
		    <campo nombre="CRAEconceptoEmpresa17" tipo="10" longitud="4"/>
		    <campo nombre="CRAEconceptoEmpresa18" tipo="10" longitud="4"/>
		    <campo nombre="CRAEconceptoEmpresa19" tipo="10" longitud="4"/>
		    <campo nombre="CRAEconceptoEmpresa20" tipo="10" longitud="4"/>
		    <campo nombre="CRAEconceptoEmpresa21" tipo="10" longitud="4"/>
		    <campo nombre="CRAEconceptoEmpresa22" tipo="10" longitud="4"/>
		    <campo nombre="CRAEconceptoEmpresa23" tipo="10" longitud="4"/>
		    <campo nombre="CRAEconceptoEmpresa24" tipo="10" longitud="4"/>
		    <campo nombre="CRAEconceptoEmpresa25" tipo="10" longitud="4"/>
		    <campo nombre="CRAEconceptoEmpresa26" tipo="10" longitud="4"/>
		    <campo nombre="CRAEconceptoEmpresa27" tipo="10" longitud="4"/>
		    <campo nombre="CRAEconceptoEmpresa28" tipo="10" longitud="4"/>
		    <campo nombre="InCRAEconceptoEmpresa1" tipo="10"  longitud="2" posicion="412"/>
		    <campo nombre="InCRAEconceptoEmpresa2" tipo="10"  longitud="2"/>
		    <campo nombre="InCRAEconceptoEmpresa3" tipo="10"  longitud="2"/>
		    <campo nombre="InCRAEconceptoEmpresa4" tipo="10"  longitud="2"/>
		    <campo nombre="InCRAEconceptoEmpresa5" tipo="10"  longitud="2"/>
		    <campo nombre="InCRAEconceptoEmpresa6" tipo="10"  longitud="2"/>
		    <campo nombre="InCRAEconceptoEmpresa7" tipo="10"  longitud="2"/>
		    <campo nombre="InCRAEconceptoEmpresa8" tipo="10"  longitud="2"/>
		    <campo nombre="InCRAEconceptoEmpresa9" tipo="10"  longitud="2"/>
		    <campo nombre="InCRAEconceptoEmpresa10" tipo="10" longitud="2"/>
		    <campo nombre="InCRAEconceptoEmpresa11" tipo="10" longitud="2"/>
		    <campo nombre="InCRAEconceptoEmpresa12" tipo="10" longitud="2"/>
		    <campo nombre="InCRAEconceptoEmpresa13" tipo="10" longitud="2"/>
		    <campo nombre="InCRAEconceptoEmpresa14" tipo="10" longitud="2"/>
		    <campo nombre="InCRAEconceptoEmpresa15" tipo="10" longitud="2"/>
		    <campo nombre="InCRAEconceptoEmpresa16" tipo="10" longitud="2"/>
		    <campo nombre="InCRAEconceptoEmpresa17" tipo="10" longitud="2"/>
		    <campo nombre="InCRAEconceptoEmpresa18" tipo="10" longitud="2"/>
		    <campo nombre="InCRAEconceptoEmpresa19" tipo="10" longitud="2"/>
		    <campo nombre="InCRAEconceptoEmpresa20" tipo="10" longitud="2"/>
		    <campo nombre="InCRAEconceptoEmpresa21" tipo="10" longitud="2"/>
		    <campo nombre="InCRAEconceptoEmpresa22" tipo="10" longitud="2"/>
		    <campo nombre="InCRAEconceptoEmpresa23" tipo="10" longitud="2"/>
		    <campo nombre="InCRAEconceptoEmpresa24" tipo="10" longitud="2"/>
		    <campo nombre="InCRAEconceptoEmpresa25" tipo="10" longitud="2"/>
		    <campo nombre="InCRAEconceptoEmpresa26" tipo="10" longitud="2"/>
		    <campo nombre="InCRAEconceptoEmpresa27" tipo="10" longitud="2"/>
		    <campo nombre="InCRAEconceptoEmpresa28" tipo="10" longitud="2"/>
		    <campo nombre="ExCRAEconceptoEmpresa1" tipo="10"  longitud="2" posicion="468"/>
		    <campo nombre="ExCRAEconceptoEmpresa2" tipo="10"  longitud="2"/>
		    <campo nombre="ExCRAEconceptoEmpresa3" tipo="10"  longitud="2"/>
		    <campo nombre="ExCRAEconceptoEmpresa4" tipo="10"  longitud="2"/>
		    <campo nombre="ExCRAEconceptoEmpresa5" tipo="10"  longitud="2"/>
		    <campo nombre="ExCRAEconceptoEmpresa6" tipo="10"  longitud="2"/>
		    <campo nombre="ExCRAEconceptoEmpresa7" tipo="10"  longitud="2"/>
		    <campo nombre="ExCRAEconceptoEmpresa8" tipo="10"  longitud="2"/>
		    <campo nombre="ExCRAEconceptoEmpresa9" tipo="10"  longitud="2"/>
		    <campo nombre="ExCRAEconceptoEmpresa10" tipo="10" longitud="2"/>
		    <campo nombre="ExCRAEconceptoEmpresa11" tipo="10" longitud="2"/>
		    <campo nombre="ExCRAEconceptoEmpresa12" tipo="10" longitud="2"/>
		    <campo nombre="ExCRAEconceptoEmpresa13" tipo="10" longitud="2"/>
		    <campo nombre="ExCRAEconceptoEmpresa14" tipo="10" longitud="2"/>
		    <campo nombre="ExCRAEconceptoEmpresa15" tipo="10" longitud="2"/>
		    <campo nombre="ExCRAEconceptoEmpresa16" tipo="10" longitud="2"/>
		    <campo nombre="ExCRAEconceptoEmpresa17" tipo="10" longitud="2"/>
		    <campo nombre="ExCRAEconceptoEmpresa18" tipo="10" longitud="2"/>
		    <campo nombre="ExCRAEconceptoEmpresa19" tipo="10" longitud="2"/>
		    <campo nombre="ExCRAEconceptoEmpresa20" tipo="10" longitud="2"/>
		    <campo nombre="ExCRAEconceptoEmpresa21" tipo="10" longitud="2"/>
		    <campo nombre="ExCRAEconceptoEmpresa22" tipo="10" longitud="2"/>
		    <campo nombre="ExCRAEconceptoEmpresa23" tipo="10" longitud="2"/>
		    <campo nombre="ExCRAEconceptoEmpresa24" tipo="10" longitud="2"/>
		    <campo nombre="ExCRAEconceptoEmpresa25" tipo="10" longitud="2"/>
		    <campo nombre="ExCRAEconceptoEmpresa26" tipo="10" longitud="2"/>
		    <campo nombre="ExCRAEconceptoEmpresa27" tipo="10" longitud="2"/>
		    <campo nombre="ExCRAEconceptoEmpresa28" tipo="10" longitud="2"/>
		    
		    <campo nombre="Pais" tipo="10" longitud="2" posicion="648"/>		    
		    <campo nombre="PreCodigoIban1" tipo="10" longitud="4"/>
		    <campo nombre="PreCodigoIban2" tipo="10" longitud="4"/>		    
		    <campo nombre="PreCodigoIban3" tipo="10" longitud="4"/>		    
		    <campo nombre="PreCodigoIban4" tipo="10" longitud="4"/>		    
		    <campo nombre="PreCodigoIban5" tipo="10" longitud="4"/>		    
		    <campo nombre="PreCodigoIban6" tipo="10" longitud="4"/>		    
		    
		    <campo nombre="ClaveBanco1" tipo="10" longitud="2" posicion="748"/>
		    <campo nombre="ClaveBanco2" tipo="10" longitud="2"/>
		    <campo nombre="ClaveBanco3" tipo="10" longitud="2"/>
		    <campo nombre="ClaveBanco4" tipo="10" longitud="2"/>
		    <campo nombre="ClaveBanco5" tipo="10" longitud="2"/>
		    <campo nombre="ClaveBanco6" tipo="10" longitud="2"/>
			<campo nombre="DescripcionBanco2" tipo="10" longitud="32"/>
			<campo nombre="DescripcionBanco3" tipo="10" longitud="32"/>
			<campo nombre="DescripcionBanco4" tipo="10" longitud="32"/>
			<campo nombre="DescripcionBanco5" tipo="10" longitud="32"/>
			<campo nombre="DescripcionBanco6" tipo="10" longitud="32"/>
			<campo nombre="IBANBanco2" tipo="10" longitud="20"/>
			<campo nombre="IBANBanco3" tipo="10" longitud="20"/>
			<campo nombre="IBANBanco4" tipo="10" longitud="20"/>
			<campo nombre="IBANBanco5" tipo="10" longitud="20"/>
			<campo nombre="IBANBanco6" tipo="10" longitud="20"/>
		    
  		    <campo nombre="Observaciones1" tipo="10" longitud="42" posicion="1020"/>
		    <campo nombre="Observaciones2" tipo="10" longitud="42"/>
		    <campo nombre="Observaciones3" tipo="10" longitud="42"/>
		    <campo nombre="Observaciones4" tipo="10" longitud="42"/>
		    <campo nombre="Observaciones5" tipo="10" longitud="42"/>
		    <campo nombre="Observaciones6" tipo="10" longitud="42"/>
		    <campo nombre="Observaciones7" tipo="10" longitud="42"/>
		    <campo nombre="Observaciones8" tipo="10" longitud="42"/>
		    <campo nombre="Observaciones9" tipo="10" longitud="42"/>
		    <campo nombre="Observaciones10" tipo="10" longitud="42"/>
		    <campo nombre="Observaciones11" tipo="10" longitud="42"/>
		    <campo nombre="Observaciones12" tipo="10" longitud="42"/>
		  </campos>	
		</tabla>
	</tablas>
</mdb>