<?xml version="1.0" encoding="UTF-8"?>
<mdb archivo="FGL1025.D" ldat="30">
	<tablas>
    <tabla nombre="Categoria">
			<campos>
    			<CATCODIGOCONV       tipo="I"     posicion="0"     longitud="2"   />	
		        <CATCODCATEG      	 tipo="I"     posicion="2"     longitud="2"   />
				<!-- <CATCODIGOCONV    tipo="I"     posicion="5"     longitud="2"   /> -->	
		        <!--<CATCODIGO        tipo="I"     posicion="7"     longitud="2"   /> -->
		        <CATVALIDO			 tipo="I"     posicion="8"     longitud="1"   /> <!-- Si getInt()== 10 no es categoria valida(ens la pasem pel forro) -->
		        <CATDESCRIPCION   	 tipo="A"     posicion="9"     longitud="20"   />
			</campos>
		</tabla>
	</tablas>
</mdb>
