<?xml version="1.0" encoding="UTF-8"?>
<mdb archivo="FGL1005.D" ldat="48">
	<tablas>
    <tabla nombre="CategoriaConcep">
			<campos>
    			<CONCATCODICONV       tipo="I"     posicion="0"     longitud="2"   />	
		        <CONCATCODICAT  	 tipo="I"     posicion="2"     longitud="2"   />
				<CONCATCODICONC    tipo="I"     posicion="4"     longitud="2"   /> 	
				<CONIMPORTECAT			tipo="L"     posicion="13"     longitud="6"   /> 	
		        <CONCATTIPOCALC			 tipo="I"     posicion="19"     longitud="1"   /> <!--  -->
		       <!--   <CONCATCOTIZACION  	 tipo="I"     posicion="19"     longitud="2"   />-->
		        <CONCATATRASOS  	 tipo="A"     posicion="21"     longitud="1"   />
		        <CONCATVACACIONES  	 tipo="A"     posicion="22"     longitud="1"   />
		        <CONCATINDEMNIZ  	 tipo="A"     posicion="23"     longitud="1"   />
			</campos>
		</tabla>
	</tablas>
</mdb>
