<?xml version="1.0" encoding="UTF-8"?>
<mdb archivo="FGL10.D" ldat="188">
	<tablas>
    	<tabla nombre="Centro">
			<campos>
				<CENVALIDO    	tipo="I"     posicion="0"      longitud="1"   />  <!-- Si es 49, es valido, si es 50 no -->
				<CENEMPCOD    	tipo="I"     posicion="1"      longitud="2"   />
				<CENCODIGO    	tipo="I"     posicion="3"      longitud="2"   />
				<CENNOMBRE    	tipo="A"     posicion="11"     longitud="25"   />
				<CENCCC	    	tipo="L"     posicion="36"     longitud="6"   />
				<CENVIA	    	tipo="A"     posicion="44"     longitud="25"   />
				<CENPOBLA	    tipo="A"     posicion="69"     longitud="20"   />
				<CENCODMUNI	    tipo="A"     posicion="89"     longitud="5"   />
				<CENCPOS	    tipo="L"     posicion="94"     longitud="4"   />
				<CENPROV	    tipo="A"     posicion="98"     longitud="20"   />
				<CENPAIS	    tipo="A"     posicion="120"    longitud="3"   />			
			</campos>
		</tabla>
	</tablas>
</mdb>