<?xml version="1.0" encoding="UTF-8"?>
<mdb archivo="FGL1003.D" ldat="130">
	<tablas>
    <tabla nombre="Conceptos">
			<campos>
       			 <CNCPCODIGO    tipo="I"     posicion="0"     longitud="2"   />
       			 <CNCPCODIGO2    tipo="I"     posicion="3"     longitud="2"   />
       			 <CNCPDESCRIPRED    tipo="S"     posicion="5"     longitud="14"   />
       			 <CNCPDESCRIP    tipo="S"     posicion="20"     longitud="24"   />
       			 <CNCPCOTIZ    tipo="I"     posicion="45"     longitud="1"   />
       			 <CNCPAPLICATOPES    tipo="S"     posicion="46"     longitud="1"   />
       			 <CNCPCALCULO    tipo="S"     posicion="47"     longitud="1"   />
       			 <CNCPVACACIONES    tipo="S"     posicion="48"     longitud="1"   />
       			 <CNCPCODIGOCRA    tipo="I"     posicion="120"     longitud="2"   />
       			 <CNCPCODIGOSAGE    tipo="A"     posicion="122"     longitud="2"   />
			</campos>
    </tabla>
	</tablas>
</mdb>
