<?xml version="1.0" encoding="UTF-8"?>
<mdb archivo="FGL1004.D" ldat="120">
	<tablas>
    <tabla nombre="Convenio">
			<campos>
        <CNVCODIGO    tipo="I"     posicion="3"     longitud="2"   />
        <CNVHORAS     tipo="L"	   posicion="5"		 longitud="4"	/>
        <CNVHORASDIA  tipo="D"	   posicion="9"		 longitud="4"	/>
        <CNV60SALRIO  tipo="A"     posicion="13"     longitud="1"  />
        <CNVNOMBRE    tipo="A"     posicion="14"     longitud="20"  />
        <CNVVACAC     tipo="I"     posicion="35"     longitud="4"  />
        <CNVTOPEDIASIND    tipo="I"     posicion="40"     longitud="1"  />
        <CNVTIPOCALCVAC    tipo="S"     posicion="41"     longitud="1"  />
        <CNVCOMPLACC    tipo="S"     posicion="42"     longitud="1"  />
        <CNVAZULEJERAS    tipo="S"     posicion="43"     longitud="1"  />
        <CNVTOPEPORCENMAY    tipo="I"     posicion="44"     longitud="3"  />
        <CNVTOPEPORCENMEN    tipo="I"     posicion="47"     longitud="3"  />
        <CNVCODIGOOFICIAL    tipo="S"     posicion="51"     longitud="7"  />
        <CNVAZULEJDIASV    tipo="S"     posicion="65"     longitud="1"  />
        <CNVIT180    tipo="S"     posicion="66"     longitud="1"  />
        <CNVMONEDA    tipo="I"     posicion="50"     longitud="1"  />
        <CNVPAGARPAGASPRO    tipo="S"     posicion="67"     longitud="1"  />
        <CNVIMPANTPRORRATA    tipo="S"     posicion="68"     longitud="1"  />
        
       
        
			</campos>
		</tabla>
	</tablas>
</mdb>
