<?xml version="1.0" encoding="UTF-8"?>
<mdb archivo="FGL1014.D" ldat="254">
	<tablas>
    <tabla nombre="ConvenioAntig">
			<campos>
		        <CNVANTIGCODICONV    tipo="I"     posicion="0"         longitud="2"   />
		        <CNVANTIGFINI     tipo="D"	    posicion="2"		 longitud="8"	formato="yyyyMMdd" />
		        <!--  <CNVCNCCODIOPE     tipo="I"	    posicion="4"		 longitud="2"	/> -->
		        <!-- <CNVCNCCODIPAGA    tipo="I"	    posicion="9"		 longitud="2"	/> -->
		        
		        <CNVANTIGPER1     tipo="I"	    posicion="21"		 longitud="1"	/>
		        <CNVANTIGPER2     tipo="I"	    posicion="22"		 longitud="1"	/>
		        <CNVANTIGPER3     tipo="I"	    posicion="23"		 longitud="1"	/>
		        <CNVANTIGPER4     tipo="I"	    posicion="24"		 longitud="1"	/>
		        <CNVANTIGPER5     tipo="I"	    posicion="25"		 longitud="1"	/>
		        <CNVANTIGPER6     tipo="I"	    posicion="26"		 longitud="1"	/>
		        <CNVANTIGPER7     tipo="I"	    posicion="27"		 longitud="1"	/>
		        <CNVANTIGPER8     tipo="I"	    posicion="28"		 longitud="1"	/>
		        <CNVANTIGPER9     tipo="I"	    posicion="29"		 longitud="1"	/>
		        <CNVANTIGPER10     tipo="I"	    posicion="30"		 longitud="1"	/>
		        <CNVANTIGPER11     tipo="I"	    posicion="31"		 longitud="1"	/>
		        <CNVANTIGPER12     tipo="I"	    posicion="32"		 longitud="1"	/>
		        <CNVANTIGPER13     tipo="I"	    posicion="33"		 longitud="1"	/>
		        <CNVANTIGPER14     tipo="I"	    posicion="34"		 longitud="1"	/>
		        <CNVANTIGPER15     tipo="I"	    posicion="35"		 longitud="1"	/>
		        <CNVANTIGPER16     tipo="I"	    posicion="36"		 longitud="1"	/>
		        <CNVANTIGPER17     tipo="I"	    posicion="37"		 longitud="1"	/>
		        <CNVANTIGPER18     tipo="I"	    posicion="38"		 longitud="1"	/>
		        <CNVANTIGPER19     tipo="I"	    posicion="39"		 longitud="1"	/>
		        <CNVANTIGPER20     tipo="I"	    posicion="40"		 longitud="1"	/>
		        <CNVANTIGPER21     tipo="I"	    posicion="41"		 longitud="1"	/>
		        <CNVANTIGPER22     tipo="I"	    posicion="42"		 longitud="1"	/>
		        <CNVANTIGPER23     tipo="I"	    posicion="43"		 longitud="1"	/>
		        <CNVANTIGPER24     tipo="I"	    posicion="44"		 longitud="1"	/>
		        <CNVANTIGPER25    tipo="I"	    posicion="45"		 longitud="1"	/>
		        <CNVANTIGPER26     tipo="I"	    posicion="46"		 longitud="1"	/>
		        <CNVANTIGPER27     tipo="I"	    posicion="47"		 longitud="1"	/>
		        <CNVANTIGPER28     tipo="I"	    posicion="48"		 longitud="1"	/>
		        <CNVANTIGPER29     tipo="I"	    posicion="49"		 longitud="1"	/>
		        <CNVANTIGPER30     tipo="I"	    posicion="50"		 longitud="1"	/>
		        <CNVANTIGPER31     tipo="I"	    posicion="51"		 longitud="1"	/>
		        <CNVANTIGPER32     tipo="I"	    posicion="52"		 longitud="1"	/>
		        <CNVANTIGPER33     tipo="I"	    posicion="53"		 longitud="1"	/>
		        <CNVANTIGPER34     tipo="I"	    posicion="54"		 longitud="1"	/>
		        <CNVANTIGPER35     tipo="I"	    posicion="55"		 longitud="1"	/>
		        <CNVANTIGPER36     tipo="I"	    posicion="56"		 longitud="1"	/>
		        
		        <CNVANTIGCALC1     tipo="A"	    posicion="61"		 longitud="1"	/>
		        <CNVANTIGCALC2     tipo="A"	    posicion="62"		 longitud="1"	/>
		        <CNVANTIGCALC3     tipo="A"	    posicion="63"		 longitud="1"	/>
		        <CNVANTIGCALC4     tipo="A"	    posicion="64"		 longitud="1"	/>
		        <CNVANTIGCALC5     tipo="A"	    posicion="65"		 longitud="1"	/>
		        <CNVANTIGCALC6     tipo="A"	    posicion="66"		 longitud="1"	/>
		        <CNVANTIGCALC7     tipo="A"	    posicion="67"		 longitud="1"	/>
		        <CNVANTIGCALC8     tipo="A"	    posicion="68"		 longitud="1"	/>
		        <CNVANTIGCALC9     tipo="A"	    posicion="69"		 longitud="1"	/>
		        <CNVANTIGCALC10     tipo="A"	    posicion="70"		 longitud="1"	/>
		        <CNVANTIGCALC11     tipo="A"	    posicion="71"		 longitud="1"	/>
		        <CNVANTIGCALC12     tipo="A"	    posicion="72"		 longitud="1"	/>
		        <CNVANTIGCALC13     tipo="A"	    posicion="73"		 longitud="1"	/>
		        <CNVANTIGCALC14     tipo="A"	    posicion="74"		 longitud="1"	/>
		        <CNVANTIGCALC15     tipo="A"	    posicion="75"		 longitud="1"	/>
		        <CNVANTIGCALC16     tipo="A"	    posicion="76"		 longitud="1"	/>
		        <CNVANTIGCALC17     tipo="A"	    posicion="77"		 longitud="1"	/>
		        <CNVANTIGCALC18     tipo="A"	    posicion="78"		 longitud="1"	/>
		        <CNVANTIGCALC19     tipo="A"	    posicion="79"		 longitud="1"	/>
		        <CNVANTIGCALC20     tipo="A"	    posicion="80"		 longitud="1"	/>
		        <CNVANTIGCALC21     tipo="A"	    posicion="81"		 longitud="1"	/>
		        <CNVANTIGCALC22     tipo="A"	    posicion="82"		 longitud="1"	/>
		        <CNVANTIGCALC23     tipo="A"	    posicion="83"		 longitud="1"	/>
		        <CNVANTIGCALC24     tipo="A"	    posicion="84"		 longitud="1"	/>
		        <CNVANTIGCALC25     tipo="A"	    posicion="85"		 longitud="1"	/>
		        <CNVANTIGCALC26     tipo="A"	    posicion="86"		 longitud="1"	/>
		        <CNVANTIGCALC27     tipo="A"	    posicion="87"		 longitud="1"	/>
		        <CNVANTIGCALC28     tipo="A"	    posicion="88"		 longitud="1"	/>
		        <CNVANTIGCALC29     tipo="A"	    posicion="89"		 longitud="1"	/>
		        <CNVANTIGCALC30     tipo="A"	    posicion="90"		 longitud="1"	/>
		        <CNVANTIGCALC31     tipo="A"	    posicion="91"		 longitud="1"	/>
		        <CNVANTIGCALC32     tipo="A"	    posicion="92"		 longitud="1"	/>
		        <CNVANTIGCALC33     tipo="A"	    posicion="93"		 longitud="1"	/>
		        <CNVANTIGCALC34     tipo="A"	    posicion="94"		 longitud="1"	/>
		        <CNVANTIGCALC35     tipo="A"	    posicion="95"		 longitud="1"	/>
		        <CNVANTIGCALC36     tipo="A"	    posicion="96"		 longitud="1"	/>
		        
		        <CNVANTIGCONCEP1     tipo="L"	    posicion="101"		 longitud="3"	/>
		        <CNVANTIGCONCEP2     tipo="L"	    posicion="104"		 longitud="3"	/>
		        <CNVANTIGCONCEP3     tipo="L"	    posicion="107"		 longitud="3"	/>
		        <CNVANTIGCONCEP4     tipo="L"	    posicion="110"		 longitud="3"	/>
		        <CNVANTIGCONCEP5     tipo="L"	    posicion="113"		 longitud="3"	/>
		        <CNVANTIGCONCEP6     tipo="L"	    posicion="116"		 longitud="3"	/>
		        <CNVANTIGCONCEP7     tipo="L"	    posicion="119"		 longitud="3"	/>
		        <CNVANTIGCONCEP8     tipo="L"	    posicion="122"		 longitud="3"	/>
		        <CNVANTIGCONCEP9     tipo="L"	    posicion="125"		 longitud="3"	/>
		        <CNVANTIGCONCEP10     tipo="L"	    posicion="128"		 longitud="3"	/>
		        <CNVANTIGCONCEP11     tipo="L"	    posicion="131"		 longitud="3"	/>
		        <CNVANTIGCONCEP12     tipo="L"	    posicion="134"		 longitud="3"	/>
		        <CNVANTIGCONCEP13     tipo="L"	    posicion="137"		 longitud="3"	/>
		        <CNVANTIGCONCEP14     tipo="L"	    posicion="140"		 longitud="3"	/>
		        <CNVANTIGCONCEP15     tipo="L"	    posicion="143"		 longitud="3"	/>
		        <CNVANTIGCONCEP16     tipo="L"	    posicion="146"		 longitud="3"	/>
		        <CNVANTIGCONCEP17     tipo="L"	    posicion="149"		 longitud="3"	/>
		        <CNVANTIGCONCEP18     tipo="L"	    posicion="152"		 longitud="3"	/>
		        <CNVANTIGCONCEP19     tipo="L"	    posicion="155"		 longitud="3"	/>
		        <CNVANTIGCONCEP20     tipo="L"	    posicion="158"		 longitud="3"	/>
		        <CNVANTIGCONCEP21     tipo="L"	    posicion="161"		 longitud="3"	/>
		        <CNVANTIGCONCEP22     tipo="L"	    posicion="164"		 longitud="3"	/>
		        <CNVANTIGCONCEP23     tipo="L"	    posicion="167"		 longitud="3"	/>
		        <CNVANTIGCONCEP24     tipo="L"	    posicion="170"		 longitud="3"	/>
		        <CNVANTIGCONCEP25     tipo="L"	    posicion="173"		 longitud="3"	/>
		        <CNVANTIGCONCEP26     tipo="L"	    posicion="176"		 longitud="3"	/>
		        <CNVANTIGCONCEP27     tipo="L"	    posicion="179"		 longitud="3"	/>
		        <CNVANTIGCONCEP28     tipo="L"	    posicion="182"		 longitud="3"	/>
		        <CNVANTIGCONCEP29     tipo="L"	    posicion="185"		 longitud="3"	/>
		        <CNVANTIGCONCEP30     tipo="L"	    posicion="188"		 longitud="3"	/>
		        <CNVANTIGCONCEP31     tipo="L"	    posicion="191"		 longitud="3"	/>
		        <CNVANTIGCONCEP32     tipo="L"	    posicion="194"		 longitud="3"	/>
		        <CNVANTIGCONCEP33     tipo="L"	    posicion="197"		 longitud="3"	/>
		        <CNVANTIGCONCEP34     tipo="L"	    posicion="200"		 longitud="3"	/>
		        <CNVANTIGCONCEP35     tipo="L"	    posicion="203"		 longitud="3"	/>
		        <CNVANTIGCONCEP36     tipo="L"	    posicion="206"		 longitud="3"	/>
		        
		        <CNVANTIGCOCODCONC1     tipo="I"	    posicion="222"		 longitud="1"	/>
		        <CNVANTIGCOCODCONC2     tipo="I"	    posicion="224"		 longitud="1"	/>
		        <CNVANTIGCOCODCONC3     tipo="I"	    posicion="226"		 longitud="1"	/>
		        <CNVANTIGCOCODCONC4     tipo="I"	    posicion="228"		 longitud="1"	/>
		        <CNVANTIGCOCODCONC5     tipo="I"	    posicion="230"		 longitud="1"	/>
		        <CNVANTIGCOCODCONC6     tipo="I"	    posicion="232"		 longitud="1"	/>
		        <CNVANTIGCOCODCONC7     tipo="I"	    posicion="234"		 longitud="1"	/>
		        <CNVANTIGCOCODCONC8     tipo="I"	    posicion="236"		 longitud="1"	/>
		        <CNVANTIGCOCODCONC9     tipo="I"	    posicion="238"		 longitud="1"	/>
		        <CNVANTIGCOCODCONC10     tipo="I"	    posicion="240"		 longitud="1"	/>
		        
		        <CNVANTIGTIPOCALC tipo="I"	    posicion="241"		 longitud="1"	/>
		       <CNVANTIGFFIN tipo="I"	    posicion="242"		 longitud="8"	/>
			</campos>
		</tabla>
	</tablas>
</mdb>
