<?xml version="1.0" encoding="UTF-8"?>
<mdb archivo="FGL1015.D" ldat="46">
	<tablas>
    <tabla nombre="ConvenioPagas2">
			<campos>
		        <CNVPAGCODCONV    tipo="I"     posicion="0"         longitud="2"   />
		        <CNVPAGCODEMP     tipo="I"	    posicion="2"		 longitud="2"	/>
		        <CNVPAGCODIOPE     tipo="I"	    posicion="4"		 longitud="2"	/>
		        <!-- <CNVCNCCODIPAGA    tipo="I"	    posicion="9"		 longitud="2"	/> -->
		        <CNVPAGCAD1    tipo="S"	    posicion="13"		 longitud="1"	/>
		        <CNVPAGCAD2    tipo="S"	    posicion="14"		 longitud="1"	/>
		        <CNVPAGCAD3    tipo="S"	    posicion="15"		 longitud="1"	/>
		        <CNVPAGCAD4    tipo="S"	    posicion="16"		 longitud="1"	/>
		        <CNVPAGCAD5    tipo="S"	    posicion="17"		 longitud="1"	/>
		        <CNVPAGCAD6    tipo="S"	    posicion="18"		 longitud="1"	/>
		        <CNVPAGCAD7    tipo="S"	    posicion="19"		 longitud="1"	/>
			</campos>
		</tabla>
	</tablas>
</mdb>
