<?xml version="1.0" encoding="UTF-8"?>
<mdb archivo="FGL1016.D" ldat="250">
	<tablas>
    <tabla nombre="ConvenioGarantias">
			<campos>
		        <CNVGARCODCONV    tipo="I"     posicion="0"         longitud="2"   />
		        <CNVGARCODEMP     tipo="I"	    posicion="2"		 longitud="2"	/>
		        <CNVGARCODIOPE     tipo="I"	    posicion="4"		 longitud="2"	/>
		        <CNVTIPGARANT     tipo="I"	    posicion="6"		 longitud="1"	/> <!-- 41,45,49,4D,57,58,59,5A -->
		        <CNVGARCOMBRUTOTAL     tipo="S"	    posicion="177"		 longitud="1"	/>
		        
		        
		        <!-- <CNVCNCCODIPAGA    tipo="I"	    posicion="9"		 longitud="2"	/> -->
		        <CNVGARDIAPER1    tipo="I"	    posicion="15"		 longitud="2"	/>
				<CNVGARDIAPER2    tipo="I"	    posicion="17"		 longitud="2"	/>
				<CNVGARDIAPER3    tipo="I"	    posicion="19"		 longitud="2"	/>
				<CNVGARDIAPER4    tipo="I"	    posicion="21"		 longitud="2"	/>
				<CNVGARDIAPER5    tipo="I"	    posicion="23"		 longitud="2"	/>
				<CNVGARDIAPER6    tipo="I"	    posicion="25"		 longitud="2"	/>
				<CNVGARDIAPER7    tipo="I"	    posicion="27"		 longitud="2"	/>
				<CNVGARDIAPER8    tipo="I"	    posicion="29"		 longitud="2"	/>
				<CNVGARDIAPER9    tipo="I"	    posicion="31"		 longitud="2"	/>
		        
		        <CNVGARPORSS1    tipo="I"	    posicion="33"		 longitud="1"	/>
				<CNVGARPORSS2    tipo="I"	    posicion="34"		 longitud="1"	/>
				<CNVGARPORSS3    tipo="I"	    posicion="35"		 longitud="1"	/>
				<CNVGARPORSS4    tipo="I"	    posicion="36"		 longitud="1"	/>
				<CNVGARPORSS5    tipo="I"	    posicion="37"		 longitud="1"	/>
				<CNVGARPORSS6    tipo="I"	    posicion="38"		 longitud="1"	/>
				<CNVGARPORSS7    tipo="I"	    posicion="39"		 longitud="1"	/>
				<CNVGARPORSS8    tipo="I"	    posicion="40"		 longitud="1"	/>
				<CNVGARPORSS9    tipo="I"	    posicion="41"		 longitud="1"	/>

		        
		        <CNVGARPOREMPBAS1    tipo="I"	    posicion="42"		 longitud="1"	/> 
				<CNVGARPOREMPBAS2    tipo="I"	    posicion="43"		 longitud="1"	/> 
				<CNVGARPOREMPBAS3    tipo="I"	    posicion="44"		 longitud="1"	/> 
				<CNVGARPOREMPBAS4    tipo="I"	    posicion="45"		 longitud="1"	/> 
				<CNVGARPOREMPBAS5    tipo="I"	    posicion="46"		 longitud="1"	/> 
				<CNVGARPOREMPBAS6    tipo="I"	    posicion="47"		 longitud="1"	/> 
				<CNVGARPOREMPBAS7    tipo="I"	    posicion="48"		 longitud="1"	/> 
				<CNVGARPOREMPBAS8    tipo="I"	    posicion="49"		 longitud="1"	/> 
				<CNVGARPOREMPBAS9    tipo="I"	    posicion="50"		 longitud="1"	/> 

		        
		        <CNVGARCONCEP11    tipo="I"	    posicion="51"		 longitud="2"	/>  
		        <CNVGARCONCEP12    tipo="I"	    posicion="53"		 longitud="2"	/> <!-- fila 1 columna 2 -->
		        <CNVGARCONCEP13    tipo="I"	    posicion="55"		 longitud="2"	/>
		        <CNVGARCONCEP14    tipo="I"	    posicion="57"		 longitud="2"	/>
		        <CNVGARCONCEP15    tipo="I"	    posicion="59"		 longitud="2"	/>
		        <CNVGARCONCEP16    tipo="I"	    posicion="61"		 longitud="2"	/>
		        <CNVGARCONCEP17    tipo="I"	    posicion="63"		 longitud="2"	/>
		        <CNVGARCONCEP18    tipo="I"	    posicion="65"		 longitud="2"	/>
		        <CNVGARCONCEP19    tipo="I"	    posicion="67"		 longitud="2"	/>
		        
		        <CNVGARCONCEP21    tipo="I"	    posicion="67"		 longitud="2"	/>   
				<CNVGARCONCEP22    tipo="I"	    posicion="69"		 longitud="2"	/>   
				<CNVGARCONCEP23    tipo="I"	    posicion="71"		 longitud="2"	/>   
				<CNVGARCONCEP24    tipo="I"	    posicion="73"		 longitud="2"	/>   
				<CNVGARCONCEP25    tipo="I"	    posicion="75"		 longitud="2"	/>   
				<CNVGARCONCEP26    tipo="I"	    posicion="77"		 longitud="2"	/>   
				<CNVGARCONCEP27    tipo="I"	    posicion="79"		 longitud="2"	/>   
				<CNVGARCONCEP28    tipo="I"	    posicion="81"		 longitud="2"	/>   
				<CNVGARCONCEP29    tipo="I"	    posicion="83"		 longitud="2"	/>  	
				                                                                   
				<CNVGARCONCEP31    tipo="I"	    posicion="85"		 longitud="2"	/>   
				<CNVGARCONCEP32    tipo="I"	    posicion="87"		 longitud="2"	/>   
				<CNVGARCONCEP33    tipo="I"	    posicion="89"		 longitud="2"	/>   
				<CNVGARCONCEP34    tipo="I"	    posicion="91"		 longitud="2"	/>   
				<CNVGARCONCEP35    tipo="I"	    posicion="93"		 longitud="2"	/>   
				<CNVGARCONCEP36    tipo="I"	    posicion="95"		 longitud="2"	/>   
				<CNVGARCONCEP37    tipo="I"	    posicion="97"		 longitud="2"	/>   
				<CNVGARCONCEP38    tipo="I"	    posicion="99"		 longitud="2"	/>   
				<CNVGARCONCEP39    tipo="I"	    posicion="101"		 longitud="2"	/> 
				                                                                   
				<CNVGARCONCEP41    tipo="I"	    posicion="103"		 longitud="2"	/> 
				<CNVGARCONCEP42    tipo="I"	    posicion="105"		 longitud="2"	/> 
				<CNVGARCONCEP43    tipo="I"	    posicion="107"		 longitud="2"	/> 
				<CNVGARCONCEP44    tipo="I"	    posicion="109"		 longitud="2"	/> 
				<CNVGARCONCEP45    tipo="I"	    posicion="111"		 longitud="2"	/> 
				<CNVGARCONCEP46    tipo="I"	    posicion="113"		 longitud="2"	/> 
				<CNVGARCONCEP47    tipo="I"	    posicion="115"		 longitud="2"	/> 
				<CNVGARCONCEP48    tipo="I"	    posicion="117"		 longitud="2"	/> 
				<CNVGARCONCEP49    tipo="I"	    posicion="119"		 longitud="2"	/> 
				                                                                   
				<CNVGARCONCEP51    tipo="I"	    posicion="121"		 longitud="2"	/> 
				<CNVGARCONCEP52    tipo="I"	    posicion="123"		 longitud="2"	/> 
				<CNVGARCONCEP53    tipo="I"	    posicion="125"		 longitud="2"	/> 
				<CNVGARCONCEP54    tipo="I"	    posicion="127"		 longitud="2"	/> 
				<CNVGARCONCEP55    tipo="I"	    posicion="129"		 longitud="2"	/> 
				<CNVGARCONCEP56    tipo="I"	    posicion="131"		 longitud="2"	/> 
				<CNVGARCONCEP57    tipo="I"	    posicion="133"		 longitud="2"	/> 
				<CNVGARCONCEP58    tipo="I"	    posicion="135"		 longitud="2"	/> 
				<CNVGARCONCEP59    tipo="I"	    posicion="137"		 longitud="2"	/> 
				                                                                   
				<CNVGARCONCEP61    tipo="I"	    posicion="139"		 longitud="2"	/> 
				<CNVGARCONCEP62    tipo="I"	    posicion="141"		 longitud="2"	/> 
				<CNVGARCONCEP63    tipo="I"	    posicion="143"		 longitud="2"	/> 
				<CNVGARCONCEP64    tipo="I"	    posicion="145"		 longitud="2"	/> 
				<CNVGARCONCEP65    tipo="I"	    posicion="147"		 longitud="2"	/> 
				<CNVGARCONCEP66    tipo="I"	    posicion="149"		 longitud="2"	/> 
				<CNVGARCONCEP67    tipo="I"	    posicion="151"		 longitud="2"	/> 
				<CNVGARCONCEP68    tipo="I"	    posicion="153"		 longitud="2"	/> 
				<CNVGARCONCEP69    tipo="I"	    posicion="155"		 longitud="2"	/> 
				                                                                   
				<CNVGARCONCEP71    tipo="I"	    posicion="157"		 longitud="2"	/> 
				<CNVGARCONCEP72    tipo="I"	    posicion="159"		 longitud="2"	/> 
				<CNVGARCONCEP73    tipo="I"	    posicion="161"		 longitud="2"	/> 
				<CNVGARCONCEP74    tipo="I"	    posicion="163"		 longitud="2"	/> 
				<CNVGARCONCEP75    tipo="I"	    posicion="165"		 longitud="2"	/> 
				<CNVGARCONCEP76    tipo="I"	    posicion="167"		 longitud="2"	/> 
				<CNVGARCONCEP77    tipo="I"	    posicion="169"		 longitud="2"	/> 
				<CNVGARCONCEP78    tipo="I"	    posicion="171"		 longitud="2"	/> 
				<CNVGARCONCEP79    tipo="I"	    posicion="173"		 longitud="2"	/> 		        
		        
		        <CNVGARPENALIZ1    tipo="L"	    posicion="204"		 longitud="3"	/>  
				<CNVGARPENALIZ2    tipo="L"	    posicion="207"		 longitud="3"	/>  
				<CNVGARPENALIZ3    tipo="L"	    posicion="210"		 longitud="3"	/>  
				<CNVGARPENALIZ4    tipo="L"	    posicion="213"		 longitud="3"	/>  
				<CNVGARPENALIZ5    tipo="L"	    posicion="216"		 longitud="3"	/>  
				<CNVGARPENALIZ6    tipo="L"	    posicion="219"		 longitud="3"	/>  
				<CNVGARPENALIZ7    tipo="L"	    posicion="222"		 longitud="3"	/>  
				<CNVGARPENALIZ8    tipo="L"	    posicion="225"		 longitud="3"	/>  
				<CNVGARPENALIZ9    tipo="L"	    posicion="228"		 longitud="3"	/>	

				<CNVGARCOMPBRUT1    tipo="A"	    posicion="231"		 longitud="1"	/>
				<CNVGARCOMPBRUT2    tipo="A"	    posicion="232"		 longitud="1"	/>
				<CNVGARCOMPBRUT3    tipo="A"	    posicion="233"		 longitud="1"	/>
				<CNVGARCOMPBRUT4    tipo="A"	    posicion="234"		 longitud="1"	/>
				<CNVGARCOMPBRUT5    tipo="A"	    posicion="235"		 longitud="1"	/>
				<CNVGARCOMPBRUT6    tipo="A"	    posicion="236"		 longitud="1"	/>
				<CNVGARCOMPBRUT7    tipo="A"	    posicion="237"		 longitud="1"	/>
				<CNVGARCOMPBRUT8    tipo="A"	    posicion="238"		 longitud="1"	/>
				<CNVGARCOMPBRUT9    tipo="A"	    posicion="239"		 longitud="1"	/>
		        
				<CNVGARPOREMPCON1    tipo="I"	    posicion="240"		 longitud="1"	/> 
				<CNVGARPOREMPCON2    tipo="I"	    posicion="241"		 longitud="1"	/> 
				<CNVGARPOREMPCON3    tipo="I"	    posicion="242"		 longitud="1"	/> 
				<CNVGARPOREMPCON4    tipo="I"	    posicion="243"		 longitud="1"	/> 
				<CNVGARPOREMPCON5    tipo="I"	    posicion="244"		 longitud="1"	/> 
				<CNVGARPOREMPCON6    tipo="I"	    posicion="245"		 longitud="1"	/> 
				<CNVGARPOREMPCON7    tipo="I"	    posicion="246"		 longitud="1"	/> 
				<CNVGARPOREMPCON8    tipo="I"	    posicion="247"		 longitud="1"	/> 
				<CNVGARPOREMPCON9    tipo="I"	    posicion="248"		 longitud="1"	/> 
	        
		        
			</campos>
		</tabla>
	</tablas>
</mdb>
