<?xml version="1.0" encoding="UTF-8"?>
<mdb archivo="FGL1017.D" ldat="1449">
	<tablas>
    <tabla nombre="ConvenioConcep">
			<campos>
		        <CNVCNCCODICONV    tipo="I"     posicion="0"         longitud="2"   />
		        <CNVCNCCODIEMP     tipo="I"	    posicion="2"		 longitud="2"	/>
		        <CNVCNCCODIOPE     tipo="I"	    posicion="4"		 longitud="2"	/>
		        <!-- <CNVCNCCODIPAGA    tipo="I"	    posicion="9"		 longitud="2"	/> -->
		        <CNVCNCFINI1     tipo="D"	    posicion="13"		 longitud="2"	formato="yyyyMMdd"/>
		        <CNVCNCFINI2     tipo="D"	    posicion="15"		 longitud="2"	formato="yyyyMMdd"/>
		        <CNVCNCFINI3     tipo="D"	    posicion="17"		 longitud="2"	formato="yyyyMMdd"/>
		        <CNVCNCFINI4     tipo="D"	    posicion="19"		 longitud="2"	formato="yyyyMMdd"/>
		        <CNVCNCFINI5     tipo="D"	    posicion="21"		 longitud="2"	formato="yyyyMMdd"/>
		        <CNVCNCFINI6     tipo="D"	    posicion="23"		 longitud="2"	formato="yyyyMMdd"/>
		        
		        <CNVCNCFFIN1     tipo="D"	    posicion="25"		 longitud="2"	formato="yyyyMMdd"/>
		        <CNVCNCFFIN2     tipo="D"	    posicion="27"		 longitud="2"	formato="yyyyMMdd"/>
		        <CNVCNCFFIN3     tipo="D"	    posicion="29"		 longitud="2"	formato="yyyyMMdd"/>
		        <CNVCNCFFIN4     tipo="D"	    posicion="31"		 longitud="2"	formato="yyyyMMdd"/>
		        <CNVCNCFFIN5     tipo="D"	    posicion="33"		 longitud="2"	formato="yyyyMMdd"/>
		        <CNVCNCFFIN6     tipo="D"	    posicion="35"		 longitud="2"	formato="yyyyMMdd"/>
		        
		        <CNVCNCDESCR1     tipo="A"	    posicion="43"		 longitud="24"	/>
		        <CNVCNCDESCR2     tipo="A"	    posicion="67"		 longitud="24"	/>
		        <CNVCNCDESCR3     tipo="A"	    posicion="91"		 longitud="24"	/>
		        <CNVCNCDESCR4     tipo="A"	    posicion="115"		 longitud="24"	/>
		        <CNVCNCDESCR5     tipo="A"	    posicion="139"		 longitud="24"	/>
		        <CNVCNCDESCR6     tipo="A"	    posicion="163"		 longitud="24"	/>
		        
		        <!--  DESGLÒS -->
		        <CNVCNCCODDESG11     tipo="I"	    posicion="193"		 longitud="2"	/>
		        <CNVCNCCODDESG21     tipo="I"	    posicion="195"		 longitud="2"	/>
		        <CNVCNCCODDESG31     tipo="I"	    posicion="197"		 longitud="2"	/>
		        <CNVCNCCODDESG41     tipo="I"	    posicion="199"		 longitud="2"	/>
		        <CNVCNCCODDESG51     tipo="I"	    posicion="201"		 longitud="2"	/>
		        <CNVCNCCODDESG61     tipo="I"	    posicion="203"		 longitud="2"	/>
		        
		        <CNVCNCCODDESG12     tipo="I"	    posicion="205"		 longitud="2"	/>
		        <CNVCNCCODDESG22     tipo="I"	    posicion="207"		 longitud="2"	/>
		        <CNVCNCCODDESG32     tipo="I"	    posicion="209"		 longitud="2"	/>
		        <CNVCNCCODDESG42     tipo="I"	    posicion="211"		 longitud="2"	/>
		        <CNVCNCCODDESG52     tipo="I"	    posicion="213"		 longitud="2"	/>
		        <CNVCNCCODDESG62     tipo="I"	    posicion="215"		 longitud="2"	/>
		        
		        <CNVCNCCODDESG13     tipo="I"	    posicion="217"		 longitud="2"	/>
		        <CNVCNCCODDESG23     tipo="I"	    posicion="219"		 longitud="2"	/>
		        <CNVCNCCODDESG33     tipo="I"	    posicion="221"		 longitud="2"	/>
		        <CNVCNCCODDESG43     tipo="I"	    posicion="223"		 longitud="2"	/>
		        <CNVCNCCODDESG53     tipo="I"	    posicion="225"		 longitud="2"	/>
		        <CNVCNCCODDESG63     tipo="I"	    posicion="227"		 longitud="2"	/>
		        
		        <CNVCNCCODDESG14     tipo="I"	    posicion="229"		 longitud="2"	/>
		        <CNVCNCCODDESG24     tipo="I"	    posicion="231"		 longitud="2"	/>
		        <CNVCNCCODDESG34     tipo="I"	    posicion="233"		 longitud="2"	/>
		        <CNVCNCCODDESG44     tipo="I"	    posicion="235"		 longitud="2"	/>
		        <CNVCNCCODDESG54     tipo="I"	    posicion="237"		 longitud="2"	/>
		        <CNVCNCCODDESG64     tipo="I"	    posicion="239"		 longitud="2"	/>
		        
		        <CNVCNCCODDESG15     tipo="I"	    posicion="241"		 longitud="2"	/>
		        <CNVCNCCODDESG25     tipo="I"	    posicion="243"		 longitud="2"	/>
		        <CNVCNCCODDESG35     tipo="I"	    posicion="245"		 longitud="2"	/>
		        <CNVCNCCODDESG45     tipo="I"	    posicion="247"		 longitud="2"	/>
		        <CNVCNCCODDESG55     tipo="I"	    posicion="249"		 longitud="2"	/>
		        <CNVCNCCODDESG65     tipo="I"	    posicion="251"		 longitud="2"	/>
		        
		        <CNVCNCCODDESG16     tipo="I"	    posicion="253"		 longitud="2"	/>
		        <CNVCNCCODDESG26     tipo="I"	    posicion="255"		 longitud="2"	/>
		        <CNVCNCCODDESG36     tipo="I"	    posicion="257"		 longitud="2"	/>
		        <CNVCNCCODDESG46     tipo="I"	    posicion="259"		 longitud="2"	/>
		        <CNVCNCCODDESG56     tipo="I"	    posicion="261"		 longitud="2"	/>
		        <CNVCNCCODDESG66     tipo="I"	    posicion="253"		 longitud="2"	/>
		        
		        <CNVCNCUNID11        tipo="I"	    posicion="385"		 longitud="4"	/>
		        <CNVCNCUNID21        tipo="I"	    posicion="389"		 longitud="4"	/>
		        <CNVCNCUNID31        tipo="I"	    posicion="393"		 longitud="4"	/>
		        <CNVCNCUNID41        tipo="I"	    posicion="397"		 longitud="4"	/>
		        <CNVCNCUNID51        tipo="I"	    posicion="401"		 longitud="4"	/>
		        <CNVCNCUNID61        tipo="I"	    posicion="405"		 longitud="4"	/>
		        
		        <CNVCNCUNID12        tipo="I"	    posicion="409"		 longitud="4"	/>
		        <CNVCNCUNID22        tipo="I"	    posicion="413"		 longitud="4"	/>
		        <CNVCNCUNID32        tipo="I"	    posicion="417"		 longitud="4"	/>
		        <CNVCNCUNID42        tipo="I"	    posicion="421"		 longitud="4"	/>
		        <CNVCNCUNID52        tipo="I"	    posicion="425"		 longitud="4"	/>
		        <CNVCNCUNID62        tipo="I"	    posicion="429"		 longitud="4"	/>
		        
		        <CNVCNCUNID13        tipo="I"	    posicion="433"		 longitud="4"	/>
		        <CNVCNCUNID23        tipo="I"	    posicion="437"		 longitud="4"	/>
		        <CNVCNCUNID33        tipo="I"	    posicion="441"		 longitud="4"	/>
		        <CNVCNCUNID43        tipo="I"	    posicion="445"		 longitud="4"	/>
		        <CNVCNCUNID53        tipo="I"	    posicion="449"		 longitud="4"	/>
		        <CNVCNCUNID63        tipo="I"	    posicion="453"		 longitud="4"	/>
		        
		        <CNVCNCUNID14        tipo="I"	    posicion="457"		 longitud="4"	/>
		        <CNVCNCUNID24        tipo="I"	    posicion="461"		 longitud="4"	/>
		        <CNVCNCUNID34        tipo="I"	    posicion="465"		 longitud="4"	/>
		        <CNVCNCUNID44        tipo="I"	    posicion="469"		 longitud="4"	/>
		        <CNVCNCUNID54        tipo="I"	    posicion="471"		 longitud="4"	/>
		        <CNVCNCUNID64        tipo="I"	    posicion="475"		 longitud="4"	/>
		        
		        <CNVCNCUNID15        tipo="I"	    posicion="479"		 longitud="4"	/>
		        <CNVCNCUNID25        tipo="I"	    posicion="483"		 longitud="4"	/>
		        <CNVCNCUNID35        tipo="I"	    posicion="487"		 longitud="4"	/>
		        <CNVCNCUNID45        tipo="I"	    posicion="491"		 longitud="4"	/>
		        <CNVCNCUNID55        tipo="I"	    posicion="495"		 longitud="4"	/>
		        <CNVCNCUNID65        tipo="I"	    posicion="499"		 longitud="4"	/>
		        
		        <CNVCNCUNID16        tipo="I"	    posicion="503"		 longitud="4"	/>
		        <CNVCNCUNID26        tipo="I"	    posicion="507"		 longitud="4"	/>
		        <CNVCNCUNID36        tipo="I"	    posicion="511"		 longitud="4"	/>
		        <CNVCNCUNID46        tipo="I"	    posicion="515"		 longitud="4"	/>
		        <CNVCNCUNID56        tipo="I"	    posicion="519"		 longitud="4"	/>
		        <CNVCNCUNID66        tipo="I"	    posicion="523"		 longitud="4"	/>
		        
		        
		        <CNVCNCCALC11        tipo="A"	    posicion="527"		 longitud="2"	/>
		        <CNVCNCCALC21        tipo="A"	    posicion="529"		 longitud="2"	/>
		        <CNVCNCCALC31        tipo="A"	    posicion="531"		 longitud="2"	/>
		        <CNVCNCCALC41        tipo="A"	    posicion="533"		 longitud="2"	/>
		        <CNVCNCCALC51        tipo="A"	    posicion="535"		 longitud="2"	/>
		        <CNVCNCCALC61        tipo="A"	    posicion="537"		 longitud="2"	/>
		        
		        <CNVCNCCALC12        tipo="A"	    posicion="539"		 longitud="2"	/>
		        <CNVCNCCALC22        tipo="A"	    posicion="541"		 longitud="2"	/>
		        <CNVCNCCALC32        tipo="A"	    posicion="543"		 longitud="2"	/>
		        <CNVCNCCALC42        tipo="A"	    posicion="545"		 longitud="2"	/>
		        <CNVCNCCALC52        tipo="A"	    posicion="547"		 longitud="2"	/>
		        <CNVCNCCALC62        tipo="A"	    posicion="549"		 longitud="2"	/>

		        <CNVCNCCALC13        tipo="A"	    posicion="551"		 longitud="2"	/>
		        <CNVCNCCALC23        tipo="A"	    posicion="553"		 longitud="2"	/>
		        <CNVCNCCALC33        tipo="A"	    posicion="555"		 longitud="2"	/>
		        <CNVCNCCALC43        tipo="A"	    posicion="557"		 longitud="2"	/>
		        <CNVCNCCALC53        tipo="A"	    posicion="559"		 longitud="2"	/>
		        <CNVCNCCALC63        tipo="A"	    posicion="561"		 longitud="2"	/>
		        
		        <CNVCNCCALC14        tipo="A"	    posicion="563"		 longitud="2"	/>
		        <CNVCNCCALC24        tipo="A"	    posicion="565"		 longitud="2"	/>
		        <CNVCNCCALC34        tipo="A"	    posicion="567"		 longitud="2"	/>
		        <CNVCNCCALC44        tipo="A"	    posicion="569"		 longitud="2"	/>
		        <CNVCNCCALC54        tipo="A"	    posicion="571"		 longitud="2"	/>
		        <CNVCNCCALC64        tipo="A"	    posicion="573"		 longitud="2"	/>
		        
		        <CNVCNCCALC15        tipo="A"	    posicion="575"		 longitud="2"	/>
		        <CNVCNCCALC25        tipo="A"	    posicion="577"		 longitud="2"	/>
		        <CNVCNCCALC35        tipo="A"	    posicion="579"		 longitud="2"	/>
		        <CNVCNCCALC45        tipo="A"	    posicion="581"		 longitud="2"	/>
		        <CNVCNCCALC55        tipo="A"	    posicion="583"		 longitud="2"	/>
		        <CNVCNCCALC65        tipo="A"	    posicion="585"		 longitud="2"	/>
		        
		        <CNVCNCCALC16        tipo="A"	    posicion="587"		 longitud="2"	/>
		        <CNVCNCCALC26        tipo="A"	    posicion="589"		 longitud="2"	/>
		        <CNVCNCCALC36        tipo="A"	    posicion="591"		 longitud="2"	/>
		        <CNVCNCCALC46        tipo="A"	    posicion="593"		 longitud="2"	/>
		        <CNVCNCCALC56        tipo="A"	    posicion="595"		 longitud="2"	/>
		        <CNVCNCCALC66        tipo="A"	    posicion="597"		 longitud="2"	/>
		        
		        <!-- MES VENCIMIENT PAGUES -->
		        <CNVCNCMESVENC1	     tipo="L"	    posicion="1441"		 longitud="1"	/>
		        <CNVCNCMESVENC2	     tipo="L"	    posicion="1442"		 longitud="1"	/>
		        <CNVCNCMESVENC3	     tipo="L"	    posicion="1443"		 longitud="1"	/>
		        <CNVCNCMESVENC4	     tipo="L"	    posicion="1444"		 longitud="1"	/>
		        <CNVCNCMESVENC5	     tipo="L"	    posicion="1445"		 longitud="1"	/>
		        <CNVCNCMESVENC6	     tipo="L"	    posicion="1446"		 longitud="1"	/>
			</campos>
		</tabla>
	</tablas>
</mdb>
