<?xml version="1.0" encoding="UTF-8"?>
<mdb archivo="FGL1017.D" ldat="1449">
	<tablas>
    <tabla nombre="ConvenioConcep">
			<campos>
		        <CNVCNCCODICONV    tipo="I"     posicion="0"         longitud="2"   />
		        <CNVCNCCODIEMP     tipo="I"	    posicion="2"		 longitud="2"	/>
		        <CNVCNCCODIOPE     tipo="I"	    posicion="4"		 longitud="2"	/>
		        <!-- <CNVCNCCODIPAGA    tipo="I"	    posicion="9"		 longitud="2"	/> -->
		        <CNVCNCFINI1     tipo="I"	    posicion="13"		 longitud="2"	formato="MMdd"/>
		        <CNVCNCFINI2     tipo="I"	    posicion="15"		 longitud="2"	formato="MMdd"/>
		        <CNVCNCFINI3     tipo="I"	    posicion="17"		 longitud="2"	formato="MMdd"/>
		        <CNVCNCFINI4     tipo="I"	    posicion="19"		 longitud="2"	formato="MMdd"/>
		        <CNVCNCFINI5     tipo="I"	    posicion="21"		 longitud="2"	formato="MMdd"/>
		        <CNVCNCFINI6     tipo="I"	    posicion="23"		 longitud="2"	formato="MMdd"/>
		        
		        <CNVCNCFFIN1     tipo="I"	    posicion="25"		 longitud="2"	formato="MMdd"/>
		        <CNVCNCFFIN2     tipo="I"	    posicion="27"		 longitud="2"	formato="MMdd"/>
		        <CNVCNCFFIN3     tipo="I"	    posicion="29"		 longitud="2"	formato="MMdd"/>
		        <CNVCNCFFIN4     tipo="I"	    posicion="31"		 longitud="2"	formato="MMdd"/>
		        <CNVCNCFFIN5     tipo="I"	    posicion="33"		 longitud="2"	formato="MMdd"/>
		        <CNVCNCFFIN6     tipo="I"	    posicion="35"		 longitud="2"	formato="MMdd"/>
		        
		        <CNVCNCDESCR1     tipo="A"	    posicion="43"		 longitud="24"	/>
		        <CNVCNCDESCR2     tipo="A"	    posicion="67"		 longitud="24"	/>
		        <CNVCNCDESCR3     tipo="A"	    posicion="91"		 longitud="24"	/>
		        <CNVCNCDESCR4     tipo="A"	    posicion="115"		 longitud="24"	/>
		        <CNVCNCDESCR5     tipo="A"	    posicion="139"		 longitud="24"	/>
		        <CNVCNCDESCR6     tipo="A"	    posicion="163"		 longitud="24"	/>
		        
		        <!--  DESGLÒS -->
		        <CNVCNCCODDESG11     tipo="I"	    posicion="193"		 longitud="2"	/>
		        <CNVCNCCODDESG21     tipo="I"	    posicion="195"		 longitud="2"	/>
		        <CNVCNCCODDESG31     tipo="I"	    posicion="197"		 longitud="2"	/>
		        <CNVCNCCODDESG41     tipo="I"	    posicion="199"		 longitud="2"	/>
		        <CNVCNCCODDESG51     tipo="I"	    posicion="201"		 longitud="2"	/>
		        <CNVCNCCODDESG61     tipo="I"	    posicion="203"		 longitud="2"	/>
		        
		        <CNVCNCCODDESG12     tipo="I"	    posicion="205"		 longitud="2"	/>
		        <CNVCNCCODDESG22     tipo="I"	    posicion="207"		 longitud="2"	/>
		        <CNVCNCCODDESG32     tipo="I"	    posicion="209"		 longitud="2"	/>
		        <CNVCNCCODDESG42     tipo="I"	    posicion="211"		 longitud="2"	/>
		        <CNVCNCCODDESG52     tipo="I"	    posicion="213"		 longitud="2"	/>
		        <CNVCNCCODDESG62     tipo="I"	    posicion="215"		 longitud="2"	/>
		        
		        <CNVCNCCODDESG13     tipo="I"	    posicion="217"		 longitud="2"	/>
		        <CNVCNCCODDESG23     tipo="I"	    posicion="219"		 longitud="2"	/>
		        <CNVCNCCODDESG33     tipo="I"	    posicion="221"		 longitud="2"	/>
		        <CNVCNCCODDESG43     tipo="I"	    posicion="223"		 longitud="2"	/>
		        <CNVCNCCODDESG53     tipo="I"	    posicion="225"		 longitud="2"	/>
		        <CNVCNCCODDESG63     tipo="I"	    posicion="227"		 longitud="2"	/>
		        
		        <CNVCNCCODDESG14     tipo="I"	    posicion="229"		 longitud="2"	/>
		        <CNVCNCCODDESG24     tipo="I"	    posicion="231"		 longitud="2"	/>
		        <CNVCNCCODDESG34     tipo="I"	    posicion="233"		 longitud="2"	/>
		        <CNVCNCCODDESG44     tipo="I"	    posicion="235"		 longitud="2"	/>
		        <CNVCNCCODDESG54     tipo="I"	    posicion="237"		 longitud="2"	/>
		        <CNVCNCCODDESG64     tipo="I"	    posicion="239"		 longitud="2"	/>
		        
		        <CNVCNCCODDESG15     tipo="I"	    posicion="241"		 longitud="2"	/>
		        <CNVCNCCODDESG25     tipo="I"	    posicion="243"		 longitud="2"	/>
		        <CNVCNCCODDESG35     tipo="I"	    posicion="245"		 longitud="2"	/>
		        <CNVCNCCODDESG45     tipo="I"	    posicion="247"		 longitud="2"	/>
		        <CNVCNCCODDESG55     tipo="I"	    posicion="249"		 longitud="2"	/>
		        <CNVCNCCODDESG65     tipo="I"	    posicion="251"		 longitud="2"	/>
		        
		        <CNVCNCCODDESG16     tipo="I"	    posicion="253"		 longitud="2"	/>
		        <CNVCNCCODDESG26     tipo="I"	    posicion="255"		 longitud="2"	/>
		        <CNVCNCCODDESG36     tipo="I"	    posicion="257"		 longitud="2"	/>
		        <CNVCNCCODDESG46     tipo="I"	    posicion="259"		 longitud="2"	/>
		        <CNVCNCCODDESG56     tipo="I"	    posicion="261"		 longitud="2"	/>
		        <CNVCNCCODDESG66     tipo="I"	    posicion="263"		 longitud="2"	/>
		        
		        <CNVCNCCODDESG17     tipo="I"	    posicion="265"		 longitud="2"	/>
		        <CNVCNCCODDESG27     tipo="I"	    posicion="267"		 longitud="2"	/>
		        <CNVCNCCODDESG37     tipo="I"	    posicion="269"		 longitud="2"	/>
		        <CNVCNCCODDESG47     tipo="I"	    posicion="271"		 longitud="2"	/>
		        <CNVCNCCODDESG57     tipo="I"	    posicion="273"		 longitud="2"	/>
		        <CNVCNCCODDESG67     tipo="I"	    posicion="275"		 longitud="2"	/>
		        
		        <CNVCNCCODDESG18     tipo="I"	    posicion="277"		 longitud="2"	/>
		        <CNVCNCCODDESG28     tipo="I"	    posicion="279"		 longitud="2"	/>
		        <CNVCNCCODDESG38     tipo="I"	    posicion="281"		 longitud="2"	/>
		        <CNVCNCCODDESG48     tipo="I"	    posicion="283"		 longitud="2"	/>
		        <CNVCNCCODDESG58     tipo="I"	    posicion="285"		 longitud="2"	/>
		        <CNVCNCCODDESG68     tipo="I"	    posicion="287"		 longitud="2"	/>
		        
		        <CNVCNCCODDESG19     tipo="I"	    posicion="289"		 longitud="2"	/>
		        <CNVCNCCODDESG29     tipo="I"	    posicion="291"		 longitud="2"	/>
		        <CNVCNCCODDESG39     tipo="I"	    posicion="293"		 longitud="2"	/>
		        <CNVCNCCODDESG49     tipo="I"	    posicion="295"		 longitud="2"	/>
		        <CNVCNCCODDESG59     tipo="I"	    posicion="297"		 longitud="2"	/>
		        <CNVCNCCODDESG69     tipo="I"	    posicion="299"		 longitud="2"	/>
		        
		        <CNVCNCCODDESG110     tipo="I"	    posicion="301"		 longitud="2"	/>
		        <CNVCNCCODDESG210     tipo="I"	    posicion="303"		 longitud="2"	/>
		        <CNVCNCCODDESG310     tipo="I"	    posicion="305"		 longitud="2"	/>
		        <CNVCNCCODDESG410     tipo="I"	    posicion="307"		 longitud="2"	/>
		        <CNVCNCCODDESG510     tipo="I"	    posicion="309"		 longitud="2"	/>
		        <CNVCNCCODDESG610     tipo="I"	    posicion="311"		 longitud="2"	/>
		        
		        <!-- fins al 16 de 2 en 2 -->
		        
		        
		        
		        <CNVCNCUNID11        tipo="l"	    posicion="385"		 longitud="4"	/>
		        <CNVCNCUNID21        tipo="l"	    posicion="389"		 longitud="4"	/>
		        <CNVCNCUNID31        tipo="l"	    posicion="393"		 longitud="4"	/>
		        <CNVCNCUNID41        tipo="l"	    posicion="397"		 longitud="4"	/>
		        <CNVCNCUNID51        tipo="l"	    posicion="401"		 longitud="4"	/>
		        <CNVCNCUNID61        tipo="l"	    posicion="405"		 longitud="4"	/>
		        
		        <CNVCNCUNID12        tipo="l"	    posicion="409"		 longitud="4"	/>
		        <CNVCNCUNID22        tipo="l"	    posicion="413"		 longitud="4"	/>
		        <CNVCNCUNID32        tipo="l"	    posicion="417"		 longitud="4"	/>
		        <CNVCNCUNID42        tipo="l"	    posicion="421"		 longitud="4"	/>
		        <CNVCNCUNID52        tipo="l"	    posicion="425"		 longitud="4"	/>
		        <CNVCNCUNID62        tipo="l"	    posicion="429"		 longitud="4"	/>
		        
		        <CNVCNCUNID13        tipo="l"	    posicion="433"		 longitud="4"	/>
		        <CNVCNCUNID23        tipo="l"	    posicion="437"		 longitud="4"	/>
		        <CNVCNCUNID33        tipo="l"	    posicion="441"		 longitud="4"	/>
		        <CNVCNCUNID43        tipo="l"	    posicion="445"		 longitud="4"	/>
		        <CNVCNCUNID53        tipo="l"	    posicion="449"		 longitud="4"	/>
		        <CNVCNCUNID63        tipo="l"	    posicion="453"		 longitud="4"	/>
		        
		        <CNVCNCUNID14        tipo="l"	    posicion="457"		 longitud="4"	/>
		        <CNVCNCUNID24        tipo="l"	    posicion="461"		 longitud="4"	/>
		        <CNVCNCUNID34        tipo="l"	    posicion="465"		 longitud="4"	/>
		        <CNVCNCUNID44        tipo="l"	    posicion="469"		 longitud="4"	/>
		        <CNVCNCUNID54        tipo="l"	    posicion="473"		 longitud="4"	/>
		        <CNVCNCUNID64        tipo="l"	    posicion="477"		 longitud="4"	/>
		        
		        <CNVCNCUNID15        tipo="I"	    posicion="481"		 longitud="4"	/>
		        <CNVCNCUNID25        tipo="I"	    posicion="485"		 longitud="4"	/>
		        <CNVCNCUNID35        tipo="I"	    posicion="489"		 longitud="4"	/>
		        <CNVCNCUNID45        tipo="I"	    posicion="493"		 longitud="4"	/>
		        <CNVCNCUNID55        tipo="I"	    posicion="497"		 longitud="4"	/>
		        <CNVCNCUNID65        tipo="I"	    posicion="501"		 longitud="4"	/>
		        
		        <CNVCNCUNID16        tipo="I"	    posicion="505"		 longitud="4"	/>
		        <CNVCNCUNID26        tipo="I"	    posicion="509"		 longitud="4"	/>
		        <CNVCNCUNID36        tipo="I"	    posicion="513"		 longitud="4"	/>
		        <CNVCNCUNID46        tipo="I"	    posicion="517"		 longitud="4"	/>
		        <CNVCNCUNID56        tipo="I"	    posicion="521"		 longitud="4"	/>
		        <CNVCNCUNID66        tipo="I"	    posicion="525"		 longitud="4"	/>
		        
		        <CNVCNCUNID17        tipo="I"	    posicion="529"		 longitud="4"	/>
		        <CNVCNCUNID27        tipo="I"	    posicion="533"		 longitud="4"	/>
		        <CNVCNCUNID37        tipo="I"	    posicion="537"		 longitud="4"	/>
		        <CNVCNCUNID47        tipo="I"	    posicion="541"		 longitud="4"	/>
		        <CNVCNCUNID57        tipo="I"	    posicion="545"		 longitud="4"	/>
		        <CNVCNCUNID67        tipo="I"	    posicion="549"		 longitud="4"	/>
		        
		        <CNVCNCUNID18        tipo="I"	    posicion="553"		 longitud="4"	/>
		        <CNVCNCUNID28        tipo="I"	    posicion="557"		 longitud="4"	/>
		        <CNVCNCUNID38        tipo="I"	    posicion="561"		 longitud="4"	/>
		        <CNVCNCUNID48        tipo="I"	    posicion="565"		 longitud="4"	/>
		        <CNVCNCUNID58        tipo="I"	    posicion="569"		 longitud="4"	/>
		        <CNVCNCUNID68        tipo="I"	    posicion="573"		 longitud="4"	/>
		        
		        <CNVCNCUNID19        tipo="I"	    posicion="577"		 longitud="4"	/>
		        <CNVCNCUNID29        tipo="I"	    posicion="581"		 longitud="4"	/>
		        <CNVCNCUNID39        tipo="I"	    posicion="585"		 longitud="4"	/>
		        <CNVCNCUNID49        tipo="I"	    posicion="589"		 longitud="4"	/>
		        <CNVCNCUNID59        tipo="I"	    posicion="593"		 longitud="4"	/>
		        <CNVCNCUNID69        tipo="I"	    posicion="597"		 longitud="4"	/>
		        
		        <CNVCNCUNID110        tipo="I"	    posicion="601"		 longitud="4"	/>
		        <CNVCNCUNID210        tipo="I"	    posicion="605"		 longitud="4"	/>
		        <CNVCNCUNID310        tipo="I"	    posicion="609"		 longitud="4"	/>
		        <CNVCNCUNID410        tipo="I"	    posicion="613"		 longitud="4"	/>
		        <CNVCNCUNID510        tipo="I"	    posicion="617"		 longitud="4"	/>
		        <CNVCNCUNID610        tipo="I"	    posicion="621"		 longitud="4"	/>
		        <!-- fins al 16 de 4 en 4 -->
		        
		        
		        <CNVCNCCALC11        tipo="A"	    posicion="769"		 longitud="1"	/>
		        <CNVCNCCALC21        tipo="A"	    posicion="770"		 longitud="1"	/>
		        <CNVCNCCALC31        tipo="A"	    posicion="771"		 longitud="1"	/>
		        <CNVCNCCALC41        tipo="A"	    posicion="772"		 longitud="1"	/>
		        <CNVCNCCALC51        tipo="A"	    posicion="773"		 longitud="1"	/>
		        <CNVCNCCALC61        tipo="A"	    posicion="774"		 longitud="1"	/>		        
		        <CNVCNCCALC12        tipo="A"	    posicion="775"		 longitud="1"	/>
		        <CNVCNCCALC22        tipo="A"	    posicion="776"		 longitud="1"	/>
		        <CNVCNCCALC32        tipo="A"	    posicion="777"		 longitud="1"	/>
		        <CNVCNCCALC42        tipo="A"	    posicion="778"		 longitud="1"	/>
		        <CNVCNCCALC52        tipo="A"	    posicion="779"		 longitud="1"	/>
		        <CNVCNCCALC62        tipo="A"	    posicion="780"		 longitud="1"	/>
		        <CNVCNCCALC13        tipo="A"	    posicion="781"		 longitud="1"	/>
		        <CNVCNCCALC23        tipo="A"	    posicion="782"		 longitud="1"	/>
		        <CNVCNCCALC33        tipo="A"	    posicion="783"		 longitud="1"	/>
		        <CNVCNCCALC43        tipo="A"	    posicion="784"		 longitud="1"	/>
		        <CNVCNCCALC53        tipo="A"	    posicion="785"		 longitud="1"	/>
		        <CNVCNCCALC63        tipo="A"	    posicion="786"		 longitud="1"	/>		        
		        <CNVCNCCALC14        tipo="A"	    posicion="787"		 longitud="1"	/>
		        <CNVCNCCALC24        tipo="A"	    posicion="788"		 longitud="1"	/>
		        <CNVCNCCALC34        tipo="A"	    posicion="789"		 longitud="1"	/>
		        <CNVCNCCALC44        tipo="A"	    posicion="790"		 longitud="1"	/>
		        <CNVCNCCALC54        tipo="A"	    posicion="791"		 longitud="1"	/>
		        <CNVCNCCALC64        tipo="A"	    posicion="792"		 longitud="1"	/>		        
		        <CNVCNCCALC15        tipo="A"	    posicion="793"		 longitud="1"	/>
		        <CNVCNCCALC25        tipo="A"	    posicion="794"		 longitud="1"	/>
		        <CNVCNCCALC35        tipo="A"	    posicion="795"		 longitud="1"	/>
		        <CNVCNCCALC45        tipo="A"	    posicion="796"		 longitud="1"	/>
		        <CNVCNCCALC55        tipo="A"	    posicion="797"		 longitud="1"	/>
		        <CNVCNCCALC65        tipo="A"	    posicion="798"		 longitud="1"	/>		        
		        <CNVCNCCALC16        tipo="A"	    posicion="799"		 longitud="1"	/>
		        <CNVCNCCALC26        tipo="A"	    posicion="800"		 longitud="1"	/>
		        <CNVCNCCALC36        tipo="A"	    posicion="801"		 longitud="1"	/>
		        <CNVCNCCALC46        tipo="A"	    posicion="802"		 longitud="1"	/>
		        <CNVCNCCALC56        tipo="A"	    posicion="803"		 longitud="1"	/>
		        <CNVCNCCALC66        tipo="A"	    posicion="804"		 longitud="1"	/>		        
		        <CNVCNCCALC17        tipo="A"	    posicion="805"		 longitud="1"	/>
		        <CNVCNCCALC27        tipo="A"	    posicion="806"		 longitud="1"	/>
		        <CNVCNCCALC37        tipo="A"	    posicion="807"		 longitud="1"	/>
		        <CNVCNCCALC47        tipo="A"	    posicion="808"		 longitud="1"	/>
		        <CNVCNCCALC57        tipo="A"	    posicion="809"		 longitud="1"	/>
		        <CNVCNCCALC67        tipo="A"	    posicion="810"		 longitud="1"	/>		        
		        <CNVCNCCALC18        tipo="A"	    posicion="811"		 longitud="1"	/>
		        <CNVCNCCALC28        tipo="A"	    posicion="812"		 longitud="1"	/>
		        <CNVCNCCALC38        tipo="A"	    posicion="813"		 longitud="1"	/>
		        <CNVCNCCALC48        tipo="A"	    posicion="814"		 longitud="1"	/>
		        <CNVCNCCALC58        tipo="A"	    posicion="815"		 longitud="1"	/>
		        <CNVCNCCALC68        tipo="A"	    posicion="816"		 longitud="1"	/>		        
		        <CNVCNCCALC19        tipo="A"	    posicion="817"		 longitud="1"	/>
		        <CNVCNCCALC29        tipo="A"	    posicion="818"		 longitud="1"	/>
		        <CNVCNCCALC39        tipo="A"	    posicion="819"		 longitud="1"	/>
		        <CNVCNCCALC49        tipo="A"	    posicion="820"		 longitud="1"	/>
		        <CNVCNCCALC59        tipo="A"	    posicion="821"		 longitud="1"	/>
		        <CNVCNCCALC69        tipo="A"	    posicion="822"		 longitud="1"	/>		        
		        <CNVCNCCALC110       tipo="A"	    posicion="823"		 longitud="1"	/>
		        <CNVCNCCALC210       tipo="A"	    posicion="824"		 longitud="1"	/>
		        <CNVCNCCALC310       tipo="A"	    posicion="825"		 longitud="1"	/>
		        <CNVCNCCALC410       tipo="A"	    posicion="826"		 longitud="1"	/>
		        <CNVCNCCALC510       tipo="A"	    posicion="827"		 longitud="1"	/>
		        <CNVCNCCALC610       tipo="A"	    posicion="828"		 longitud="1"	/>
		        
		        <!-- fins al 16 de 2 en 2 -->
		        
		        <!-- MES VENCIMIENT PAGUES -->
		        <CNVCNCMESVENC1	     tipo="L"	    posicion="1441"		 longitud="1"	/>
		        <CNVCNCMESVENC2	     tipo="L"	    posicion="1442"		 longitud="1"	/>
		        <CNVCNCMESVENC3	     tipo="L"	    posicion="1443"		 longitud="1"	/>
		        <CNVCNCMESVENC4	     tipo="L"	    posicion="1444"		 longitud="1"	/>
		        <CNVCNCMESVENC5	     tipo="L"	    posicion="1445"		 longitud="1"	/>
		        <CNVCNCMESVENC6	     tipo="L"	    posicion="1446"		 longitud="1"	/>
			</campos>
		</tabla>
	</tablas>
</mdb>
