<?xml version="1.0" encoding="UTF-8"?>
<mdb archivo="FUN1113.D" ldat="326">
	<tablas>
    	<tabla nombre="Nifes2">
			<campos>
				<FUNCODCLIENTE    	tipo="L"     posicion="0"     longitud="4"   />
				<FUNCONTADOR    	tipo="I"     posicion="4"     longitud="1"   />
				<FUNCODCLIENTE2    	tipo="L"     posicion="5"     longitud="4"   />
				<FUNMOVIL  			tipo="A"     posicion="129"   longitud="15"  />
				<FUNMAIL    		tipo="A"     posicion="144"    longitud="35"  />
				<FUNNOMBRECOM		tipo="A"     posicion="201"    longitud="35"  />	
				<FUNTIPONIF    		tipo="A"     posicion="321"    longitud="1"  />
        		<FUNCODPAIS     	tipo="A"     posicion="322"    longitud="2"  />			
			</campos>
		</tabla>
	</tablas>
</mdb>