<?xml version="1.0" encoding="UTF-8"?>
<mdb archivo="FGL1007.D" ldat="369">
	<tablas>
    	<tabla nombre="Departamentos">
			<campos>
				<DEPCODIGOEMP    	tipo="I"     posicion="1"     longitud="2"   />
				<DEPCODIGOCEN    	tipo="I"     posicion="3"     longitud="2"   />
				<DEPCODIGODEP    	tipo="I"     posicion="5"     longitud="2"   />
				<DEPCODIGOSEC    	tipo="I"     posicion="7"     longitud="2"   />
				<DEPCODIGOPUESTO   	tipo="I"     posicion="9"     longitud="2"   />				
				<DEPDESCRIPCION    	tipo="A"     posicion="23"     longitud="20"   />			
			</campos>
		</tabla>
	</tablas>
</mdb>
			