<?xml version="1.0" encoding="UTF-8"?>
<mdb archivo="FGL1053.D" ldat="151">
	<tablas>
    	<tabla nombre="Bancos">
			<campos>
				<EMPCODIGO	 tipo="I"     posicion="0"   longitud="2"  />
				<EMPBANCOD  tipo="I"     posicion="2"   longitud="2"  />	
				<EMPBANDES  tipo="A"     posicion="9"   longitud="30"  />  
				<EMPBANENT  tipo="A"     posicion="39"   longitud="4"  />
				<EMPBANSUC  tipo="A"     posicion="43"   longitud="4"  />
				<EMPBANDC   tipo="A"     posicion="47"   longitud="2"  />
				<EMPBANNCUE tipo="A"     posicion="49"   longitud="10"  />
				<EMPBANTIT  tipo="A"     posicion="59"   longitud="30"  />
				<EMPCCONTABLE tipo="A"     posicion="110"   longitud="15"  />
				<EMPBANIBAN tipo="A"     posicion="125"   longitud="4"  />
				<EMPBIC 	tipo="A"     posicion="129"   longitud="11"  />
				<EMPSUFIJO 	tipo="A"     posicion="140"   longitud="3"  />
			</campos>
		</tabla>
	</tablas>
</mdb>
		