<?xml version="1.0" encoding="UTF-8"?>
<mdb archivo="FGL1001.D" ldat="734">
	<tablas>
    	<tabla nombre="Empresa">
			<campos>
		        <EMPCODIGO    	tipo="I"     posicion="3"     longitud="2"   />
		        <EMPNOMBRE    	tipo="A"     posicion="5"     longitud="25"  />
		        <EMPSIGLAS    	tipo="A"     posicion="30"    longitud="3"   />
		        <EMPVIA       	tipo="A"     posicion="33"    longitud="23"  />
		        <EMPCODFUN     	tipo="L"     posicion="55"    longitud="4"  />
		        <EMPNIF       	tipo="A"     posicion="59"    longitud="15"  />
		        <EMPCPOSTAL   	tipo="A"     posicion="74"    longitud="5"   />
		        <EMPPOBLACION 	tipo="A"     posicion="79"    longitud="25"  />
		        <EMPPROVINCIA  	tipo="A"     posicion="104"   longitud="25"  />
		        <EMPCCC 	  	tipo="L"     posicion="129"   longitud="6"   />
		        <EMPREGIMEN		tipo="A"     posicion="157"   longitud="1"   />	
		        <EMPMUTUAACC   	tipo="I"     posicion="162"   longitud="2"   />
		        <EMPCONVENIO  	tipo="I"     posicion="164"   longitud="2"   />
		        <EMPCODPRINC  	tipo="I"     posicion="166"   longitud="2"   />
		        <EMPREPRESNOM  	tipo="A"     posicion="173"   longitud="25"  />	
		        <EMPREPRESDNI  	tipo="A"     posicion="198"   longitud="10"  />
		        <EMPREPRESCARGO tipo="A"     posicion="208"   longitud="25"  />	        	
		        <EMPREPFECNAC  	tipo="D"     posicion="233"   longitud="8"  formato="yyyyMMdd"/>
		        <EMPEPIGRAFE	tipo="A"     posicion="241"   longitud="8"  />	
		        <EMPINEM		tipo="A"     posicion="249"   longitud="7"  />	
		        <EMPSISTRED		tipo="A"     posicion="469"   longitud="1"   />	
		        <EMPMOD111		tipo="A"     posicion="257"   longitud="1"   /><!-- T:trimestral M:Mensual -->
		        <EMPBANCOSS		tipo="I"     posicion="344"   longitud="2"   />
		        <EMPBANCOIRPF	tipo="I"     posicion="346"   longitud="2"   />
		        <EMPBANCOTRANS	tipo="I"     posicion="348"   longitud="2"   />
		        <EMPBANCOEMBAR	tipo="I"     posicion="350"   longitud="2"   />
		        <EMPREPVARNOM  	tipo="A"     posicion="394"   longitud="25"  />
		        <EMPREPVARDNI  	tipo="A"     posicion="427"   longitud="10"  />
		        <EMPREPVARCARGO	tipo="A"     posicion="437"   longitud="25"  />
		        <EMPCRETA		tipo="A"     posicion="469"   longitud="1"   />	
		        <EMPMUTUAENF   	tipo="I"     posicion="488"   longitud="2"   />
		        <EMPDOMTC1  	tipo="A"     posicion="495"   longitud="1"   /> <!-- domiciliacion TC1 c:cargo en cuenta v:domiciliacion electronica  n:Normal/papel -->
		        <EMPCCCASC   	tipo="L"     posicion="496"   longitud="6"   />
		        <EMPMODCON190	tipo="A"     posicion="505"   longitud="1"   /><!-- L:laser I:Internet N:no generado -->
		        <EMPPERFISCA	tipo="A"     posicion="562"   longitud="1"   />
		        		
		        <EMPILT30DIAS	tipo="A"     posicion="605"   longitud="1"   />	  <!-- punto 1 apartado datos para calculo empresa. -->
		             
		        <EMPTIPOEMPRESA	tipo="A"     posicion="609"   longitud="1"   /> <!-- tipo empresa E: empleados del hogar n:Normal -->
		        <EMPTIPONIF		tipo="A"     posicion="611"   longitud="1"   /> <!-- empresa activa A:activa I:inactiva -->
		        <EMPACTIVA		tipo="A"     posicion="612"   longitud="1"   /> <!-- empresa activa A:activa I:inactiva -->		        
		        <EMPMOD190		tipo="A"     posicion="618"   longitud="1"   /><!-- P:papel I:Internet N:no hace -->
		        <EMPCNAE2009C 	tipo="I"     posicion="674"   longitud="1"   />
		        <EMPCNAE2009SC 	tipo="I"     posicion="675"   longitud="2"   /><!-- subcodigo cnae2009 -->
		        <EMPFORMADEPAGO	tipo="A"     posicion="672"   longitud="1"   /><!-- C: cargo cuenta; G:agencia tributaria;  U:Domiciliado -->
		        <EMPUSARCCPRINC	tipo="A"     posicion="682"   longitud="1"   />
		        
		        
		        
		        
		   	</campos>
		</tabla>
	</tablas>
</mdb>
