<?xml version="1.0" encoding="UTF-8"?>
<mdb archivo="FGL1011.D" ldat="746">
	<tablas>
    <tabla nombre="HistoricoIRPF">
		<campos>
      <HISIRPFCODEMP   tipo="I"     posicion="0"     longitud="2"   />
      <HISIRPFCODTRA   tipo="I"     posicion="2"     longitud="2"   />
      <HISIRPFANYO     tipo="D"     posicion="4"     longitud="2"   />
      <HISIRPFMES      tipo="I"     posicion="6"     longitud="1"   />
			<HISIRPFTIPOHIS  tipo="A"     posicion="7"     longitud="1"   />




      <SSCONTINGEN     tipo="L"     posicion="21"     longitud="6"   />
      <SSACCIDENTE     tipo="L"     posicion="27"     longitud="6"   />

<SSBASEREGCC        tipo="L"     posicion="33"     longitud="6"   />
<SSBASEREGCP        tipo="L"     posicion="39"     longitud="6"   />


      <SSDIASCOT     tipo="I"    posicion="45"     longitud="2"   />
      <SSDIASTRABAJ  tipo="I"    posicion="47"     longitud="2"   />
      <SSDIASENFERM  tipo="I"    posicion="49"     longitud="2"   />
      <SSDIASACCID   tipo="I"    posicion="51"     longitud="2"   />
      <SSIMPORENFER  tipo="L"    posicion="53"     longitud="6"   />

      <SSIMPORACC    tipo="L"     posicion="59"     longitud="6"   />
      <SSBASEIT      tipo="L"     posicion="65"     longitud="6"   />




			<HISIRPFBASETOT  tipo="L"     posicion="71"     longitud="6"   />
      <SSSUJETOASS     tipo="L"     posicion="71"     longitud="6"   />

      <SSBONIFREDUC    tipo="L"     posicion="77"     longitud="6"   />


      <SSHORNOFZAMAY  tipo="L"     posicion="83"       longitud="6"   />
      <SSHORFZAMAY  tipo="L"       posicion="89"       longitud="6"   />
      <SSPRORRATEOS  tipo="L"      posicion="101"      longitud="6"   />
      <SSTIPOCONTR  tipo="I"       posicion="107"      longitud="2"   />
      <SSDIASCTOTC  tipo="I"       posicion="109"      longitud="2"   />
      <SSHORASCONTR  tipo="L"      posicion="111"      longitud="3"   />



			<HISIRPFPERINI  tipo="D"     posicion="116"     longitud="8"   formato="yyyyMMdd"/><!-- 365 -->
			<HISIRPFPERFIN  tipo="D"     posicion="124"     longitud="8"   formato="yyyyMMdd"/>

      <HISIRPFIMPBRUTO    tipo="L"     posicion="132"     longitud="6"   />

<IRPFBASEDINER   tipo="L"     posicion="138"     longitud="6"   />



      <HISIRPFCNOSUJGEN   tipo="L"     posicion="144"     longitud="6"   />
			<HISIRPFRETENTOTAL  tipo="L"     posicion="150"     longitud="6"   />
      <HISIRPFDEDUCSS     tipo="L"     posicion="156"     longitud="6"   />

			<HISIRPFOTRASDEDUC  tipo="L"     posicion="162"     longitud="6"   />
      <HISIRPFLIQUIDO     tipo="L"     posicion="168"     longitud="6"   />
			<HISIRPFCOSTEEMP  tipo="L"     posicion="174"     longitud="6"   />



			<HISIRPFNOSUJDIET  tipo="L"     posicion="204"     longitud="6"   />
			<HISIRPFNOSUJKM  tipo="L"     posicion="210"     longitud="6"   />
			<HISIRPFINDNOSUJ  tipo="L"     posicion="216"     longitud="6"   />

			<SSDIASMATERN  tipo="I"     posicion="240"     longitud="2"   />


<SSCUOTACC     tipo="L"       posicion="258"       longitud="6"   />
<SSCUOTAFP     tipo="L"       posicion="264"       longitud="6"   />
<SSCUOTADESEM  tipo="L"       posicion="270"       longitud="6"   />
<SSNOSE03      tipo="L"       posicion="276"       longitud="6"   />
<SSNOSE04      tipo="L"       posicion="282"       longitud="6"   />
<SSNOSE05      tipo="L"       posicion="288"       longitud="6"   />



			<SSDIASVACAC  tipo="I"     posicion="292"     longitud="2"   />
			<SSDIASDPR  tipo="I"     posicion="312"     longitud="2"   />

			<HISIRPFPORCAPL  tipo="L"     posicion="327"     longitud="3"   />
			<HISIRPFTIPOREL  tipo="I"     posicion="330"     longitud="2"   />

			<!-- HISTORICOS SEGURIDAD SOCIAL (fechas período iguales que en IRPF)-->





		</campos>
	</tabla>
	</tablas>
</mdb>



































































