<?xml version="1.0" encoding="UTF-8"?>
<mdb archivo="FGL1012.D" ldat="45">
	<tablas>
    <tabla nombre="HistoricoRetribuciones">
		<campos>
      <CODEMP   tipo="I"     posicion="0"     longitud="2"   />
      <CODTRA   tipo="I"     posicion="2"     longitud="2"   />
      <ANYO     tipo="I"     posicion="4"     longitud="2"   />
      <MES      tipo="I"     posicion="6"     longitud="1"   />


      <TIPOPAGA      tipo="A"     posicion="7"     longitud="1"   />
      <CONCEPTO      tipo="A"     posicion="10"     longitud="2"   />
      <UNIDADES       tipo="L"     posicion="25"     longitud="4"   />
      <IMPUNITARIO    tipo="L"     posicion="29"     longitud="5"   />


      <CONCEPTO02      tipo="I"     posicion="8"     longitud="2"   />


      <CONCEPTO03      tipo="I"     posicion="11"     longitud="2"   />
      <CONCEPTO04      tipo="I"     posicion="12"     longitud="1"   />




		</campos>
	</tabla>
	</tablas>
</mdb>



































































