<?xml version="1.0" encoding="UTF-8"?>
<mdb archivo="FGL1013.D" ldat="99">
	<tablas>
    	<tabla nombre="Incidencias">
			<campos>
				 <INCEMPRESA   tipo="I"     posicion="0"  longitud="2"  />
				 <INCTRABAJ   tipo="I"     posicion="2"  longitud="2"  />
				 <INCEJERCICIO   tipo="I"     posicion="4"  longitud="2"  />
				 <INCPERIODO   tipo="I"     posicion="6"  longitud="1"  />
				 <INCCODINC   tipo="I"     posicion="16"  longitud="4"  />
			     <INCTIPOINC   tipo="A"     posicion="25"  longitud="1"  />
			     <INCDIAINI   tipo="I"     posicion="26"  longitud="2"  />
			     <INCDIAFIN   tipo="I"     posicion="28"  longitud="2"  />			     
			     <INCDIASACUM  tipo="I"     posicion="30"  longitud="2"  />	     			     
			     <INCIMPORTESS   tipo="D"     posicion="32"  longitud="4"  />
			     <INCIMPORTEEMP   tipo="D"     posicion="36"  longitud="4"  />			     
			     <INCDIASEMP   tipo="I"     posicion="40"  longitud="2"  />
			     <INCDIASSS   tipo="I"     posicion="42"  longitud="2"  />			     
			</campos>
		</tabla>
	</tablas>
</mdb>