<?xml version="1.0" encoding="UTF-8"?>
<mdb archivo="FGL1055.D" ldat="106">
	<tablas>
    <tabla nombre="ReducJornada">
		<campos>
		<RJFEEMPRESA  tipo="I"     posicion="0"     longitud="2"  />
		<RJFOPERARIO  tipo="I"     posicion="2"     longitud="2" />
			<RJFECINICIO  tipo="D"     posicion="9"     longitud="8"  formato="yyyyMMdd" />
			<RJFECFIN  tipo="D"     posicion="17"     longitud="8"  formato="yyyyMMdd" />
			<RJPORCENPAGO  tipo="L"     posicion="25"     longitud="4" />
			<RJDESCGUARDLEG  tipo="A"     posicion="63"     longitud="1" /> <!-- Descanso maternidad / Guarda legal -->
			<RJPENPAGEX  tipo="A"     posicion="64"     longitud="1" /> <!--  Penaliza pagas extras -->
		</campos>
	</tabla>
	</tablas>
</mdb>



































































