<?xml version="1.0" encoding="UTF-8"?>
<mdb archivo="FGL1006.D" ldat="2154">
	<tablas>
    <tabla nombre="Trabajador">
			<campos>

<!-- VARIABLES XML YA PROGRAMADAS EN EL TRASPASO DE DATOS -->


        <TRACODIEMP   tipo="I"     posicion="5"     longitud="2"   />
        <TRACODIGO    tipo="I"     posicion="7"     longitud="2"   />
        <TRACODIGOFUN    tipo="L"     posicion="36"     longitud="4"   />        
        <TRANOMBRE    tipo="A"     posicion="9"     longitud="25"  />
        <TRANIF       tipo="A"     posicion="40"    longitud="15"  />
        <TRASEXO   tipo="A"     posicion="1527"     longitud="1"   />
        <TRACCC    tipo="L"     posicion="212"    longitud="7"  />
        <TRCTARIFA      tipo="I"     posicion="260"   longitud="1"  />
        <TRCOCUPACION   tipo="A"     posicion="1969"  longitud="1"  />
		<TRACENTRO 		tipo="I"	posicion="34"	  longitud="2"/>


		<TRAIMPANTIGUEDAD    tipo="L"     posicion="282"    longitud="4"  />
        <TRANACIMIEN  tipo="D"     posicion="55"    longitud="8"  />
        <TRAFECVENCIMIENTO    tipo="D"     posicion="69"    longitud="8"  /> <!-- fecha vencimiento antiguedad por importe fijo -->
        <TRAFECANTIG  tipo="D"     posicion="77"    longitud="8"  />
        <TRAFECALTA   tipo="D"     posicion="85"    longitud="8"  />
        <TRAFECBAJA   tipo="D"     posicion="93"    longitud="8"  />
        <TRAFECRECIBO   tipo="D"     posicion="302"    longitud="8"  />

        <TRCINICIOCTA  tipo="D"     posicion="796"    longitud="8"  />
        <TRCFINALCTA   tipo="D"     posicion="117"    longitud="8"  />


        <TRCCLAVEIRPF    tipo="A"     posicion="1864"    longitud="1"  />
        <TRCPORCENIRPF   tipo="L"     posicion="1447"    longitud="3"  />
        <TRCIRPFCALCUL   tipo="A"     posicion="1447"    longitud="1"  />

 		<TRAESTADOCIVIL   tipo="A"     posicion="1578"    longitud="1"  />
 		<TRAMINUSVALIDO   tipo="A"     posicion="146"    longitud="1"  />
 		<TRAPENSIONISTA   tipo="A"     posicion="1646"    longitud="1"  />
 		
        <TRATIPOCTR    tipo="I"     posicion="125"     longitud="2"   />
        <TRACONVENIO   tipo="I"     posicion="65"     longitud="2"   />
        <TRACATEG      tipo="I"     posicion="67"     longitud="2"   />
        <TRANOMCATEG   tipo="A"     posicion="240"     longitud="20"   />
        
        <TRAIMPPAGAPRO   tipo="L"     posicion="271"     longitud="5"   />
        <TRAPRORRATA   tipo="A"     posicion="301"     longitud="1"   />



        <TRADEBAJA tipo="A"     posicion="130"    longitud="1"  />
        <TRASEGSOC    tipo="A"     posicion="131"    longitud="1"  />
        <!-- <PROFES    tipo="A"     posicion="471"    longitud="1"  /> -->
		<TRATOPES	  tipo="A"     posicion="804"    longitud="1"  />

        <TRABCOTRABCO1   tipo="I"     posicion="1457"    longitud="2"  />
        <TRABCOTRASUC1   tipo="I"     posicion="1459"    longitud="2"  />
        <TRABCOTRADC1    tipo="A"     posicion="166"    longitud="2"  />
        <TRABCOTRANUM1   tipo="A"     posicion="156"    longitud="10"  />


        <TRATIPOCOBRO    tipo="A"     posicion="237"    longitud="1"  />
        <TRATIPOCOTIZ    tipo="A"     posicion="238"    longitud="1"  />


        <TRAPORCENTRATP    tipo="L"     posicion="721"    longitud="4"  />
        <TRCDIASHORAS      tipo="A"     posicion="726"    longitud="1"  />
        <TRADIASATP        tipo="A"     posicion="686"    longitud="7"  />

        <TRCLUNESHOR    tipo="L"     posicion="693"    longitud="4"  />
        <TRCMARTHOR     tipo="L"     posicion="697"    longitud="4"  />
        <TRCMIERHOR     tipo="L"     posicion="701"    longitud="4"  />
        <TRCJUEVHOR     tipo="L"     posicion="705"    longitud="4"  />
        <TRCVIERHOR     tipo="L"     posicion="709"    longitud="4"  />
        <TRCSABAHOR     tipo="L"     posicion="713"    longitud="4"  />
        <TRCDOMIHOR     tipo="L"     posicion="717"    longitud="4"  />



<!-- VARIABLES PENDIENTES DE PROGRAMAR -->

        <TRARELACLAB    tipo="I"     posicion="1935"   longitud="2"  />
        <TRATRL         tipo="I"     posicion="952"    longitud="3"  />
        <TRACOLECTIVO   tipo="I"     posicion="1933"   longitud="2"  />
        <TRAHORASPRES   tipo="I"     posicion="1633"   longitud="4"  />
        <TRAHORASDIST   tipo="I"     posicion="1637"   longitud="4"  />



        <TRAAJUSREBTIPO  tipo="A"     posicion="220"    longitud="1"  />
        <TRAAJUSREBCONC  tipo="I"     posicion="221"    longitud="2"  />
        <TRAAJUSREBIMPO  tipo="L"     posicion="223"    longitud="5"  />

        <TRAAJUSPAGTIPO  tipo="A"     posicion="228"    longitud="1"  />
        <TRAAJUSPAGCONC  tipo="I"     posicion="229"    longitud="2"  />
        <TRAAJUSPAGIMPO  tipo="L"     posicion="223"    longitud="5"  />

        <TRACONCEP01COD    tipo="I"     posicion="349"     longitud="2"   />
        <TRACONCEP02COD    tipo="I"     posicion="351"     longitud="2"   />
        <TRACONCEP03COD    tipo="I"     posicion="353"     longitud="2"   />
        <TRACONCEP04COD    tipo="I"     posicion="355"     longitud="2"   />
        <TRACONCEP05COD    tipo="I"     posicion="357"     longitud="2"   />
        <TRACONCEP06COD    tipo="I"     posicion="359"     longitud="2"   />
        <TRACONCEP07COD    tipo="I"     posicion="361"     longitud="2"   />
        <TRACONCEP08COD    tipo="I"     posicion="363"     longitud="2"   />
        <TRACONCEP09COD    tipo="I"     posicion="365"     longitud="2"   />
        <TRACONCEP10COD    tipo="I"     posicion="367"     longitud="2"   />
        <TRACONCEP11COD    tipo="I"     posicion="369"     longitud="2"   />
        <TRACONCEP12COD    tipo="I"     posicion="371"     longitud="2"   />
        <TRACONCEP13COD    tipo="I"     posicion="373"     longitud="2"   />
        <TRACONCEP14COD    tipo="I"     posicion="375"     longitud="2"   />
        <TRACONCEP15COD    tipo="I"     posicion="377"     longitud="2"   />

        <TRACONCEP01IMP    tipo="L"     posicion="379"     longitud="6"   />
        <TRACONCEP02IMP    tipo="L"     posicion="385"     longitud="6"   />
        <TRACONCEP03IMP    tipo="L"     posicion="391"     longitud="6"   />
        <TRACONCEP04IMP    tipo="L"     posicion="397"     longitud="6"   />
        <TRACONCEP05IMP    tipo="L"     posicion="403"     longitud="6"   />
        <TRACONCEP06IMP    tipo="L"     posicion="409"     longitud="6"   />
        <TRACONCEP07IMP    tipo="L"     posicion="415"     longitud="6"   />
        <TRACONCEP08IMP    tipo="L"     posicion="421"     longitud="6"   />
        <TRACONCEP09IMP    tipo="L"     posicion="427"     longitud="6"   />
        <TRACONCEP10IMP    tipo="L"     posicion="433"     longitud="6"   />
        <TRACONCEP11IMP    tipo="L"     posicion="439"     longitud="6"   />
        <TRACONCEP12IMP    tipo="L"     posicion="445"     longitud="6"   />
        <TRACONCEP13IMP    tipo="L"     posicion="451"     longitud="6"   />
        <TRACONCEP14IMP    tipo="L"     posicion="457"     longitud="6"   />
        <TRACONCEP15IMP    tipo="L"     posicion="463"     longitud="6"   />

		<TRACONCEP01TIPO    tipo="A"     posicion="469"     longitud="1"   />
        <TRACONCEP02TIPO    tipo="A"     posicion="470"     longitud="1"   />
        <TRACONCEP03TIPO    tipo="A"     posicion="471"     longitud="1"   />
        <TRACONCEP04TIPO    tipo="A"     posicion="472"     longitud="1"   />
        <TRACONCEP05TIPO    tipo="A"     posicion="473"     longitud="1"   />
        <TRACONCEP06TIPO    tipo="A"     posicion="474"     longitud="1"   />
        <TRACONCEP07TIPO    tipo="A"     posicion="475"     longitud="1"   />
        <TRACONCEP08TIPO    tipo="A"     posicion="476"     longitud="1"   />
        <TRACONCEP09TIPO    tipo="A"     posicion="477"     longitud="1"   />
        <TRACONCEP10TIPO    tipo="A"     posicion="478"     longitud="1"   />
        <TRACONCEP11TIPO    tipo="A"     posicion="479"     longitud="1"   />
        <TRACONCEP12TIPO    tipo="A"     posicion="480"     longitud="1"   />
        <TRACONCEP13TIPO    tipo="A"     posicion="481"     longitud="1"   />
        <TRACONCEP14TIPO    tipo="A"     posicion="482"     longitud="1"   />
        <TRACONCEP15TIPO    tipo="A"     posicion="483"     longitud="1"   />

		<TRACONCEP01CIERRE    tipo="A"     posicion="484"     longitud="1"   />
        <TRACONCEP02CIERRE    tipo="A"     posicion="485"     longitud="1"   />
        <TRACONCEP03CIERRE    tipo="A"     posicion="486"     longitud="1"   />
        <TRACONCEP04CIERRE    tipo="A"     posicion="487"     longitud="1"   />
        <TRACONCEP05CIERRE    tipo="A"     posicion="488"     longitud="1"   />
        <TRACONCEP06CIERRE    tipo="A"     posicion="489"     longitud="1"   />
        <TRACONCEP07CIERRE    tipo="A"     posicion="490"     longitud="1"   />
        <TRACONCEP08CIERRE    tipo="A"     posicion="491"     longitud="1"   />
        <TRACONCEP09CIERRE    tipo="A"     posicion="492"     longitud="1"   />
        <TRACONCEP10CIERRE    tipo="A"     posicion="493"     longitud="1"   />
        <TRACONCEP11CIERRE    tipo="A"     posicion="494"     longitud="1"   />
        <TRACONCEP12CIERRE    tipo="A"     posicion="495"     longitud="1"   />
        <TRACONCEP13CIERRE    tipo="A"     posicion="496"     longitud="1"   />
        <TRACONCEP14CIERRE    tipo="A"     posicion="497"     longitud="1"   />
        <TRACONCEP15CIERRE    tipo="A"     posicion="498"     longitud="1"   />


        <TRACONCEP16COD    tipo="I"     posicion="499"     longitud="2"   />
        <TRACONCEP17COD    tipo="I"     posicion="501"     longitud="2"   />
        <TRACONCEP18COD    tipo="I"     posicion="503"     longitud="2"   />
        <TRACONCEP19COD    tipo="I"     posicion="505"     longitud="2"   />
        <TRACONCEP20COD    tipo="I"     posicion="507"     longitud="2"   />
        <TRACONCEP21COD    tipo="I"     posicion="509"     longitud="2"   />
        <TRACONCEP22COD    tipo="I"     posicion="511"     longitud="2"   />
        <TRACONCEP23COD    tipo="I"     posicion="513"     longitud="2"   />
        <TRACONCEP24COD    tipo="I"     posicion="515"     longitud="2"   />
        <TRACONCEP25COD    tipo="I"     posicion="517"     longitud="2"   />
        <TRACONCEP26COD    tipo="I"     posicion="519"     longitud="2"   />
        <TRACONCEP27COD    tipo="I"     posicion="521"     longitud="2"   />
        <TRACONCEP28COD    tipo="I"     posicion="523"     longitud="2"   />
        <TRACONCEP29COD    tipo="I"     posicion="525"     longitud="2"   />
        <TRACONCEP30COD    tipo="I"     posicion="527"     longitud="2"   />


		<TRACONCEP16IMP    tipo="L"     posicion="529"     longitud="4"   />
        <TRACONCEP17IMP    tipo="L"     posicion="533"     longitud="4"   />
        <TRACONCEP18IMP    tipo="L"     posicion="537"     longitud="4"   />
        <TRACONCEP19IMP    tipo="L"     posicion="541"     longitud="4"   />
        <TRACONCEP20IMP    tipo="L"     posicion="545"     longitud="4"   />
        <TRACONCEP21IMP    tipo="L"     posicion="549"     longitud="4"   />
        <TRACONCEP22IMP    tipo="L"     posicion="553"     longitud="4"   />
        <TRACONCEP23IMP    tipo="L"     posicion="557"     longitud="4"   />
        <TRACONCEP24IMP    tipo="L"     posicion="561"     longitud="4"   />
        <TRACONCEP25IMP    tipo="L"     posicion="565"     longitud="4"   />
        <TRACONCEP26IMP    tipo="L"     posicion="569"     longitud="4"   />
        <TRACONCEP27IMP    tipo="L"     posicion="573"     longitud="4"   />
        <TRACONCEP28IMP    tipo="L"     posicion="577"     longitud="4"   />
        <TRACONCEP29IMP    tipo="L"     posicion="581"     longitud="4"   />
        <TRACONCEP30IMP    tipo="L"     posicion="585"     longitud="4"   />
        
		<TRACONCEP16TIPO    tipo="A"     posicion="589"     longitud="1"   />
        <TRACONCEP17TIPO    tipo="A"     posicion="590"     longitud="1"   />
        <TRACONCEP18TIPO    tipo="A"     posicion="591"     longitud="1"   />
        <TRACONCEP19TIPO    tipo="A"     posicion="592"     longitud="1"   />
        <TRACONCEP20TIPO    tipo="A"     posicion="593"     longitud="1"   />
        <TRACONCEP21TIPO    tipo="A"     posicion="594"     longitud="1"   />
        <TRACONCEP22TIPO    tipo="A"     posicion="595"     longitud="1"   />
        <TRACONCEP23TIPO    tipo="A"     posicion="596"     longitud="1"   />
        <TRACONCEP24TIPO    tipo="A"     posicion="597"     longitud="1"   />
        <TRACONCEP25TIPO    tipo="A"     posicion="598"     longitud="1"   />
        <TRACONCEP26TIPO    tipo="A"     posicion="599"     longitud="1"   />
        <TRACONCEP27TIPO    tipo="A"     posicion="600"     longitud="1"   />
        <TRACONCEP28TIPO    tipo="A"     posicion="601"     longitud="1"   />
        <TRACONCEP29TIPO    tipo="A"     posicion="602"     longitud="1"   />
        <TRACONCEP30TIPO    tipo="A"     posicion="603"     longitud="1"   />

        
        <TRACONCEP16CIERRE    tipo="A"     posicion="604"     longitud="1"   />
        <TRACONCEP17CIERRE    tipo="A"     posicion="605"     longitud="1"   />
        <TRACONCEP18CIERRE    tipo="A"     posicion="606"     longitud="1"   />
        <TRACONCEP19CIERRE    tipo="A"     posicion="607"     longitud="1"   />
        <TRACONCEP20CIERRE    tipo="A"     posicion="608"     longitud="1"   />
        <TRACONCEP21CIERRE    tipo="A"     posicion="609"     longitud="1"   />
        <TRACONCEP22CIERRE    tipo="A"     posicion="610"     longitud="1"   />
        <TRACONCEP23CIERRE    tipo="A"     posicion="611"     longitud="1"   />
        <TRACONCEP24CIERRE    tipo="A"     posicion="612"     longitud="1"   />
        <TRACONCEP25CIERRE    tipo="A"     posicion="613"     longitud="1"   />
        <TRACONCEP26CIERRE    tipo="A"     posicion="614"     longitud="1"   />
        <TRACONCEP27CIERRE    tipo="A"     posicion="615"     longitud="1"   />
        <TRACONCEP28CIERRE    tipo="A"     posicion="616"     longitud="1"   />
        <TRACONCEP29CIERRE    tipo="A"     posicion="617"     longitud="1"   />
        <TRACONCEP30CIERRE    tipo="A"     posicion="618"     longitud="1"   />

        
        
        <TRATIEMPOPARCIAL tipo="S"     posicion="955"     longitud="1"/>
        <!-- INCIDENCIAS -->

		<TRAINCIDENFINI1 tipo="D"     posicion="957"     longitud="8" formato="yyyyMMdd"/>
		<TRAINCIDENFINI2 tipo="D"     posicion="965"     longitud="8" formato="yyyyMMdd"/>
		<TRAINCIDENFINI3 tipo="D"     posicion="973"     longitud="8" formato="yyyyMMdd"/>
		<TRAINCIDENFINI4 tipo="D"     posicion="981"     longitud="8" formato="yyyyMMdd"/>
		<TRAINCIDENFINI5 tipo="D"     posicion="989"     longitud="8" formato="yyyyMMdd"/>
		<TRAINCIDENFINI6 tipo="D"     posicion="997"     longitud="8" formato="yyyyMMdd"/>

		<TRAINCIDENFFIN1 tipo="D"     posicion="1005"     longitud="8" formato="yyyyMMdd"/>
		<TRAINCIDENFFIN2 tipo="D"     posicion="1013"     longitud="8" formato="yyyyMMdd"/>
		<TRAINCIDENFFIN3 tipo="D"     posicion="1021"     longitud="8" formato="yyyyMMdd"/>
		<TRAINCIDENFFIN4 tipo="D"     posicion="1029"     longitud="8" formato="yyyyMMdd"/>
		<TRAINCIDENFFIN5 tipo="D"     posicion="1037"     longitud="8" formato="yyyyMMdd"/>
		<TRAINCIDENFFIN6 tipo="D"     posicion="1045"     longitud="8" formato="yyyyMMdd"/>
		
		<TRAINCIDENTIPO1 tipo="A"     posicion="1053"     longitud="1" /> <!-- E -> Enfermedad, M -> Maternidad etc etc etc shur -->
		<TRAINCIDENTIPO2 tipo="A"     posicion="1054"     longitud="1" />
		<TRAINCIDENTIPO3 tipo="A"     posicion="1055"     longitud="1" />
		<TRAINCIDENTIPO4 tipo="A"     posicion="1056"     longitud="1" />
		<TRAINCIDENTIPO5 tipo="A"     posicion="1057"     longitud="1" />
		<TRAINCIDENTIPO6 tipo="A"     posicion="1058"     longitud="1" />
		
		<TRAINCDIASACUM1 tipo="I"     posicion="1079"     longitud="2" />
		<TRAINCDIASACUM2 tipo="I"     posicion="1081"     longitud="2" />
		
		<TRAINCBASEREGCC tipo="L"     posicion="1084"     longitud="5" />
		<TRAINCBASEREGCP tipo="L"     posicion="1089"     longitud="5" />
		
		<TRADPTO tipo="I"     posicion="1163"     longitud="2" />
		
		<TRACOTFONDOGSAL tipo="A"    	 posicion="1501"     longitud="1" />
		<TRACOTDESEMPLEO tipo="A"    	 posicion="1932"     longitud="1" />
		<TRARELPRACINSERJUBPAR tipo="A"  posicion="1523"     longitud="1" />
		<TRACOTFORPROFESIONAL tipo="A"   posicion="154"     longitud="1" />
		<TRACOTSOLIDARIDAD tipo="A"      posicion="2015"     longitud="1" />
		<TRAGARANJUVENIL tipo="A"    	 posicion="2059"     longitud="1" />
		
		

		<!-- BONIFICACIONES -->
		<TRABONFECRESINI1 tipo="D"     posicion="102"     longitud="8" formato="yyyyMMdd"/>  <!-- Fecha resolución 1a bonific. inicio -->
		<TRABONFECRESFIN1 tipo="D"     posicion="110"     longitud="8" formato="yyyyMMdd"/>  <!-- Fecha resolución 1a bonific. fin -->
		<TRABONFECCUOINI1 tipo="D"     posicion="118"     longitud="8" formato="yyyyMMdd"/>  <!-- Fecha 1a bonif. cuota inicio -->
		<TRABONCODBON1 tipo="I"     posicion="129"     longitud="1" />  <!-- Código 1a bonificación -->
		<TRABONFECRESBON1 tipo="I"     posicion="264"     longitud="8" formato="yyyyMMdd"/>  <!-- Fecha resolución 1a bonif. -->
		
		<TRABONCENESPECIAL tipo="I"     posicion="1521"     longitud="1" />  <!-- Centro Especial Empleo -->
		<TRABONIDI tipo="I"     posicion="1972"     longitud="1" />  <!-- I+D+I -->
		<TRABONREA tipo="I"     posicion="1526"     longitud="1" />  <!-- R.E.A -->
		<TRABONBONIF406 tipo="I"     posicion="297"     longitud="1" />  <!-- Bonif. 406 -->
		<TRABONBENDESEMP tipo="I"     posicion="262"     longitud="1" />  <!-- Benef. Prest. Desempleo -->
		<TRABONIMPPEND tipo="L"     posicion="1986"     longitud="6" />  <!-- Importe pendiente -->
		<TRABONFORMEMPOPE tipo="I"     posicion="1992"     longitud="1" />  <!-- Formacion EMP+OPE -->
		<TRABONMAYOR65 tipo="A"     posicion="1522"     longitud="1" />  <!-- Bonific. Mayor 65 años -->
		<TRABONMAY65INI tipo="D"     posicion="1703"     longitud="8" formato="yyyyMMdd"/>  <!-- Fecha Inicio Bon. Mayor 65 años -->
		<TRABONMAYOR60 tipo="A"     posicion="1523"     longitud="1" />  <!-- Bonific. Mayor 60 años -->
		<TRABONMAY60INI tipo="D"     posicion="1695"     longitud="8" formato="yyyyMMdd"/>  <!-- Fecha Inicio Bon. Mayor 60 años -->
		<TRABONMAYOR55 tipo="A"     posicion="1961"     longitud="1" />  <!-- Bonific. Mayor 55 años (si esta se activa, la bonif +60 y +65 años se ponen a "N" y las fechas en blanco) -->
		<TRABONMAY55INI tipo="D"     posicion="1962"     longitud="8" formato="yyyyMMdd"/>  <!-- Fecha Inicio Bon. Mayor 55 años -->
		
		<TRABONFECCUOFIN1 tipo="D"     posicion="1915"     longitud="8" formato="yyyyMMdd"/>  <!-- Fecha 1a bonif. cuota fin -->
		<TRABONIMPORTECUO1 tipo="L"     posicion="1928"     longitud="5" />  <!-- Importe 1a bonificación de cuota  -->
		
		<TRABONFECCUOINI2 tipo="D"     posicion="1940"     longitud="8" formato="yyyyMMdd"/>  <!-- Fecha 2a bonif. cuota inicio -->
		<TRABONFECCUOFIN2 tipo="D"     posicion="1948"     longitud="8" formato="yyyyMMdd"/>  <!-- Fecha 2a bonif. cuota fin -->
		
		<TRABONIMPORTECUO2 tipo="L"     posicion="1956"     longitud="5" />  <!-- Importe 2a bonificacion de cuota -->
		
		<TRABONPORCENTP tipo="L"     posicion="1923"     longitud="1" />  <!-- % de T.P -->
		
		<TRABONINCREMEN30 tipo="A"     posicion="1985"     longitud="1" />  <!-- Incremento 30% -->
		
		<TRABONFECRESBON2 tipo="I"     posicion="1734"     longitud="8" formato="yyyyMMdd"/>  <!-- Fecha resolución 2a bonif. -->
		<TRABONFECRESINI2 tipo="D"     posicion="1796"     longitud="8" formato="yyyyMMdd"/>  <!-- Fecha resolución 2a bonif. inicio -->
		<TRABONFECRESFIN2 tipo="D"     posicion="1804"     longitud="8" formato="yyyyMMdd"/>  <!-- Fecha resolución 2a bonif. fin -->
		
		<TRABONCODBON2 tipo="I"     posicion="1794"     longitud="1"/>  <!-- Código 2a bonificación -->
		<TRABONCODBONCUO1 tipo="I"     posicion="1906"     longitud="1"/>  <!-- Código 1a bonificación cuota -->
		<TRABONCODBONCUO2 tipo="I"     posicion="1939"     longitud="1"/>  <!-- Código 2a bonificación cuota -->
		
			</campos>
		</tabla>
	</tablas>
</mdb>