<?xml version="1.0" encoding="UTF-8"?>
<mdb archivo="FGL1044.D" ldat="414">
	<tablas>
    <tabla nombre="TraPorcenRenta">
		<campos>
			<TRAPRENTACODEMP  tipo="I"     posicion="0"     longitud="2"   />
			<TRAPRENTACODTRA  tipo="I"     posicion="2"     longitud="2"   />
			<TRAPRENTAANYO  tipo="D"     posicion="4"     longitud="2"   />
			
			<TRAREDUCCION1  tipo="D"     posicion="19"     longitud="6"   /> <!-- rEDUCCION1 -->
			<TRAREDUCCION2  tipo="D"     posicion="31"     longitud="6"   /> <!-- Reduccion2 -->
			
			<TRAPRENTAPROACT  tipo="A"     posicion="189"     longitud="1"   /> <!-- Prolongacion actividad laboral -->
			<TRAPRENTATERCERAS  tipo="A"     posicion="190"     longitud="1"   /> <!-- Ayuda terceras personas -->
			<TRAPRENTAREDUCMOV  tipo="A"     posicion="199"     longitud="1"   /> <!-- Reduccion movilidad geografica -->
			<TRAPRENTAFECHAMOV  tipo="D"     posicion="191"     longitud="8"  formato="yyyyMMdd" /> <!-- Fecha reduccion movilidad geografica -->
			<TRAPRENTARESCEUMEL  tipo="A"     posicion="187"     longitud="1"   /> <!-- Residente Ceuta / Melilla -->
			<TRAPRENTAINGRCEUMEL  tipo="A"     posicion="104"     longitud="1"   /> <!-- Ingresos obtenidos Ceuta / Melilla -->
			<TRAPRENTACOPAAMER  tipo="A"     posicion="188"     longitud="1"   /> <!-- Ingresos obtenidos Copa America -->
			<TRAPRENTADEDUCVIV  tipo="A"     posicion="105"     longitud="1"   /> <!-- Deduccion vivienda habitual -->
			<TRAPRENTASITUAC  tipo="I"     posicion="174"     longitud="1"   /> <!-- Situación -->
			<TRAPRENTATIPOREL  tipo="I"     posicion="97"     longitud="1"   /> <!-- Tipo de relación -->
			
			<TRAANUALIDAD  tipo="D"     posicion="108"     longitud="6"   /> <!-- bruto anual -->
			
			<TRAPRENTAREDUCMIN  tipo="L"     posicion="19"     longitud="6"   /> <!-- Reduccion minim -->
			<TRAPRENTAOTRGAST  tipo="L"     posicion="25"     longitud="6"   /> <!-- Otros gastos -->
			<TRAPRENTAREDUCMAX  tipo="L"     posicion="31"     longitud="6"   /> <!--  Reduccion maxim -->
			<TRAPRENTACOTIZSS  tipo="L"     posicion="37"     longitud="6"   /> <!--  Cotiz SS -->
			<TRAPRENTAANALIM  tipo="L"     posicion="73"     longitud="6"   /> <!--  Anualidades alimentos -->
			<TRAPRENTACOMPCONY  tipo="L"     posicion="79"     longitud="6"   /> <!--  Pension compens. conyuge -->
			<TRANIFCONYUGE  tipo="A"     posicion="159"     longitud="10"   /> <!--  NIF. conyuge -->
		</campos>
	</tabla>
	</tablas>
</mdb>



































































