<?xml version="1.0" encoding="UTF-8"?>
<mdb archivo="FGL1050.D" ldat="254">
	<tablas>
    <tabla nombre="TraUniFam">
		<campos>
			<TRAUNIFCODIEMP tipo="I"     posicion="0"     longitud="2"   />
			<TRAUNIFCODIOPE  tipo="I"     posicion="2"     longitud="2"   />
			<TRAUNIFANYOPROC  tipo="I"     posicion="4"     longitud="2"   />
			
			<TRAUNIFNACIMDESC1  tipo="I"     posicion="13"     longitud="2"   />
			<TRAUNIFNACIMDESC2  tipo="I"     posicion="15"     longitud="2"   />
			<TRAUNIFNACIMDESC3  tipo="I"     posicion="17"     longitud="2"   />
			<TRAUNIFNACIMDESC4  tipo="I"     posicion="19"     longitud="2"   />
			<TRAUNIFNACIMDESC5  tipo="I"     posicion="21"     longitud="2"   />
			<TRAUNIFNACIMDESC6  tipo="I"     posicion="23"     longitud="2"   />
			<TRAUNIFNACIMDESC7  tipo="I"     posicion="25"     longitud="2"   />
			<TRAUNIFNACIMDESC8  tipo="I"     posicion="27"     longitud="2"   />
			<TRAUNIFNACIMDESC9  tipo="I"     posicion="29"     longitud="2"   />
			<TRAUNIFNACIMDESC10  tipo="I"     posicion="31"     longitud="2"   />
			<TRAUNIFNACIMDESC11  tipo="I"     posicion="33"     longitud="2"   />
			<TRAUNIFNACIMDESC12  tipo="I"     posicion="35"     longitud="2"   />
			<TRAUNIFNACIMDESC13  tipo="I"     posicion="37"     longitud="2"   />
			<TRAUNIFNACIMDESC14  tipo="I"     posicion="39"     longitud="2"   />
			<TRAUNIFNACIMDESC15  tipo="I"     posicion="41"     longitud="2"   />
			
			<TRAUNIFDISCDESC1  tipo="I"     posicion="43"     longitud="1"   />
			<TRAUNIFDISCDESC2  tipo="I"     posicion="44"     longitud="1"   />
			<TRAUNIFDISCDESC3  tipo="I"     posicion="45"     longitud="1"   />
			<TRAUNIFDISCDESC4  tipo="I"     posicion="46"     longitud="1"   />
			<TRAUNIFDISCDESC5  tipo="I"     posicion="47"     longitud="1"   />
			<TRAUNIFDISCDESC6  tipo="I"     posicion="48"     longitud="1"   />
			<TRAUNIFDISCDESC7  tipo="I"     posicion="49"     longitud="1"   />
			<TRAUNIFDISCDESC8  tipo="I"     posicion="50"     longitud="1"   />
			<TRAUNIFDISCDESC9  tipo="I"     posicion="51"     longitud="1"   />
			<TRAUNIFDISCDESC10  tipo="I"     posicion="52"     longitud="1"   />
			<TRAUNIFDISCDESC11  tipo="I"     posicion="53"     longitud="1"   />
			<TRAUNIFDISCDESC12  tipo="I"     posicion="54"     longitud="1"   />
			<TRAUNIFDISCDESC13  tipo="I"     posicion="55"     longitud="1"   />
			<TRAUNIFDISCDESC14  tipo="I"     posicion="56"     longitud="1"   />
			<TRAUNIFDISCDESC15  tipo="I"     posicion="57"     longitud="1"   />
			
			<TRAUNIFCONVDESC1  tipo="I"     posicion="58"     longitud="2"   />
			<TRAUNIFCONVDESC2  tipo="I"     posicion="60"     longitud="2"   />
			<TRAUNIFCONVDESC3  tipo="I"     posicion="62"     longitud="2"   />
			<TRAUNIFCONVDESC4  tipo="I"     posicion="64"     longitud="2"   />
			<TRAUNIFCONVDESC5  tipo="I"     posicion="66"     longitud="2"   />
			<TRAUNIFCONVDESC6  tipo="I"     posicion="68"     longitud="2"   />
			<TRAUNIFCONVDESC7  tipo="I"     posicion="70"     longitud="2"   />
			<TRAUNIFCONVDESC8  tipo="I"     posicion="72"     longitud="2"   />
			<TRAUNIFCONVDESC9  tipo="I"     posicion="74"     longitud="2"   />
			<TRAUNIFCONVDESC10  tipo="I"     posicion="76"     longitud="2"   />
			<TRAUNIFCONVDESC11  tipo="I"     posicion="78"     longitud="2"   />
			<TRAUNIFCONVDESC12  tipo="I"     posicion="80"     longitud="2"   />
			<TRAUNIFCONVDESC13  tipo="I"     posicion="82"     longitud="2"   />
			<TRAUNIFCONVDESC14  tipo="I"     posicion="84"     longitud="2"   />
			<TRAUNIFCONVDESC15  tipo="I"     posicion="86"     longitud="2"   />
			
			<TRAUNIFADOPDESC1  tipo="I"     posicion="88"     longitud="2"   />
			<TRAUNIFADOPDESC2  tipo="I"     posicion="90"     longitud="2"   />
			<TRAUNIFADOPDESC3  tipo="I"     posicion="92"     longitud="2"   />
			<TRAUNIFADOPDESC4  tipo="I"     posicion="94"     longitud="2"   />
			<TRAUNIFADOPDESC5  tipo="I"     posicion="96"     longitud="2"   />
			<TRAUNIFADOPDESC6  tipo="I"     posicion="98"     longitud="2"   />
			<TRAUNIFADOPDESC7  tipo="I"     posicion="100"     longitud="2"   />
			<TRAUNIFADOPDESC8  tipo="I"     posicion="102"     longitud="2"   />
			<TRAUNIFADOPDESC9  tipo="I"     posicion="104"     longitud="2"   />
			<TRAUNIFADOPDESC10  tipo="I"     posicion="106"     longitud="2"   />
			<TRAUNIFADOPDESC11  tipo="I"     posicion="108"     longitud="2"   />
			<TRAUNIFADOPDESC12  tipo="I"     posicion="110"     longitud="2"   />
			<TRAUNIFADOPDESC13  tipo="I"     posicion="112"     longitud="2"   />
			<TRAUNIFADOPDESC14  tipo="I"     posicion="114"     longitud="2"   />
			<TRAUNIFADOPDESC15  tipo="I"     posicion="116"     longitud="2"   />
			
			<TRAUNIFMOVDESC1  tipo="I"     posicion="118"     longitud="2"   />
			<TRAUNIFMOVDESC2  tipo="I"     posicion="120"     longitud="2"   />
			<TRAUNIFMOVDESC3  tipo="I"     posicion="122"     longitud="2"   />
			<TRAUNIFMOVDESC4  tipo="I"     posicion="124"     longitud="2"   />
			<TRAUNIFMOVDESC5  tipo="I"     posicion="126"     longitud="2"   />
			<TRAUNIFMOVDESC6  tipo="I"     posicion="128"     longitud="2"   />
			<TRAUNIFMOVDESC7  tipo="I"     posicion="130"     longitud="2"   />
			<TRAUNIFMOVDESC8  tipo="I"     posicion="132"     longitud="2"   />
			<TRAUNIFMOVDESC9  tipo="I"     posicion="134"     longitud="2"   />
			<TRAUNIFMOVDESC10  tipo="I"     posicion="136"     longitud="2"   />
			<TRAUNIFMOVDESC11  tipo="I"     posicion="138"     longitud="2"   />
			<TRAUNIFMOVDESC12  tipo="I"     posicion="140"     longitud="2"   />
			<TRAUNIFMOVDESC13  tipo="I"     posicion="142"     longitud="2"   />
			<TRAUNIFMOVDESC14  tipo="I"     posicion="144"     longitud="2"   />
			<TRAUNIFMOVDESC15  tipo="I"     posicion="146"     longitud="2"   />
			
			<TRAUNIFNACIMASC1  tipo="I"     posicion="148"     longitud="2"   />
			<TRAUNIFNACIMASC2  tipo="I"     posicion="150"     longitud="2"   />
			<TRAUNIFNACIMASC3  tipo="I"     posicion="152"     longitud="2"   />
			<TRAUNIFNACIMASC4  tipo="I"     posicion="154"     longitud="2"   />
			<TRAUNIFNACIMASC5  tipo="I"     posicion="156"     longitud="2"   />
		
			<TRAUNIFDISCASC1  tipo="I"     posicion="158"     longitud="2"   />
			<TRAUNIFDISCASC2  tipo="I"     posicion="160"     longitud="2"   />
			<TRAUNIFDISCASC3  tipo="I"     posicion="162"     longitud="2"   />
			<TRAUNIFDISCASC4  tipo="I"     posicion="164"     longitud="2"   />
			<TRAUNIFDISCASC5  tipo="I"     posicion="166"     longitud="2"   />
			
			<TRAUNIFRENTAASC1  tipo="I"     posicion="168"     longitud="2"   />
			<TRAUNIFRENTAASC2  tipo="I"     posicion="170"     longitud="2"   />
			<TRAUNIFRENTAASC3  tipo="I"     posicion="172"     longitud="2"   />
			<TRAUNIFRENTAASC4  tipo="I"     posicion="174"     longitud="2"   />
			<TRAUNIFRENTAASC5  tipo="I"     posicion="176"     longitud="2"   />

			<TRAUNIFCONVASC1  tipo="I"     posicion="178"     longitud="2"   />
			<TRAUNIFCONVASC2  tipo="I"     posicion="180"     longitud="2"   />
			<TRAUNIFCONVASC3  tipo="I"     posicion="182"     longitud="2"   />
			<TRAUNIFCONVASC4  tipo="I"     posicion="184"     longitud="2"   />
			<TRAUNIFCONVASC5  tipo="I"     posicion="186"     longitud="2"   />
			
			<TRAUNIFMOVASC1  tipo="I"     posicion="188"     longitud="2"   />
			<TRAUNIFMOVASC2  tipo="I"     posicion="190"     longitud="2"   />
			<TRAUNIFMOVASC3  tipo="I"     posicion="192"     longitud="2"   />
			<TRAUNIFMOVASC4  tipo="I"     posicion="194"     longitud="2"   />
			<TRAUNIFMOVASC5  tipo="I"     posicion="196"     longitud="2"   />
			
			
		</campos>
	</tabla>
	</tablas>
</mdb>



































































