<?xml version="1.0" encoding="UTF-8"?>
<mdb archivo="Conve2.dat">
	<tablas>
		<tabla nombre="convenios">
			<campos>
				<campo nombre="Tipo" tipo="10" longitud="1" posicion="0"/>  <!--tipo 1= es convenio tipo = 2 categoria  importes -->
				<campo nombre="codigoConvenio" tipo="10" longitud="3" posicion="1"/> 
				<campo nombre="nombreConvenio" tipo="10" longitud="30" posicion="4"/>
				<campo nombre="enfermedadDia1" tipo="10" longitud="3" posicion="34"/>
				<campo nombre="enfermedadDia2" tipo="10" longitud="3" />
				<campo nombre="enfermedadDia3" tipo="10" longitud="3" />
				<campo nombre="accidenteDia1" tipo="10" longitud="3" />
				<campo nombre="accidenteDia2" tipo="10" longitud="3" />
				<campo nombre="accidenteDia3" tipo="10" longitud="3" />
				<campo nombre="enfermedadDia4" tipo="10" longitud="3" />
				<campo nombre="enfermedadDia5" tipo="10" longitud="3" />
				<campo nombre="enfermedadDia6" tipo="10" longitud="3" />
				<campo nombre="accidenteDia4" tipo="10" longitud="3" />
				<campo nombre="accidenteDia5" tipo="10" longitud="3" />
				<campo nombre="accidenteDia6" tipo="10" longitud="3" />
				<campo nombre="conceptoEnPaga1" tipo="10" longitud="1" posicion="160"/>
				<campo nombre="conceptoEnPaga2" tipo="10" longitud="1"/>
				<campo nombre="conceptoEnPaga3" tipo="10" longitud="1"/>
				<campo nombre="conceptoEnPaga4" tipo="10" longitud="1"/>
				<campo nombre="conceptoEnPaga5" tipo="10" longitud="1"/>
				<campo nombre="conceptoEnPaga6" tipo="10" longitud="1"/>
				<campo nombre="conceptoEnPaga7" tipo="10" longitud="1"/>
				<campo nombre="conceptoEnPaga8" tipo="10" longitud="1"/>
				<campo nombre="conceptoEnPaga9" tipo="10" longitud="1"/>
				<campo nombre="conceptoEnPaga10" tipo="10" longitud="1"/>
				<campo nombre="conceptoEnPaga11" tipo="10" longitud="1"/>
				<campo nombre="conceptoEnPaga12" tipo="10" longitud="1"/>
				<campo nombre="conceptoEnPaga13" tipo="10" longitud="1"/>
				<campo nombre="conceptoEnPaga14" tipo="10" longitud="1"/>
				<campo nombre="conceptoEnPaga15" tipo="10" longitud="1"/>
				<campo nombre="conceptoEnPaga16" tipo="10" longitud="1"/>
				<campo nombre="conceptoEnPaga17" tipo="10" longitud="1"/>
				<campo nombre="conceptoEnPaga18" tipo="10" longitud="1"/>
				<campo nombre="conceptoEnPaga19" tipo="10" longitud="1"/>
				<campo nombre="conceptoEnPaga20" tipo="10" longitud="1"/>
				<campo nombre="conceptoEnPaga21" tipo="10" longitud="1"/>
				<campo nombre="conceptoEnPaga22" tipo="10" longitud="1"/>
				<campo nombre="conceptoEnPaga23" tipo="10" longitud="1"/>
				<campo nombre="conceptoEnPaga24" tipo="10" longitud="1"/>
				<campo nombre="conceptoEnPaga25" tipo="10" longitud="1"/>
				<campo nombre="conceptoEnPaga26" tipo="10" longitud="1"/>
				<campo nombre="conceptoEnPaga27" tipo="10" longitud="1"/>
				<campo nombre="conceptoEnPaga28" tipo="10" longitud="1"/>
				<campo nombre="mesPagaExtra1" tipo="10" longitud="2" posicion="188"/>
				<campo nombre="mesPagaExtra2" tipo="10" longitud="2" posicion="190"/> 
				<campo nombre="mesPagaExtra3" tipo="10" longitud="2" posicion="192"/> 
				<campo nombre="mesPagaExtra4" tipo="10" longitud="2" posicion="194"/>  
				<campo nombre="nombrePagaExtra1" tipo="10" longitud="12" posicion="220"/>
				<campo nombre="nombrePagaExtra2" tipo="10" longitud="12" posicion="232"/>
				<campo nombre="nombrePagaExtra3" tipo="10" longitud="12" posicion="244"/>
				<campo nombre="nombrePagaExtra4" tipo="10" longitud="12" posicion="256"/>
				<campo nombre="conceptoEnVacaciones1" tipo="10" longitud="1" posicion="268"/>
				<campo nombre="conceptoEnVacaciones2" tipo="10" longitud="1"/>
				<campo nombre="conceptoEnVacaciones3" tipo="10" longitud="1"/>
				<campo nombre="conceptoEnVacaciones4" tipo="10" longitud="1"/>
				<campo nombre="conceptoEnVacaciones5" tipo="10" longitud="1"/>
				<campo nombre="conceptoEnVacaciones6" tipo="10" longitud="1"/>
				<campo nombre="conceptoEnVacaciones7" tipo="10" longitud="1"/>
				<campo nombre="conceptoEnVacaciones8" tipo="10" longitud="1"/>
				<campo nombre="conceptoEnVacaciones9" tipo="10" longitud="1"/>
				<campo nombre="conceptoEnVacaciones10" tipo="10" longitud="1"/>
				<campo nombre="conceptoEnVacaciones11" tipo="10" longitud="1"/>
				<campo nombre="conceptoEnVacaciones12" tipo="10" longitud="1"/>
				<campo nombre="conceptoEnVacaciones13" tipo="10" longitud="1"/>
				<campo nombre="conceptoEnVacaciones14" tipo="10" longitud="1"/>
				<campo nombre="conceptoEnVacaciones15" tipo="10" longitud="1"/>
				<campo nombre="conceptoEnVacaciones16" tipo="10" longitud="1"/>
				<campo nombre="conceptoEnVacaciones17" tipo="10" longitud="1"/>
				<campo nombre="conceptoEnVacaciones18" tipo="10" longitud="1"/>
				<campo nombre="conceptoEnVacaciones19" tipo="10" longitud="1"/>
				<campo nombre="conceptoEnVacaciones20" tipo="10" longitud="1"/>
				<campo nombre="conceptoEnVacaciones21" tipo="10" longitud="1"/>
				<campo nombre="conceptoEnVacaciones22" tipo="10" longitud="1"/>
				<campo nombre="conceptoEnVacaciones23" tipo="10" longitud="1"/>
				<campo nombre="conceptoEnVacaciones24" tipo="10" longitud="1"/>
				<campo nombre="conceptoEnVacaciones25" tipo="10" longitud="1"/>
				<campo nombre="conceptoEnVacaciones26" tipo="10" longitud="1"/>
				<campo nombre="conceptoEnVacaciones27" tipo="10" longitud="1"/>
				<campo nombre="conceptoEnVacaciones28" tipo="10" longitud="1"/>
				<campo nombre="nombreConcepto1" tipo="10" longitud="20" posicion="296"/>
				<campo nombre="nombreConcepto2" tipo="10" longitud="20" posicion="316"/>
				<campo nombre="nombreConcepto3" tipo="10" longitud="20" posicion="336"/>
				<campo nombre="nombreConcepto4" tipo="10" longitud="20" posicion="356"/>
				<campo nombre="nombreConcepto5" tipo="10" longitud="20" posicion="376"/>
				<campo nombre="nombreConcepto6" tipo="10" longitud="20" posicion="396"/>
				<campo nombre="nombreConcepto7" tipo="10" longitud="20" posicion="416"/>
				<campo nombre="nombreConcepto8" tipo="10" longitud="20" posicion="436"/>
				<campo nombre="nombreConcepto9" tipo="10" longitud="20" posicion="456"/>
				<campo nombre="nombreConcepto10" tipo="10" longitud="20" posicion="476"/>
				<campo nombre="nombreConcepto11" tipo="10" longitud="20" posicion="496"/>
				<campo nombre="nombreConcepto12" tipo="10" longitud="20" posicion="516"/>
				<campo nombre="nombreConcepto13" tipo="10" longitud="20" posicion="536"/>
				<campo nombre="nombreConcepto14" tipo="10" longitud="20" posicion="556"/>
				<campo nombre="nombreConcepto15" tipo="10" longitud="20" posicion="576"/>
				<campo nombre="nombreConcepto16" tipo="10" longitud="20" posicion="596"/>
				<campo nombre="nombreConcepto17" tipo="10" longitud="20" posicion="616"/>
				<campo nombre="nombreConcepto18" tipo="10" longitud="20" posicion="636"/>
				<campo nombre="nombreConcepto19" tipo="10" longitud="20" posicion="656"/>
				<campo nombre="nombreConcepto20" tipo="10" longitud="20" posicion="676"/>
				<campo nombre="nombreConcepto21" tipo="10" longitud="20" posicion="696"/>
				<campo nombre="nombreConcepto22" tipo="10" longitud="20" posicion="716"/>
				<campo nombre="nombreConcepto23" tipo="10" longitud="20" posicion="736"/>
				<campo nombre="nombreConcepto24" tipo="10" longitud="20" posicion="756"/>
				<campo nombre="nombreConcepto25" tipo="10" longitud="20" posicion="776"/>
				<campo nombre="nombreConcepto26" tipo="10" longitud="20" posicion="796"/>
				<campo nombre="nombreConcepto27" tipo="10" longitud="20" posicion="816"/>
				<campo nombre="nombreConcepto28" tipo="10" longitud="20" posicion="836"/>
				<campo nombre="diaFechaOrPaga1" tipo="10" longitud="2" posicion="856"/>
				<campo nombre="diaFechaOrPaga2" tipo="10" longitud="2" posicion="858"/>
				<campo nombre="diaFechaOrPaga3" tipo="10" longitud="2" posicion="860"/>
				<campo nombre="diaFechaOrPaga4" tipo="10" longitud="2" posicion="862"/>
				<campo nombre="mesFechaOrPaga1" tipo="10" longitud="2" posicion="864"/>
				<campo nombre="mesFechaOrPaga2" tipo="10" longitud="2" posicion="866"/>
				<campo nombre="mesFechaOrPaga3" tipo="10" longitud="2" posicion="868"/>
				<campo nombre="mesFechaOrPaga4" tipo="10" longitud="2" posicion="870"/>
				<campo nombre="actualFechaOrPaga1" tipo="10" longitud="1" posicion="872"/>
				<campo nombre="actualFechaOrPaga2" tipo="10" longitud="1" posicion="873"/>
				<campo nombre="actualFechaOrPaga3" tipo="10" longitud="1" posicion="874"/>
				<campo nombre="actualFechaOrPaga4" tipo="10" longitud="1" posicion="875"/>
				<campo nombre="diaFechaFiPaga1" tipo="10" longitud="2" posicion="876"/>
				<campo nombre="diaFechaFiPaga2" tipo="10" longitud="2" posicion="878"/>
				<campo nombre="diaFechaFiPaga3" tipo="10" longitud="2" posicion="880"/>
				<campo nombre="diaFechaFiPaga4" tipo="10" longitud="2" posicion="882"/>
				<campo nombre="mesFechaFiPaga1" tipo="10" longitud="2" posicion="884"/>
				<campo nombre="mesFechaFiPaga2" tipo="10" longitud="2" posicion="886"/>
				<campo nombre="mesFechaFiPaga3" tipo="10" longitud="2" posicion="888"/>
				<campo nombre="mesFechaFiPaga4" tipo="10" longitud="2" posicion="890"/>
				<campo nombre="actualFechaFiPaga1" tipo="10" longitud="1" posicion="892"/>
				<campo nombre="actualFechaFiPaga2" tipo="10" longitud="1" posicion="893"/>
				<campo nombre="actualFechaFiPaga3" tipo="10" longitud="1" posicion="894"/>
				<campo nombre="actualFechaFiPaga4" tipo="10" longitud="1" posicion="895"/>
				<campo nombre="anoAntiguedad1" tipo="10" longitud="2" posicion="896"/>
				<campo nombre="anoAntiguedad2" tipo="10" longitud="2"/>
				<campo nombre="anoAntiguedad3" tipo="10" longitud="2"/>
				<campo nombre="anoAntiguedad4" tipo="10" longitud="2"/>
				<campo nombre="anoAntiguedad5" tipo="10" longitud="2"/>
				<campo nombre="valorAntiguedad1" tipo="10" longitud="8" posicion ="906"/>
				<campo nombre="valorAntiguedad2" tipo="10" longitud="8"/>
				<campo nombre="valorAntiguedad3" tipo="10" longitud="8"/>
				<campo nombre="valorAntiguedad4" tipo="10" longitud="8"/>
				<campo nombre="valorAntiguedad5" tipo="10" longitud="8"/>
				<campo nombre="tipoAntiguedad1" tipo="10" longitud="1" posicion="946"/>
				<campo nombre="tipoAntiguedad2" tipo="10" longitud="1"/>
				<campo nombre="tipoAntiguedad3" tipo="10" longitud="1"/>
				<campo nombre="tipoAntiguedad4" tipo="10" longitud="1"/>
				<campo nombre="tipoAntiguedad5" tipo="10" longitud="1"/>
				<campo nombre="porcenEnfermedad1" tipo="10" longitud="3"  posicion="951"/>
				<campo nombre="porcenEnfermedad2" tipo="10" longitud="3"/>
				<campo nombre="porcenEnfermedad3" tipo="10" longitud="3"/>
				<campo nombre="porcenAccidente1" tipo="10" longitud="3"/>
				<campo nombre="porcenAccidente2" tipo="10" longitud="3"/>
				<campo nombre="porcenAccidente3" tipo="10" longitud="3"/>
				<campo nombre="conceptoEnEnfermedad1" tipo="10" longitud="1" posicion="981"/>
				<campo nombre="conceptoEnEnfermedad2" tipo="10" longitud="1"/>
				<campo nombre="conceptoEnEnfermedad3" tipo="10" longitud="1"/>
				<campo nombre="conceptoEnEnfermedad4" tipo="10" longitud="1"/>
				<campo nombre="conceptoEnEnfermedad5" tipo="10" longitud="1"/>
				<campo nombre="conceptoEnEnfermedad6" tipo="10" longitud="1"/>
				<campo nombre="conceptoEnEnfermedad7" tipo="10" longitud="1"/>
				<campo nombre="conceptoEnEnfermedad8" tipo="10" longitud="1"/>
				<campo nombre="conceptoEnEnfermedad9" tipo="10" longitud="1"/>
				<campo nombre="conceptoEnEnfermedad10" tipo="10" longitud="1"/>
				<campo nombre="conceptoEnEnfermedad11" tipo="10" longitud="1"/>
				<campo nombre="conceptoEnEnfermedad12" tipo="10" longitud="1"/>
				<campo nombre="conceptoEnEnfermedad13" tipo="10" longitud="1"/>
				<campo nombre="conceptoEnEnfermedad14" tipo="10" longitud="1"/>
				<campo nombre="conceptoEnEnfermedad15" tipo="10" longitud="1"/>
				<campo nombre="conceptoEnEnfermedad16" tipo="10" longitud="1"/>
				<campo nombre="conceptoEnEnfermedad17" tipo="10" longitud="1"/>
				<campo nombre="conceptoEnEnfermedad18" tipo="10" longitud="1"/>
				<campo nombre="conceptoEnEnfermedad19" tipo="10" longitud="1"/>
				<campo nombre="conceptoEnEnfermedad20" tipo="10" longitud="1"/>
				<campo nombre="conceptoEnEnfermedad21" tipo="10" longitud="1"/>
				<campo nombre="conceptoEnEnfermedad22" tipo="10" longitud="1"/>
				<campo nombre="conceptoEnEnfermedad23" tipo="10" longitud="1"/>
				<campo nombre="conceptoEnEnfermedad24" tipo="10" longitud="1"/>
				<campo nombre="conceptoEnEnfermedad25" tipo="10" longitud="1"/>
				<campo nombre="conceptoEnEnfermedad26" tipo="10" longitud="1"/>
				<campo nombre="conceptoEnEnfermedad27" tipo="10" longitud="1"/>
				<campo nombre="conceptoEnEnfermedad28" tipo="10" longitud="1"/>
				<campo nombre="conceptoEnAccidente1" tipo="10" longitud="1" posicion="1009"/>
				<campo nombre="conceptoEnAccidente2" tipo="10" longitud="1"/>
				<campo nombre="conceptoEnAccidente3" tipo="10" longitud="1"/>
				<campo nombre="conceptoEnAccidente4" tipo="10" longitud="1"/>
				<campo nombre="conceptoEnAccidente5" tipo="10" longitud="1"/>
				<campo nombre="conceptoEnAccidente6" tipo="10" longitud="1"/>
				<campo nombre="conceptoEnAccidente7" tipo="10" longitud="1"/>
				<campo nombre="conceptoEnAccidente8" tipo="10" longitud="1"/>
				<campo nombre="conceptoEnAccidente9" tipo="10" longitud="1"/>
				<campo nombre="conceptoEnAccidente10" tipo="10" longitud="1"/>
				<campo nombre="conceptoEnAccidente11" tipo="10" longitud="1"/>
				<campo nombre="conceptoEnAccidente12" tipo="10" longitud="1"/>
				<campo nombre="conceptoEnAccidente13" tipo="10" longitud="1"/>
				<campo nombre="conceptoEnAccidente14" tipo="10" longitud="1"/>
				<campo nombre="conceptoEnAccidente15" tipo="10" longitud="1"/>
				<campo nombre="conceptoEnAccidente16" tipo="10" longitud="1"/>
				<campo nombre="conceptoEnAccidente17" tipo="10" longitud="1"/>
				<campo nombre="conceptoEnAccidente18" tipo="10" longitud="1"/>
				<campo nombre="conceptoEnAccidente19" tipo="10" longitud="1"/>
				<campo nombre="conceptoEnAccidente20" tipo="10" longitud="1"/>
				<campo nombre="conceptoEnAccidente21" tipo="10" longitud="1"/>
				<campo nombre="conceptoEnAccidente22" tipo="10" longitud="1"/>
				<campo nombre="conceptoEnAccidente23" tipo="10" longitud="1"/>
				<campo nombre="conceptoEnAccidente24" tipo="10" longitud="1"/>
				<campo nombre="conceptoEnAccidente25" tipo="10" longitud="1"/>
				<campo nombre="conceptoEnAccidente26" tipo="10" longitud="1"/>
				<campo nombre="conceptoEnAccidente27" tipo="10" longitud="1"/>
				<campo nombre="conceptoEnAccidente28" tipo="10" longitud="1"/>
				<campo nombre="anoAntiguedad6" tipo="10" longitud="2" posicion="1065"/>
				<campo nombre="anoAntiguedad7" tipo="10" longitud="2"/>
				<campo nombre="anoAntiguedad8" tipo="10" longitud="2"/>
				<campo nombre="valorAntiguedad6" tipo="10" longitud="8"/>
				<campo nombre="valorAntiguedad7" tipo="10" longitud="8"/>
				<campo nombre="valorAntiguedad8" tipo="10" longitud="8"/>
				<campo nombre="tipoAntiguedad6" tipo="10" longitud="1"/>
				<campo nombre="tipoAntiguedad7" tipo="10" longitud="1"/>
				<campo nombre="tipoAntiguedad8" tipo="10" longitud="1"/>
				<campo nombre="conceptoEnfermedad1" tipo="10" longitud="1"/>
				<campo nombre="conceptoEnfermedad2" tipo="10" longitud="1"/>
				<campo nombre="conceptoEnfermedad3" tipo="10" longitud="1"/>
				<campo nombre="conceptoAccidente1" tipo="10" longitud="1"/>
				<campo nombre="conceptoAccidente2" tipo="10" longitud="1"/>
				<campo nombre="conceptoAccidente3" tipo="10" longitud="1"/>
								
				<campo nombre="convOperativo" tipo="10" longitud="1" posicion="1110"/>
				<campo nombre="euroDiaPagaExtra1" tipo="10" longitud="9"/>
				<campo nombre="euroDiaPagaExtra2" tipo="10" longitud="9"/>
				<campo nombre="euroDiaPagaExtra3" tipo="10" longitud="9"/>
				<campo nombre="euroDiaPagaExtra4" tipo="10" longitud="9"/>
				<campo nombre="mesPagaExtra5" tipo="10" longitud="2"/>
				<campo nombre="mesPagaExtra6" tipo="10" longitud="2"/> 
				<campo nombre="euroDiaPagaExtra5" tipo="10" longitud="9"/>
				<campo nombre="euroDiaPagaExtra6" tipo="10" longitud="9"/>
				<campo nombre="nombrePagaExtra5" tipo="10" longitud="12"/>
				<campo nombre="nombrePagaExtra6" tipo="10" longitud="12"/>
				<campo nombre="diaFechaOrPaga5" tipo="10" longitud="2"/>
				<campo nombre="diaFechaOrPaga6" tipo="10" longitud="2"/>
				<campo nombre="mesFechaOrPaga5" tipo="10" longitud="2"/>
				<campo nombre="mesFechaOrPaga6" tipo="10" longitud="2"/>
				<campo nombre="actualFechaOrPaga5" tipo="10" longitud="1"/>
				<campo nombre="actualFechaOrPaga6" tipo="10" longitud="1"/>
				<campo nombre="diaFechaFiPaga5" tipo="10" longitud="2"/>
				<campo nombre="diaFechaFiPaga6" tipo="10" longitud="2"/>
				<campo nombre="mesFechaFiPaga5" tipo="10" longitud="2"/>
				<campo nombre="mesFechaFiPaga6" tipo="10" longitud="2"/>
				<campo nombre="actualFechaFiPaga5" tipo="10" longitud="1"/>
				<campo nombre="actualFechaFiPaga6" tipo="10" longitud="1"/>
				<campo nombre="porcenEnfermedad4" tipo="10" longitud="3"  posicion="1493"/>
				<campo nombre="porcenEnfermedad5" tipo="10" longitud="3"/>
				<campo nombre="porcenEnfermedad6" tipo="10" longitud="3"/>
				<campo nombre="porcenAccidente4" tipo="10" longitud="3"/>
				<campo nombre="porcenAccidente5" tipo="10" longitud="3"/>
				<campo nombre="porcenAccidente6" tipo="10" longitud="3"/>
				<campo nombre="conceptoEnfermedad4" tipo="10" longitud="1" posicion="1523"/>
				<campo nombre="conceptoEnfermedad5" tipo="10" longitud="1"/>
				<campo nombre="conceptoEnfermedad6" tipo="10" longitud="1"/>
				<campo nombre="conceptoAccidente4" tipo="10" longitud="1"/>
				<campo nombre="conceptoAccidente5" tipo="10" longitud="1"/>
				<campo nombre="conceptoAccidente6" tipo="10" longitud="1"/>
				<campo nombre="compl100Hospitalizacion" tipo="10" longitud="1"/>
				<campo nombre="anoAntiguedad9" tipo="10" longitud="2" posicion="1530"/>
				<campo nombre="anoAntiguedad10" tipo="10" longitud="2"/>
				<campo nombre="anoAntiguedad11" tipo="10" longitud="2"/>
				<campo nombre="valorAntiguedad9" tipo="10" longitud="8"/>
				<campo nombre="valorAntiguedad10" tipo="10" longitud="8"/>
				<campo nombre="valorAntiguedad11" tipo="10" longitud="8"/>
				<campo nombre="tipoAntiguedad9" tipo="10" longitud="1"/>
				<campo nombre="tipoAntiguedad10" tipo="10" longitud="1"/>
				<campo nombre="tipoAntiguedad11" tipo="10" longitud="1"/>
			</campos>			
		</tabla>
		<tabla nombre="categorias">
			<campos>
				<campo nombre="Tipo" tipo="10" longitud="1" posicion="0"/>  <!--tipo 1= es convenio tipo = 2 categoria  importes -->
				<campo nombre="codigoConvenio" tipo="10" longitud="3" posicion="1"/> 
				<campo nombre="codigoCategoria" tipo="10" longitud="3" posicion="4"/>
				<campo nombre="nombreCategoria" tipo="10" longitud="20" posicion="7"/>		
				<campo nombre="tipoConcepto1" tipo="10" longitud="1" posicion="219"/>	
				<campo nombre="tipoConcepto2" tipo="10" longitud="1" posicion="220"/>
				<campo nombre="tipoConcepto3" tipo="10" longitud="1" posicion="221"/>
				<campo nombre="tipoConcepto4" tipo="10" longitud="1" posicion="222"/>
				<campo nombre="tipoConcepto5" tipo="10" longitud="1" posicion="223"/>
				<campo nombre="tipoConcepto6" tipo="10" longitud="1" posicion="224"/>
				<campo nombre="tipoConcepto7" tipo="10" longitud="1" posicion="225"/>
				<campo nombre="tipoConcepto8" tipo="10" longitud="1" posicion="226"/>
				<campo nombre="tipoConcepto9" tipo="10" longitud="1" posicion="227"/>
				<campo nombre="tipoConcepto10" tipo="10" longitud="1" posicion="228"/>
				<campo nombre="tipoConcepto11" tipo="10" longitud="1" posicion="229"/>
				<campo nombre="tipoConcepto12" tipo="10" longitud="1" posicion="230"/>
				<campo nombre="tipoConcepto13" tipo="10" longitud="1" posicion="231"/>
				<campo nombre="tipoConcepto14" tipo="10" longitud="1" posicion="232"/>
				<campo nombre="tipoConcepto15" tipo="10" longitud="1" posicion="233"/>
				<campo nombre="tipoConcepto16" tipo="10" longitud="1" posicion="234"/>
				<campo nombre="tipoConcepto17" tipo="10" longitud="1" posicion="235"/>
				<campo nombre="tipoConcepto18" tipo="10" longitud="1" posicion="236"/>
				<campo nombre="tipoConcepto19" tipo="10" longitud="1" posicion="237"/>
				<campo nombre="tipoConcepto20" tipo="10" longitud="1" posicion="238"/>
				<campo nombre="tipoConcepto21" tipo="10" longitud="1" posicion="239"/>
				<campo nombre="tipoConcepto22" tipo="10" longitud="1" posicion="240"/>
				<campo nombre="tipoConcepto23" tipo="10" longitud="1" posicion="241"/>
				<campo nombre="tipoConcepto24" tipo="10" longitud="1" posicion="242"/>
				<campo nombre="tipoConcepto25" tipo="10" longitud="1" posicion="243"/>
				<campo nombre="tipoConcepto26" tipo="10" longitud="1" posicion="244"/>
				<campo nombre="tipoConcepto27" tipo="10" longitud="1" posicion="245"/>
				<campo nombre="tipoConcepto28" tipo="10" longitud="1" posicion="246"/>
				<campo nombre="mesPagaExtra1" tipo="10" longitud="2" posicion="247"/>
				<campo nombre="mesPagaExtra2" tipo="10" longitud="2" posicion="249"/> 
				<campo nombre="mesPagaExtra3" tipo="10" longitud="2" posicion="251"/> 
				<campo nombre="mesPagaExtra4" tipo="10" longitud="2" posicion="253"/>
				<campo nombre="grupoTarifa" tipo="10" longitud="2" posicion="279"/>
				<campo nombre="epigrafe" tipo="10" longitud="3" posicion="281"/> 
				
				
				<campo nombre="anoAntiguedad1" tipo="10" longitud="2" posicion="284"/>
				<campo nombre="anoAntiguedad2" tipo="10" longitud="2"/>
				<campo nombre="anoAntiguedad3" tipo="10" longitud="2"/>
				<campo nombre="anoAntiguedad4" tipo="10" longitud="2"/>
				<campo nombre="anoAntiguedad5" tipo="10" longitud="2"/>
				<campo nombre="valorAntiguedad1" tipo="10" longitud="8"/>
				<campo nombre="valorAntiguedad2" tipo="10" longitud="8"/>
				<campo nombre="valorAntiguedad3" tipo="10" longitud="8"/>
				<campo nombre="valorAntiguedad4" tipo="10" longitud="8"/>
				<campo nombre="valorAntiguedad5" tipo="10" longitud="8"/>
				<campo nombre="tipoAntiguedad1" tipo="10" longitud="1"/>
				<campo nombre="tipoAntiguedad2" tipo="10" longitud="1"/>
				<campo nombre="tipoAntiguedad3" tipo="10" longitud="1"/>
				<campo nombre="tipoAntiguedad4" tipo="10" longitud="1"/>
				<campo nombre="tipoAntiguedad5" tipo="10" longitud="1"/>
				
				<campo nombre="anoAntiguedad6" tipo="10" longitud="2" posicion="529"/>
				<campo nombre="anoAntiguedad7" tipo="10" longitud="2"/>
				<campo nombre="anoAntiguedad8" tipo="10" longitud="2"/>
				<campo nombre="valorAntiguedad6" tipo="10" longitud="8"/>
				<campo nombre="valorAntiguedad7" tipo="10" longitud="8"/>
				<campo nombre="valorAntiguedad8" tipo="10" longitud="8"/>
				<campo nombre="tipoAntiguedad6" tipo="10" longitud="1"/>
				<campo nombre="tipoAntiguedad7" tipo="10" longitud="1"/>
				<campo nombre="tipoAntiguedad8" tipo="10" longitud="1"/>
				
				<campo nombre="importeConcepto1" tipo="10" longitud="8" posicion="575"/>
				<campo nombre="importeConcepto2" tipo="10" longitud="8" posicion="583"/> 
				<campo nombre="importeConcepto3" tipo="10" longitud="8" posicion="591"/> 
				<campo nombre="importeConcepto4" tipo="10" longitud="8" posicion="599"/> 
				<campo nombre="importeConcepto5" tipo="10" longitud="8" posicion="607"/> 
				<campo nombre="importeConcepto6" tipo="10" longitud="8" posicion="615"/> 
				<campo nombre="importeConcepto7" tipo="10" longitud="8" posicion="623"/> 
				<campo nombre="importeConcepto8" tipo="10" longitud="8" posicion="631"/> 
				<campo nombre="importeConcepto9" tipo="10" longitud="8" posicion="639"/> 
				<campo nombre="importeConcepto10" tipo="10" longitud="8" posicion="647"/> 
				<campo nombre="importeConcepto11" tipo="10" longitud="8" posicion="655"/> 
				<campo nombre="importeConcepto12" tipo="10" longitud="8" posicion="663"/> 
				<campo nombre="importeConcepto13" tipo="10" longitud="8" posicion="671"/> 
				<campo nombre="importeConcepto14" tipo="10" longitud="8" posicion="679"/> 
				<campo nombre="importeConcepto15" tipo="10" longitud="8" posicion="687"/> 
				<campo nombre="importeConcepto16" tipo="10" longitud="8" posicion="695"/> 
				<campo nombre="importeConcepto17" tipo="10" longitud="8" posicion="703"/> 
				<campo nombre="importeConcepto18" tipo="10" longitud="8" posicion="711"/> 
				<campo nombre="importeConcepto19" tipo="10" longitud="8" posicion="719"/> 
				<campo nombre="importeConcepto20" tipo="10" longitud="8" posicion="727"/> 
				<campo nombre="importeConcepto21" tipo="10" longitud="8" posicion="735"/> 
				<campo nombre="importeConcepto22" tipo="10" longitud="8" posicion="743"/> 
				<campo nombre="importeConcepto23" tipo="10" longitud="8" posicion="751"/> 
				<campo nombre="importeConcepto24" tipo="10" longitud="8" posicion="759"/> 
				<campo nombre="importeConcepto25" tipo="10" longitud="8" posicion="767"/>           	
				<campo nombre="importeConcepto26" tipo="10" longitud="8" posicion="775"/> 
				<campo nombre="importeConcepto27" tipo="10" longitud="8" posicion="783"/> 
				<campo nombre="importeConcepto28" tipo="10" longitud="8" posicion="791"/>
				
				<campo nombre="anoAntiguedad9" tipo="10" longitud="2" posicion="866"/>
				<campo nombre="anoAntiguedad10" tipo="10" longitud="2"/>
				<campo nombre="anoAntiguedad11" tipo="10" longitud="2"/>
				<campo nombre="valorAntiguedad9" tipo="10" longitud="8"/>
				<campo nombre="valorAntiguedad10" tipo="10" longitud="8"/>
				<campo nombre="valorAntiguedad11" tipo="10" longitud="8"/>
				<campo nombre="tipoAntiguedad9" tipo="10" longitud="1"/>
				<campo nombre="tipoAntiguedad10" tipo="10" longitud="1"/>
				<campo nombre="tipoAntiguedad11" tipo="10" longitud="1"/>
			</campos>			
	    </tabla>
	</tablas>
</mdb>	